player1,player2,team,total_p1_to_p2,total_p2_to_p1,total2s_p1_to_p2,total2s_p2_to_p1,total3s_p1_to_p2,total3s_p2_to_p1,total,harmonic_mean,diff_between_sides
Jamal Murray,Nikola Jokić,DEN,170,147,127,86,43,61,317,157.66561514195584,23
Alperen Sengun,Kevin Durant,HOU,110,92,75,87,35,5,202,100.1980198019802,18
Dyson Daniels,Jalen Johnson,ATL,104,79,78,71,26,8,183,89.79234972677595,25
Jalen Johnson,Nickeil Alexander-Walker,ATL,138,61,51,40,87,21,199,84.60301507537689,77
Alperen Sengun,Amen Thompson,HOU,101,71,99,62,2,9,172,83.38372093023256,30
Amen Thompson,Kevin Durant,HOU,100,68,67,65,33,3,168,80.95238095238095,32
Donte DiVincenzo,Julius Randle,MIN,73,83,49,14,24,69,156,77.67948717948718,10
LaMelo Ball,Miles Bridges,CHA,133,48,88,10,45,38,181,70.54143646408839,85
Brandon Ingram,Immanuel Quickley,TOR,56,94,16,56,40,38,150,70.18666666666667,38
Jaylen Brown,Payton Pritchard,BOS,64,77,18,62,46,15,141,69.90070921985816,13
Joel Embiid,Tyrese Maxey,PHI,53,100,33,82,20,18,153,69.28104575163398,47
Immanuel Quickley,Scottie Barnes,TOR,87,56,70,25,17,31,143,68.13986013986013,31
Christian Braun,Nikola Jokić,DEN,48,106,38,88,10,18,154,66.07792207792208,58
Josh Hart,Mikal Bridges,NYK,79,56,48,29,31,27,135,65.54074074074074,23
Michael Porter Jr.,Nic Claxton,BKN,48,97,48,64,0,33,145,64.22068965517241,49
Brandon Miller,LaMelo Ball,CHA,47,101,12,48,35,53,148,64.14864864864865,54
Tyrese Maxey,VJ Edgecombe,PHI,75,56,43,31,32,25,131,64.12213740458016,19
Derrick White,Jaylen Brown,BOS,71,57,54,20,17,37,128,63.234375,14
Cameron Johnson,Nikola Jokić,DEN,47,93,37,52,10,41,140,62.44285714285714,46
Jalen Johnson,Onyeka Okongwu,ATL,104,44,63,28,41,16,148,61.83783783783784,60
Stephon Castle,Victor Wembanyama,SAS,130,40,92,31,38,9,170,61.1764705882353,90
Jalen Brunson,Mikal Bridges,NYK,98,43,50,24,48,19,141,59.773049645390074,55
Anthony Edwards,Julius Randle,MIN,49,73,28,33,21,40,122,58.63934426229508,24
Andrew Nembhard,Pascal Siakam,IND,119,38,91,18,28,20,157,57.605095541401276,81
Jalen Brunson,Josh Hart,NYK,79,45,52,23,27,22,124,57.33870967741935,34
Deni Avdija,Toumani Camara,POR,95,41,21,26,74,15,136,57.279411764705884,54
DeMar DeRozan,Russell Westbrook,SAC,58,54,14,46,44,8,112,55.92857142857143,4
Anthony Black,Paolo Banchero,ORL,44,73,36,45,8,28,117,54.9059829059829,29
Dyson Daniels,Onyeka Okongwu,ATL,73,42,37,41,36,1,115,53.321739130434786,31
LeBron James,Luka Dončić,LAL,40,75,26,59,14,16,115,52.17391304347826,35
Karl-Anthony Towns,Mikal Bridges,NYK,53,51,40,29,13,22,104,51.98076923076923,2
Immanuel Quickley,RJ Barrett,TOR,59,46,32,19,27,27,105,51.695238095238096,13
Kon Knueppel,Miles Bridges,CHA,43,64,19,16,24,48,107,51.4392523364486,21
Amen Thompson,Reed Sheppard,HOU,64,43,13,39,51,4,107,51.4392523364486,21
Derik Queen,Trey Murphy III,NOP,96,35,67,32,29,3,131,51.29770992366412,61
Desmond Bane,Wendell Carter Jr.,ORL,62,43,38,31,24,12,105,50.78095238095238,19
Kon Knueppel,LaMelo Ball,CHA,33,107,10,35,23,72,140,50.44285714285714,74
Draymond Green,Stephen Curry,GSW,90,35,43,22,47,13,125,50.4,55
RJ Barrett,Scottie Barnes,TOR,36,82,30,62,6,20,118,50.03389830508475,46
Kevin Durant,Reed Sheppard,HOU,40,66,13,37,27,29,106,49.81132075471698,26
Devin Booker,Royce O'Neale,PHX,64,40,9,28,55,12,104,49.23076923076923,24
Derrick White,Payton Pritchard,BOS,51,47,16,17,35,30,98,48.91836734693877,4
Jaden McDaniels,Julius Randle,MIN,38,68,24,37,14,31,106,48.75471698113208,30
Desmond Bane,Paolo Banchero,ORL,42,58,30,29,12,29,100,48.72,16
Deni Avdija,Donovan Clingan,POR,79,35,61,20,18,15,114,48.50877192982456,44
Donovan Mitchell,Evan Mobley,CLE,83,34,66,15,17,19,117,48.23931623931624,49
Austin Reaves,LeBron James,LAL,53,44,47,22,6,22,97,48.08247422680412,9
Jalen Brunson,Karl-Anthony Towns,NYK,92,32,70,24,22,8,124,47.483870967741936,60
Saddiq Bey,Trey Murphy III,NOP,56,41,26,19,30,22,97,47.34020618556701,15
Desmond Bane,Jalen Suggs,ORL,39,59,14,38,25,21,98,46.95918367346939,20
Jusuf Nurkić,Keyonte George,UTA,49,45,34,41,15,4,94,46.91489361702128,4
Jabari Smith Jr.,Kevin Durant,HOU,35,71,22,40,13,31,106,46.886792452830186,36
Alperen Sengun,Reed Sheppard,HOU,53,42,13,31,40,11,95,46.863157894736844,11
Quentin Grimes,Tyrese Maxey,PHI,41,54,22,24,19,30,95,46.61052631578947,13
Cade Cunningham,Jalen Duren,DET,137,28,137,23,0,5,165,46.4969696969697,109
LeBron James,Marcus Smart,LAL,48,45,16,40,32,5,93,46.45161290322581,3
Cooper Flagg,Naji Marshall,DAL,53,41,37,33,16,8,94,46.234042553191486,12
Ausar Thompson,Cade Cunningham,DET,33,77,25,75,8,2,110,46.2,44
Dyson Daniels,Nickeil Alexander-Walker,ATL,71,34,31,32,40,2,105,45.98095238095238,37
Collin Gillespie,Oso Ighodaro,PHX,52,41,52,11,0,30,93,45.8494623655914,11
De'Aaron Fox,Stephon Castle,SAS,44,47,23,20,21,27,91,45.45054945054945,3
Anthony Black,Desmond Bane,ORL,49,40,33,23,16,17,89,44.04494382022472,9
Trey Murphy III,Zion Williamson,NOP,46,40,46,12,0,28,86,42.7906976744186,6
Quentin Grimes,VJ Edgecombe,PHI,39,46,16,31,23,15,85,42.21176470588235,7
Anthony Edwards,Donte DiVincenzo,MIN,38,47,8,29,30,18,85,42.023529411764706,9
Mikal Bridges,OG Anunoby,NYK,61,32,26,15,35,17,93,41.97849462365591,29
Brandon Ingram,Scottie Barnes,TOR,38,46,28,32,10,14,84,41.61904761904762,8
Giannis Antetokounmpo,Ryan Rollins,MIL,34,53,10,47,24,6,87,41.42528735632184,19
Collin Gillespie,Devin Booker,PHX,47,37,29,4,18,33,84,41.404761904761905,10
De'Aaron Fox,Victor Wembanyama,SAS,88,27,57,15,31,12,115,41.321739130434786,61
Derrick White,Neemias Queta,BOS,66,30,66,17,0,13,96,41.25,36
Paolo Banchero,Wendell Carter Jr.,ORL,58,32,44,16,14,16,90,41.24444444444445,26
LaMelo Ball,Moussa Diabaté,CHA,40,42,40,19,0,23,82,40.97560975609756,2
Nickeil Alexander-Walker,Onyeka Okongwu,ATL,40,42,22,17,18,25,82,40.97560975609756,2
Brandin Podziemski,Draymond Green,GSW,33,54,12,31,21,23,87,40.96551724137931,21
Jeremiah Fears,Trey Murphy III,NOP,48,35,29,19,19,16,83,40.48192771084337,13
Cooper Flagg,Max Christie,DAL,54,32,15,25,39,7,86,40.18604651162791,22
Nikola Jokić,Tim Hardaway Jr.,DEN,86,26,35,20,51,6,112,39.92857142857143,60
Jalen Suggs,Paolo Banchero,ORL,50,33,41,11,9,22,83,39.75903614457831,17
Devin Vassell,Stephon Castle,SAS,29,62,13,23,16,39,91,39.51648351648352,33
Cade Cunningham,Tobias Harris,DET,66,28,40,13,26,15,94,39.319148936170215,38
Donte DiVincenzo,Jaden McDaniels,MIN,61,29,47,3,14,26,90,39.31111111111111,32
Jake LaRavia,Luka Dončić,LAL,30,57,15,31,15,26,87,39.310344827586206,27
Josh Giddey,Nikola Vučević,CHI,80,26,49,17,31,9,106,39.24528301886792,54
Bam Adebayo,Davion Mitchell,MIA,25,91,11,52,14,39,116,39.224137931034484,66
Austin Reaves,Luka Dončić,LAL,36,43,14,19,22,24,79,39.18987341772152,7
Cade Cunningham,Duncan Robinson,DET,103,24,14,14,89,10,127,38.92913385826772,79
Nikola Jokić,Peyton Watson,DEN,76,26,56,18,20,8,102,38.745098039215684,50
Donovan Mitchell,Jaylon Tyson,CLE,51,31,29,12,22,19,82,38.5609756097561,20
Kawhi Leonard,Kris Dunn,LAC,29,55,13,37,16,18,84,37.976190476190474,26
Brandon Miller,Kon Knueppel,CHA,35,41,11,19,24,22,76,37.76315789473684,6
Jaden McDaniels,Naz Reid,MIN,35,40,18,23,17,17,75,37.333333333333336,5
Myles Turner,Ryan Rollins,MIL,25,69,7,31,18,38,94,36.702127659574465,44
Jrue Holiday,Toumani Camara,POR,62,26,28,12,34,14,88,36.63636363636363,36
Kyle Kuzma,Ryan Rollins,MIL,26,61,15,45,11,16,87,36.45977011494253,35
Jake LaRavia,LeBron James,LAL,26,58,19,39,7,19,84,35.904761904761905,32
Josh Giddey,Tre Jones,CHI,47,29,40,12,7,17,76,35.86842105263158,18
Collin Gillespie,Royce O'Neale,PHX,44,30,3,7,41,23,74,35.67567567567568,14
Derrick White,Sam Hauser,BOS,59,25,10,12,49,13,84,35.11904761904762,34
Bam Adebayo,Pelle Larsson,MIA,28,47,21,32,7,15,75,35.093333333333334,19
Josh Hart,Karl-Anthony Towns,NYK,63,24,41,18,22,6,87,34.758620689655174,39
Bruce Brown,Nikola Jokić,DEN,24,62,18,44,6,18,86,34.604651162790695,38
Matas Buzelis,Nikola Vučević,CHI,34,35,29,17,5,18,69,34.492753623188406,1
Brandon Miller,Miles Bridges,CHA,38,31,18,10,20,21,69,34.14492753623188,7
Jaylen Brown,Neemias Queta,BOS,52,25,52,17,0,8,77,33.76623376623377,27
DeMar DeRozan,Maxime Raynaud,SAC,48,26,42,24,6,2,74,33.729729729729726,22
Cooper Flagg,Ryan Nembhard,DAL,24,56,10,47,14,9,80,33.6,32
Deni Avdija,Jerami Grant,POR,51,25,11,9,40,16,76,33.55263157894737,26
Keyonte George,Kyle Filipowski,UTA,38,30,26,19,12,11,68,33.529411764705884,8
Karl-Anthony Towns,OG Anunoby,NYK,44,27,29,16,15,11,71,33.46478873239437,17
Neemias Queta,Payton Pritchard,BOS,22,68,10,68,12,0,90,33.24444444444445,46
Jabari Smith Jr.,Reed Sheppard,HOU,27,43,5,24,22,19,70,33.17142857142857,16
Sandro Mamukelashvili,Scottie Barnes,TOR,25,49,21,31,4,18,74,33.108108108108105,24
Alperen Sengun,Jabari Smith Jr.,HOU,78,21,39,17,39,4,99,33.09090909090909,57
Kelly Oubre Jr.,Tyrese Maxey,PHI,22,66,15,27,7,39,88,33,44
Bam Adebayo,Norman Powell,MIA,33,33,21,22,12,11,66,33,0
Andrew Wiggins,Bam Adebayo,MIA,34,32,18,12,16,20,66,32.96969696969697,2
Andrew Wiggins,Davion Mitchell,MIA,21,76,8,28,13,48,97,32.90721649484536,55
Jaylin Williams,Shai Gilgeous-Alexander,OKC,24,50,19,11,5,39,74,32.432432432432435,26
Derik Queen,Jeremiah Fears,NOP,36,29,24,25,12,4,65,32.12307692307692,7
Luka Dončić,Marcus Smart,LAL,47,24,14,12,33,12,71,31.774647887323944,23
Donte DiVincenzo,Rudy Gobert,MIN,43,25,43,4,0,21,68,31.61764705882353,18
Jamal Shead,Scottie Barnes,TOR,75,20,67,8,8,12,95,31.57894736842105,55
Anthony Edwards,Rudy Gobert,MIN,36,28,36,14,0,14,64,31.5,8
De'Aaron Fox,Harrison Barnes,SAS,49,23,17,16,32,7,72,31.305555555555557,26
Brandon Ingram,Jamal Shead,TOR,20,71,5,45,15,26,91,31.208791208791208,51
Dru Smith,Jaime Jaquez Jr.,MIA,35,28,28,16,7,12,63,31.11111111111111,7
Jeremiah Fears,Saddiq Bey,NOP,44,24,20,15,24,9,68,31.058823529411764,20
Keyonte George,Lauri Markkanen,UTA,83,19,57,10,26,9,102,30.92156862745098,64
Jamal Shead,Sandro Mamukelashvili,TOR,82,19,52,6,30,13,101,30.85148514851485,63
Deni Avdija,Jrue Holiday,POR,23,45,10,27,13,18,68,30.441176470588236,22
Dylan Harper,Keldon Johnson,SAS,45,23,25,16,20,7,68,30.441176470588236,22
DeMar DeRozan,Malik Monk,SAC,27,34,6,28,21,6,61,30.098360655737704,7
Davion Mitchell,Jaime Jaquez Jr.,MIA,42,23,30,8,12,15,65,29.723076923076924,19
Anthony Edwards,Jaden McDaniels,MIN,39,24,29,12,10,12,63,29.714285714285715,15
De'Aaron Fox,Keldon Johnson,SAS,56,20,32,10,24,10,76,29.473684210526315,36
Devin Vassell,Victor Wembanyama,SAS,34,26,28,11,6,15,60,29.466666666666665,8
Devin Booker,Oso Ighodaro,PHX,34,26,34,18,0,8,60,29.466666666666665,8
Paolo Banchero,Tristan da Silva,ORL,48,21,22,18,26,3,69,29.217391304347824,27
Paul George,VJ Edgecombe,PHI,25,35,13,14,12,21,60,29.166666666666668,10
Alex Sarr,Kyshawn George,WAS,22,43,7,30,15,13,65,29.107692307692307,21
Brandin Podziemski,Moses Moody,GSW,43,22,9,13,34,9,65,29.107692307692307,21
Ayo Dosunmu,Nikola Vučević,CHI,30,28,20,14,10,14,58,28.96551724137931,2
Donte DiVincenzo,Naz Reid,MIN,39,23,20,4,19,19,62,28.93548387096774,16
Bobby Portis,Ryan Rollins,MIL,18,72,5,41,13,31,90,28.8,54
Nikola Vučević,Tre Jones,CHI,21,45,13,28,8,17,66,28.636363636363637,24
Joel Embiid,VJ Edgecombe,PHI,22,41,8,32,14,9,63,28.634920634920636,19
Egor Dëmin,Michael Porter Jr.,BKN,44,21,22,4,22,17,65,28.43076923076923,23
Ivica Zubac,James Harden,LAC,17,86,8,86,9,0,103,28.388349514563107,69
Devin Booker,Grayson Allen,PHX,37,23,7,13,30,10,60,28.366666666666667,14
Bones Hyland,Naz Reid,MIN,43,21,19,7,24,14,64,28.21875,22
Russell Westbrook,Zach LaVine,SAC,54,19,28,6,26,13,73,28.10958904109589,35
Egor Dëmin,Noah Clowney,BKN,42,21,10,5,32,16,63,28,21
Bam Adebayo,Jaime Jaquez Jr.,MIA,20,46,15,33,5,13,66,27.87878787878788,26
CJ McCollum,Jalen Johnson,ATL,26,30,15,17,11,13,56,27.857142857142858,4
Draymond Green,Jimmy Butler III,GSW,33,24,31,9,2,15,57,27.789473684210527,9
Ausar Thompson,Duncan Robinson,DET,37,22,11,22,26,0,59,27.593220338983052,15
Brandon Ingram,RJ Barrett,TOR,40,21,24,13,16,8,61,27.540983606557376,19
Jalen Brunson,OG Anunoby,NYK,72,17,34,6,38,11,89,27.50561797752809,55
Cason Wallace,Shai Gilgeous-Alexander,OKC,19,49,14,19,5,30,68,27.38235294117647,30
Jalen Duren,Tobias Harris,DET,22,36,19,36,3,0,58,27.310344827586206,14
Bones Hyland,Julius Randle,MIN,36,22,28,8,8,14,58,27.310344827586206,14
Aaron Gordon,Nikola Jokić,DEN,18,56,17,36,1,20,74,27.243243243243242,38
Julius Randle,Naz Reid,MIN,55,18,17,12,38,6,73,27.123287671232877,37
Andrew Nembhard,Jay Huff,IND,67,17,32,9,35,8,84,27.11904761904762,50
Paul George,Tyrese Maxey,PHI,23,33,15,10,8,23,56,27.107142857142858,10
Harrison Barnes,Victor Wembanyama,SAS,42,20,36,8,6,12,62,27.096774193548388,22
Brandin Podziemski,Gui Santos,GSW,31,24,15,12,16,12,55,27.054545454545455,7
Egor Dëmin,Nic Claxton,BKN,24,31,23,12,1,19,55,27.054545454545455,7
Evan Mobley,Sam Merrill,CLE,31,24,11,20,20,4,55,27.054545454545455,7
Brandon Ingram,Sandro Mamukelashvili,TOR,35,22,14,13,21,9,57,27.017543859649123,13
Ausar Thompson,Tobias Harris,DET,28,26,15,25,13,1,54,26.962962962962962,2
AJ Green,Giannis Antetokounmpo,MIL,20,41,17,6,3,35,61,26.885245901639344,21
Collin Gillespie,Jordan Goodwin,PHX,37,21,14,7,23,14,58,26.79310344827586,16
Aaron Nesmith,Pascal Siakam,IND,23,32,15,7,8,25,55,26.763636363636362,9
Grayson Allen,Royce O'Neale,PHX,32,23,4,12,28,11,55,26.763636363636362,9
Christian Braun,Jamal Murray,DEN,22,34,8,21,14,13,56,26.714285714285715,12
Evan Mobley,Jaylon Tyson,CLE,40,20,20,18,20,2,60,26.666666666666668,20
Julius Randle,Mike Conley,MIN,24,30,5,25,19,5,54,26.666666666666668,6
Shaedon Sharpe,Toumani Camara,POR,30,24,8,14,22,10,54,26.666666666666668,6
CJ McCollum,Nickeil Alexander-Walker,ATL,33,22,9,11,24,11,55,26.4,11
Deandre Ayton,Luka Dončić,LAL,15,109,8,109,7,0,124,26.370967741935484,94
Kon Knueppel,Sion James,CHA,20,38,5,8,15,30,58,26.20689655172414,18
Jeremiah Fears,Zion Williamson,NOP,37,20,36,12,1,8,57,25.964912280701753,17
Alex Caruso,Shai Gilgeous-Alexander,OKC,21,34,19,19,2,15,55,25.963636363636365,13
Duncan Robinson,Jalen Duren,DET,34,21,34,6,0,15,55,25.963636363636365,13
Deni Avdija,Shaedon Sharpe,POR,46,18,32,9,14,9,64,25.875,28
Ja'Kobe Walter,Scottie Barnes,TOR,22,31,17,14,5,17,53,25.735849056603772,9
Devin Booker,Jordan Goodwin,PHX,31,22,7,16,24,6,53,25.735849056603772,9
Brook Lopez,Kawhi Leonard,LAC,21,33,14,14,7,19,54,25.666666666666668,12
Amen Thompson,Jabari Smith Jr.,HOU,86,15,37,12,49,3,101,25.544554455445546,71
Jakob Poeltl,Scottie Barnes,TOR,16,63,12,63,4,0,79,25.518987341772153,47
Anfernee Simons,Derrick White,BOS,25,26,14,9,11,17,51,25.49019607843137,1
Kevin Durant,Tari Eason,HOU,35,20,19,9,16,11,55,25.454545454545453,15
Max Christie,Naji Marshall,DAL,21,32,11,11,10,21,53,25.358490566037737,11
Ace Bailey,Jusuf Nurkić,UTA,18,42,17,28,1,14,60,25.2,24
AJ Green,Ryan Rollins,MIL,17,48,2,4,15,44,65,25.107692307692307,31
Chet Holmgren,Isaiah Hartenstein,OKC,19,37,19,30,0,7,56,25.107142857142858,18
Amen Thompson,Tari Eason,HOU,29,22,9,20,20,2,51,25.019607843137255,7
Saddiq Bey,Zion Williamson,NOP,18,41,18,17,0,24,59,25.016949152542374,23
Dominick Barlow,Tyrese Maxey,PHI,19,36,9,30,10,6,55,24.87272727272727,17
Alex Sarr,Khris Middleton,WAS,18,40,10,35,8,5,58,24.82758620689655,22
Desmond Bane,Franz Wagner,ORL,30,21,22,11,8,10,51,24.705882352941178,9
Jamal Murray,Peyton Watson,DEN,54,16,30,4,24,12,70,24.685714285714287,38
Ausar Thompson,Jalen Duren,DET,45,17,45,16,0,1,62,24.677419354838708,28
James Harden,Kris Dunn,LAC,39,18,19,6,20,12,57,24.63157894736842,21
Maxime Raynaud,Russell Westbrook,SAC,14,102,8,97,6,5,116,24.620689655172413,88
Kon Knueppel,Ryan Kalkbrenner,CHA,32,20,32,9,0,11,52,24.615384615384617,12
Trendon Watford,Tyrese Maxey,PHI,32,20,16,17,16,3,52,24.615384615384617,12
Julian Champagnie,Victor Wembanyama,SAS,25,24,19,7,6,17,49,24.489795918367346,1
Brandon Williams,Cooper Flagg,DAL,26,23,22,16,4,7,49,24.408163265306122,3
Brandon Ingram,Collin Murray-Boyles,TOR,34,19,30,11,4,8,53,24.37735849056604,15
De'Aaron Fox,Dylan Harper,SAS,29,21,21,9,8,12,50,24.36,8
Jarrett Allen,Sam Merrill,CLE,20,31,7,31,13,0,51,24.313725490196077,11
De'Aaron Fox,Julian Champagnie,SAS,50,16,12,10,38,6,66,24.242424242424242,34
Pascal Siakam,T.J. McConnell,IND,18,37,14,23,4,14,55,24.21818181818182,19
Cam Spencer,Santi Aldama,MEM,49,16,30,5,19,11,65,24.123076923076923,33
Payton Pritchard,Sam Hauser,BOS,48,16,6,3,42,13,64,24,32
Donovan Mitchell,Jarrett Allen,CLE,48,16,48,11,0,5,64,24,32
Andrew Wiggins,Jaime Jaquez Jr.,MIA,20,30,17,17,3,13,50,24,10
Brice Sensabaugh,Kyle Filipowski,UTA,23,25,16,10,7,15,48,23.958333333333332,2
Andrew Wiggins,Pelle Larsson,MIA,19,32,13,18,6,14,51,23.84313725490196,13
Cody Williams,Kyle Filipowski,UTA,26,22,18,20,8,2,48,23.833333333333332,4
Coby White,Nikola Vučević,CHI,39,17,28,8,11,9,56,23.678571428571427,22
Bruce Brown,Jamal Murray,DEN,20,29,11,16,9,13,49,23.6734693877551,9
Michael Porter Jr.,Noah Clowney,BKN,20,29,9,13,11,16,49,23.6734693877551,9
Andrew Wiggins,Norman Powell,MIA,29,20,14,9,15,11,49,23.6734693877551,9
Jaylen Brown,Sam Hauser,BOS,34,18,7,13,27,5,52,23.53846153846154,16
Jimmy Butler III,Stephen Curry,GSW,23,24,6,20,17,4,47,23.48936170212766,1
Cason Wallace,Isaiah Hartenstein,OKC,23,24,23,14,0,10,47,23.48936170212766,1
Luka Dončić,Rui Hachimura,LAL,70,14,35,4,35,10,84,23.333333333333332,56
Collin Sexton,Kon Knueppel,CHA,37,17,20,10,17,7,54,23.296296296296298,20
Bub Carrington,Tre Johnson,WAS,33,18,14,6,19,12,51,23.294117647058822,15
Immanuel Quickley,Jakob Poeltl,TOR,30,19,30,10,0,9,49,23.26530612244898,11
Dillon Brooks,Royce O'Neale,PHX,21,26,3,11,18,15,47,23.23404255319149,5
Devin Booker,Dillon Brooks,PHX,66,14,26,10,40,4,80,23.1,52
Herbert Jones,Trey Murphy III,NOP,24,22,14,6,10,16,46,22.956521739130434,2
Donovan Mitchell,Sam Merrill,CLE,35,17,6,7,29,10,52,22.884615384615383,18
Ace Bailey,Keyonte George,UTA,17,35,9,24,8,11,52,22.884615384615383,18
Anfernee Simons,Jaylen Brown,BOS,21,25,13,4,8,21,46,22.82608695652174,4
Bam Adebayo,Tyler Herro,MIA,21,25,11,19,10,6,46,22.82608695652174,4
Cam Spencer,Jock Landale,MEM,34,17,25,4,9,13,51,22.666666666666668,17
Kon Knueppel,Moussa Diabaté,CHA,20,26,20,16,0,10,46,22.608695652173914,6
Josh Giddey,Matas Buzelis,CHI,85,13,47,3,38,10,98,22.551020408163264,72
CJ McCollum,Onyeka Okongwu,ATL,30,18,16,8,14,10,48,22.5,12
DeMar DeRozan,Dennis Schröder,SAC,18,30,6,22,12,8,48,22.5,12
Bub Carrington,Kyshawn George,WAS,23,22,13,9,10,13,45,22.488888888888887,1
Austin Reaves,Deandre Ayton,LAL,57,14,57,5,0,9,71,22.47887323943662,43
Julian Champagnie,Stephon Castle,SAS,13,81,9,20,4,61,94,22.404255319148938,68
Cam Spencer,Kentavious Caldwell-Pope,MEM,24,21,14,8,10,13,45,22.4,3
Pelle Larsson,Tyler Herro,MIA,24,21,15,13,9,8,45,22.4,3
Immanuel Quickley,Sandro Mamukelashvili,TOR,44,15,25,4,19,11,59,22.372881355932204,29
Derik Queen,Saddiq Bey,NOP,37,16,25,9,12,7,53,22.339622641509433,21
Anthony Black,Wendell Carter Jr.,ORL,43,15,30,10,13,5,58,22.24137931034483,28
Giannis Antetokounmpo,Myles Turner,MIL,43,15,16,14,27,1,58,22.24137931034483,28
Jaime Jaquez Jr.,Pelle Larsson,MIA,29,18,23,15,6,3,47,22.21276595744681,11
Keyonte George,Svi Mykhailiuk,UTA,32,17,9,5,23,12,49,22.20408163265306,15
Ace Bailey,Kyle Filipowski,UTA,17,32,10,20,7,12,49,22.20408163265306,15
Devin Booker,Mark Williams,PHX,53,14,53,10,0,4,67,22.149253731343283,39
Julius Randle,Rudy Gobert,MIN,42,15,42,10,0,5,57,22.105263157894736,27
Jamal Murray,Jonas Valančiūnas,DEN,42,15,40,10,2,5,57,22.105263157894736,27
Alex Sarr,Bub Carrington,WAS,15,42,3,37,12,5,57,22.105263157894736,27
Jusuf Nurkić,Lauri Markkanen,UTA,41,15,30,10,11,5,56,21.964285714285715,26
Desmond Bane,Tristan da Silva,ORL,26,19,13,11,13,8,45,21.955555555555556,7
De'Aaron Fox,Luke Kornet,SAS,23,21,23,14,0,7,44,21.954545454545453,2
Grayson Allen,Oso Ighodaro,PHX,23,21,23,4,0,17,44,21.954545454545453,2
Jakob Poeltl,RJ Barrett,TOR,17,30,15,30,2,0,47,21.70212765957447,13
Jaden McDaniels,Rudy Gobert,MIN,39,15,39,11,0,4,54,21.666666666666668,24
Jaime Jaquez Jr.,Simone Fontecchio,MIA,39,15,14,10,25,5,54,21.666666666666668,24
Bobby Portis,Kyle Kuzma,MIL,19,25,10,15,9,10,44,21.59090909090909,6
Davion Mitchell,Pelle Larsson,MIA,47,14,29,7,18,7,61,21.57377049180328,33
Gary Payton II,Stephen Curry,GSW,17,29,6,26,11,3,46,21.434782608695652,12
AJ Green,Kyle Kuzma,MIL,23,20,15,1,8,19,43,21.3953488372093,3
DeMar DeRozan,Zach LaVine,SAC,37,15,17,8,20,7,52,21.346153846153847,22
Nic Claxton,Nolan Traore,BKN,16,32,12,32,4,0,48,21.333333333333332,16
Alex Sarr,CJ McCollum,WAS,18,26,9,20,9,6,44,21.272727272727273,8
Davion Mitchell,Norman Powell,MIA,93,12,44,6,49,6,105,21.257142857142856,81
Alex Sarr,Tre Johnson,WAS,19,24,8,18,11,6,43,21.209302325581394,5
Jarace Walker,Pascal Siakam,IND,19,24,17,13,2,11,43,21.209302325581394,5
Donovan Clingan,Jrue Holiday,POR,13,56,9,45,4,11,69,21.10144927536232,43
Davion Mitchell,Tyler Herro,MIA,35,15,17,7,18,8,50,21,20
Kevin Huerter,Nikola Vučević,CHI,21,21,18,13,3,8,42,21,0
Brice Sensabaugh,Cody Williams,UTA,18,25,15,12,3,13,43,20.930232558139537,7
Duncan Robinson,Tobias Harris,DET,18,25,10,8,8,17,43,20.930232558139537,7
Naji Marshall,P.J. Washington,DAL,30,16,16,11,14,5,46,20.869565217391305,14
De'Andre Hunter,Evan Mobley,CLE,17,27,14,20,3,7,44,20.863636363636363,10
Jordan Miller,Kobe Sanders,LAC,23,19,7,12,16,7,42,20.80952380952381,4
Jalen Williams,Shai Gilgeous-Alexander,OKC,19,23,14,12,5,11,42,20.80952380952381,4
Collin Gillespie,Grayson Allen,PHX,40,14,11,2,29,12,54,20.74074074074074,26
Collin Murray-Boyles,Scottie Barnes,TOR,14,40,8,36,6,4,54,20.74074074074074,26
Cameron Johnson,Jamal Murray,DEN,15,33,4,6,11,27,48,20.625,18
Dylan Harper,Stephon Castle,SAS,21,20,9,11,12,9,41,20.48780487804878,1
Jalen Suggs,Wendell Carter Jr.,ORL,38,14,29,6,9,8,52,20.46153846153846,24
Harrison Barnes,Stephon Castle,SAS,13,48,5,12,8,36,61,20.459016393442624,35
Isaiah Collier,Kyle Filipowski,UTA,48,13,31,12,17,1,61,20.459016393442624,35
Franz Wagner,Jalen Suggs,ORL,15,32,6,26,9,6,47,20.425531914893618,17
Jordan Poole,Zion Williamson,NOP,22,19,22,4,0,15,41,20.390243902439025,3
Bub Carrington,Justin Champagnie,WAS,47,13,36,2,11,11,60,20.366666666666667,34
Herbert Jones,Zion Williamson,NOP,28,16,28,9,0,7,44,20.363636363636363,12
Luka Garza,Payton Pritchard,BOS,14,37,10,20,4,17,51,20.313725490196077,23
Darius Garland,Donovan Mitchell,CLE,25,17,14,5,11,12,42,20.238095238095237,8
Brice Sensabaugh,Isaiah Collier,UTA,12,64,10,32,2,32,76,20.210526315789473,52
Baylor Scheierman,Derrick White,BOS,18,23,4,6,14,17,41,20.195121951219512,5
Jaxson Hayes,Luka Dončić,LAL,12,62,4,62,8,0,74,20.10810810810811,50
Brandon Miller,Moussa Diabaté,CHA,16,27,16,12,0,15,43,20.093023255813954,11
Jalen Brunson,Mitchell Robinson,NYK,35,14,35,4,0,10,49,20,21
Nic Claxton,Terance Mann,BKN,15,30,9,29,6,1,45,20,15
Alex Sarr,Bilal Coulibaly,WAS,17,24,11,18,6,6,41,19.902439024390244,7
Dylan Harper,Victor Wembanyama,SAS,34,14,23,7,11,7,48,19.833333333333332,20
Nic Claxton,Noah Clowney,BKN,34,14,13,13,21,1,48,19.833333333333332,20
Cade Cunningham,Isaiah Stewart,DET,57,12,48,10,9,2,69,19.82608695652174,45
Derrick Jones Jr.,Kawhi Leonard,LAC,16,26,11,13,5,13,42,19.80952380952381,10
Jalen Green,Oso Ighodaro,PHX,18,22,18,17,0,5,40,19.8,4
Jalen Brunson,Jordan Clarkson,NYK,29,15,15,5,14,10,44,19.772727272727273,14
Josh Hart,OG Anunoby,NYK,40,13,17,9,23,4,53,19.62264150943396,27
Brandin Podziemski,Stephen Curry,GSW,23,17,8,12,15,5,40,19.55,6
Ivica Zubac,Kawhi Leonard,LAC,17,23,13,23,4,0,40,19.55,6
Dominick Barlow,VJ Edgecombe,PHI,16,25,8,19,8,6,41,19.51219512195122,9
James Harden,Kawhi Leonard,LAC,52,12,28,2,24,10,64,19.5,40
Jaime Jaquez Jr.,Tyler Herro,MIA,20,19,11,14,9,5,39,19.487179487179485,1
Al Horford,Brandin Podziemski,GSW,19,20,9,6,10,14,39,19.487179487179485,1
Anthony Black,Jalen Suggs,ORL,14,32,6,25,8,7,46,19.47826086956522,18
John Collins,Kawhi Leonard,LAC,14,32,10,21,4,11,46,19.47826086956522,18
Aaron Gordon,Jamal Murray,DEN,13,38,6,26,7,12,51,19.372549019607842,25
Ivica Zubac,Kris Dunn,LAC,15,27,12,27,3,0,42,19.285714285714285,12
Chet Holmgren,Jalen Williams,OKC,12,49,12,30,0,19,61,19.278688524590162,37
Jalen Brunson,Landry Shamet,NYK,37,13,14,5,23,8,50,19.24,24
Karl-Anthony Towns,Miles McBride,NYK,16,24,6,13,10,11,40,19.2,8
AJ Green,Myles Turner,MIL,30,14,11,1,19,13,44,19.09090909090909,16
Michael Porter Jr.,Terance Mann,BKN,12,46,8,21,4,25,58,19.03448275862069,34
Bones Hyland,Donte DiVincenzo,MIN,26,15,7,3,19,12,41,19.024390243902438,11
Devin Vassell,Dylan Harper,SAS,15,26,10,9,5,17,41,19.024390243902438,11
Collin Sexton,Miles Bridges,CHA,26,15,14,10,12,5,41,19.024390243902438,11
Kawhi Leonard,Kobe Sanders,LAC,26,15,9,10,17,5,41,19.024390243902438,11
Deandre Ayton,LeBron James,LAL,11,70,8,70,3,0,81,19.012345679012345,59
Khris Middleton,Kyshawn George,WAS,19,19,4,12,15,7,38,19,0
Cason Wallace,Jaylin Williams,OKC,19,19,7,11,12,8,38,19,0
Jarace Walker,Jay Huff,IND,35,13,23,8,12,5,48,18.958333333333332,22
Jay Huff,Pascal Siakam,IND,14,29,13,13,1,16,43,18.88372093023256,15
Herbert Jones,Saddiq Bey,NOP,29,14,12,6,17,8,43,18.88372093023256,15
Ayo Dosunmu,Matas Buzelis,CHI,29,14,13,6,16,8,43,18.88372093023256,15
Anthony Davis,Cooper Flagg,DAL,16,23,13,22,3,1,39,18.871794871794872,7
Max Christie,P.J. Washington,DAL,15,25,12,8,3,17,40,18.75,10
Jaime Jaquez Jr.,Norman Powell,MIA,42,12,25,11,17,1,54,18.666666666666668,30
Donovan Clingan,Toumani Camara,POR,22,16,18,6,4,10,38,18.526315789473685,6
Draymond Green,Gui Santos,GSW,24,15,18,9,6,6,39,18.46153846153846,9
Brandin Podziemski,Gary Payton II,GSW,20,17,10,6,10,11,37,18.37837837837838,3
Devin Vassell,Julian Champagnie,SAS,20,17,6,4,14,13,37,18.37837837837838,3
Jaime Jaquez Jr.,Nikola Jović,MIA,17,20,10,15,7,5,37,18.37837837837838,3
Julian Strawther,Nikola Jokić,DEN,13,31,9,18,4,13,44,18.318181818181817,18
Day'Ron Sharpe,Michael Porter Jr.,BKN,31,13,19,12,12,1,44,18.318181818181817,18
De'Aaron Fox,Devin Vassell,SAS,53,11,18,7,35,4,64,18.21875,42
Anthony Edwards,Naz Reid,MIN,30,13,15,4,15,9,43,18.13953488372093,17
Bub Carrington,Marvin Bagley III,WAS,30,13,30,2,0,11,43,18.13953488372093,17
Jerami Grant,Jrue Holiday,POR,13,30,4,13,9,17,43,18.13953488372093,17
Brandon Williams,Naji Marshall,DAL,37,12,34,10,3,2,49,18.122448979591837,25
Jaylen Wells,Santi Aldama,MEM,18,18,12,9,6,9,36,18,0
Daniss Jenkins,Tobias Harris,DET,29,13,17,6,12,7,42,17.952380952380953,16
Bones Hyland,Jaden McDaniels,MIN,25,14,19,2,6,12,39,17.94871794871795,11
Egor Dëmin,Terance Mann,BKN,17,19,8,3,9,16,36,17.944444444444443,2
Kevin Porter Jr.,Kyle Kuzma,MIL,48,11,33,6,15,5,59,17.89830508474576,37
Cade Cunningham,Ronald Holland II,DET,35,12,23,8,12,4,47,17.872340425531913,23
Kentavious Caldwell-Pope,Santi Aldama,MEM,20,16,13,9,7,7,36,17.77777777777778,4
Jalen Johnson,Vít Krejčí,ATL,34,12,8,7,26,5,46,17.73913043478261,22
Isaac Okoro,Josh Giddey,CHI,11,44,4,26,7,18,55,17.6,33
Jerami Grant,Toumani Camara,POR,13,27,3,10,10,17,40,17.55,14
Collin Gillespie,Ryan Dunn,PHX,27,13,15,5,12,8,40,17.55,14
Brandin Podziemski,Jimmy Butler III,GSW,21,15,14,5,7,10,36,17.5,6
Jaren Jackson Jr.,Santi Aldama,MEM,17,18,11,9,6,9,35,17.485714285714284,1
Jarrett Allen,Jaylon Tyson,CLE,19,16,12,16,7,0,35,17.37142857142857,3
Brandon Williams,Klay Thompson,DAL,41,11,12,8,29,3,52,17.346153846153847,30
Jalen Johnson,Zaccharie Risacher,ATL,65,10,43,6,22,4,75,17.333333333333332,55
Kevin Huerter,Tre Jones,CHI,12,31,9,24,3,7,43,17.302325581395348,19
Jock Landale,Kentavious Caldwell-Pope,MEM,12,31,7,22,5,9,43,17.302325581395348,19
LeBron James,Rui Hachimura,LAL,40,11,23,8,17,3,51,17.254901960784313,29
John Collins,Kris Dunn,LAC,10,61,3,44,7,17,71,17.183098591549296,51
Derik Queen,Herbert Jones,NOP,20,15,14,13,6,2,35,17.142857142857142,5
Luke Kennard,Onyeka Okongwu,ATL,20,15,10,8,10,7,35,17.142857142857142,5
Devin Vassell,Keldon Johnson,SAS,20,15,15,7,5,8,35,17.142857142857142,5
Anthony Gill,Will Riley,WAS,15,20,9,17,6,3,35,17.142857142857142,5
Brook Lopez,Kris Dunn,LAC,13,25,2,7,11,18,38,17.105263157894736,12
Cam Spencer,Cedric Coward,MEM,29,12,17,3,12,9,41,16.975609756097562,17
Danny Wolf,Day'Ron Sharpe,BKN,18,16,18,12,0,4,34,16.941176470588236,2
Joel Embiid,Quentin Grimes,PHI,16,18,5,11,11,7,34,16.941176470588236,2
Tristan da Silva,Wendell Carter Jr.,ORL,16,18,14,8,2,10,34,16.941176470588236,2
Aaron Nesmith,Andrew Nembhard,IND,10,55,3,27,7,28,65,16.923076923076923,45
Bobby Portis,Kevin Porter Jr.,MIL,10,54,7,26,3,28,64,16.875,44
Ajay Mitchell,Shai Gilgeous-Alexander,OKC,13,24,8,14,5,10,37,16.864864864864863,11
De'Anthony Melton,Draymond Green,GSW,13,24,7,15,6,9,37,16.864864864864863,11
Darius Garland,Evan Mobley,CLE,28,12,22,10,6,2,40,16.8,16
Josh Giddey,Kevin Huerter,CHI,28,12,12,7,16,5,40,16.8,16
Cedric Coward,Jaren Jackson Jr.,MEM,21,14,17,5,4,9,35,16.8,7
Gary Payton II,Gui Santos,GSW,15,19,12,15,3,4,34,16.764705882352942,4
Jordan Goodwin,Oso Ighodaro,PHX,19,15,19,7,0,8,34,16.764705882352942,4
Dylan Harper,Julian Champagnie,SAS,35,11,9,4,26,7,46,16.73913043478261,24
Luguentz Dort,Shai Gilgeous-Alexander,OKC,10,51,9,9,1,42,61,16.721311475409838,41
Brandon Williams,Max Christie,DAL,27,12,7,6,20,6,39,16.615384615384617,15
Draymond Green,Moses Moody,GSW,27,12,7,7,20,5,39,16.615384615384617,15
Jaime Jaquez Jr.,Kel'el Ware,MIA,48,10,26,7,22,3,58,16.551724137931036,38
Keldon Johnson,Stephon Castle,SAS,11,33,10,16,1,17,44,16.5,22
CJ McCollum,Dyson Daniels,ATL,11,33,9,17,2,16,44,16.5,22
Chet Holmgren,Luguentz Dort,OKC,17,16,6,12,11,4,33,16.484848484848484,1
Sidy Cissoko,Toumani Camara,POR,16,17,8,6,8,11,33,16.484848484848484,1
Andre Drummond,Tyrese Maxey,PHI,16,17,9,12,7,5,33,16.484848484848484,1
CJ McCollum,Kyshawn George,WAS,17,16,4,7,13,9,33,16.484848484848484,1
Ajay Mitchell,Isaiah Hartenstein,OKC,20,14,20,12,0,2,34,16.470588235294116,6
Deni Avdija,Robert Williams III,POR,32,11,32,7,0,4,43,16.372093023255815,21
Dean Wade,Donovan Mitchell,CLE,11,32,5,8,6,24,43,16.372093023255815,21
Daniss Jenkins,Duncan Robinson,DET,32,11,11,6,21,5,43,16.372093023255815,21
Ayo Dosunmu,Julius Randle,MIN,18,15,14,8,4,7,33,16.363636363636363,3
Devin Vassell,Harrison Barnes,SAS,13,22,6,11,7,11,35,16.34285714285714,9
Chet Holmgren,Shai Gilgeous-Alexander,OKC,9,85,5,61,4,24,94,16.27659574468085,76
Matas Buzelis,Tre Jones,CHI,10,43,6,18,4,25,53,16.22641509433962,33
Daniss Jenkins,Paul Reed,DET,25,12,22,6,3,6,37,16.216216216216218,13
Kyle Kuzma,Myles Turner,MIL,25,12,12,8,13,4,37,16.216216216216218,13
Devin Booker,Ryan Dunn,PHX,25,12,9,9,16,3,37,16.216216216216218,13
Desmond Bane,Goga Bitadze,ORL,14,19,14,15,0,4,33,16.12121212121212,5
Jrue Holiday,Scoot Henderson,POR,14,19,9,7,5,12,33,16.12121212121212,5
Jalen Johnson,Kristaps Porziņģis,ATL,19,14,12,13,7,1,33,16.12121212121212,5
Grayson Allen,Mark Williams,PHX,30,11,30,5,0,6,41,16.097560975609756,19
Jose Alvarado,Trey Murphy III,NOP,21,13,11,5,10,8,34,16.058823529411764,8
Justin Edwards,Quentin Grimes,PHI,13,21,4,9,9,12,34,16.058823529411764,8
Cody Williams,Isaiah Collier,UTA,11,29,10,25,1,4,40,15.95,18
Brandon Williams,P.J. Washington,DAL,29,11,20,8,9,3,40,15.95,18
Brandon Miller,Sion James,CHA,15,17,4,1,11,16,32,15.9375,2
Amen Thompson,Josh Okogie,HOU,17,15,5,13,12,2,32,15.9375,2
Cam Spencer,Jaylen Wells,MEM,38,10,22,6,16,4,48,15.833333333333334,28
Joel Embiid,Paul George,PHI,11,28,5,22,6,6,39,15.794871794871796,17
Aaron Nesmith,T.J. McConnell,IND,11,28,10,9,1,19,39,15.794871794871796,17
De'Andre Hunter,Donovan Mitchell,CLE,11,28,5,17,6,11,39,15.794871794871796,17
DeMar DeRozan,Nique Clifford,SAC,23,12,11,9,12,3,35,15.771428571428572,11
Craig Porter Jr.,Evan Mobley,CLE,23,12,15,7,8,5,35,15.771428571428572,11
Grayson Allen,Jordan Goodwin,PHX,13,20,6,7,7,13,33,15.757575757575758,7
Brandon Ingram,Jakob Poeltl,TOR,13,20,13,15,0,5,33,15.757575757575758,7
Kevin Porter Jr.,Ryan Rollins,MIL,20,13,8,4,12,9,33,15.757575757575758,7
Justin Edwards,Tyrese Maxey,PHI,13,20,8,6,5,14,33,15.757575757575758,7
Herbert Jones,Jeremiah Fears,NOP,14,18,9,5,5,13,32,15.75,4
Anthony Black,Tristan da Silva,ORL,18,14,10,10,8,4,32,15.75,4
Onyeka Okongwu,Vít Krejčí,ATL,18,14,8,9,10,5,32,15.75,4
Precious Achiuwa,Russell Westbrook,SAC,10,36,3,29,7,7,46,15.652173913043478,26
Jusuf Nurkić,Svi Mykhailiuk,UTA,22,12,15,11,7,1,34,15.529411764705882,10
Baylor Scheierman,Jaylen Brown,BOS,12,22,7,4,5,18,34,15.529411764705882,10
Gary Trent Jr.,Giannis Antetokounmpo,MIL,16,15,15,2,1,13,31,15.483870967741936,1
Brandin Podziemski,De'Anthony Melton,GSW,15,16,6,5,9,11,31,15.483870967741936,1
Ayo Dosunmu,Tre Jones,CHI,11,26,11,14,0,12,37,15.45945945945946,15
Klay Thompson,Naji Marshall,DAL,10,34,6,6,4,28,44,15.454545454545455,24
Franz Wagner,Paolo Banchero,ORL,13,19,8,13,5,6,32,15.4375,6
Ben Sheppard,Jay Huff,IND,14,17,7,6,7,11,31,15.35483870967742,3
Austin Reaves,Jake LaRavia,LAL,17,14,12,6,5,8,31,15.35483870967742,3
Josh Hart,Miles McBride,NYK,17,14,6,10,11,4,31,15.35483870967742,3
Jericho Sims,Ryan Rollins,MIL,14,17,8,17,6,0,31,15.35483870967742,3
Donovan Clingan,Jerami Grant,POR,25,11,14,6,11,5,36,15.277777777777779,14
Andrew Nembhard,Bennedict Mathurin,IND,25,11,12,3,13,8,36,15.277777777777779,14
Peyton Watson,Tim Hardaway Jr.,DEN,21,12,4,7,17,5,33,15.272727272727273,9
Kevin Porter Jr.,Myles Turner,MIL,32,10,11,5,21,5,42,15.238095238095237,22
Jarace Walker,T.J. McConnell,IND,9,48,7,18,2,30,57,15.157894736842104,39
Cooper Flagg,P.J. Washington,DAL,31,10,18,8,13,2,41,15.121951219512194,21
Kelly Oubre Jr.,VJ Edgecombe,PHI,10,31,5,18,5,13,41,15.121951219512194,21
Mikal Bridges,Miles McBride,NYK,18,13,0,9,18,4,31,15.096774193548388,5
RJ Barrett,Sandro Mamukelashvili,TOR,18,13,12,7,6,6,31,15.096774193548388,5
DeMar DeRozan,Precious Achiuwa,SAC,30,10,24,9,6,1,40,15,20
Quentin Grimes,Trendon Watford,PHI,12,20,10,11,2,9,32,15,8
Ben Sheppard,Pascal Siakam,IND,20,12,14,3,6,9,32,15,8
GG Jackson,Jaylen Wells,MEM,15,15,5,11,10,4,30,15,0
Tristan Vukcevic,Will Riley,WAS,16,14,12,7,4,7,30,14.933333333333334,2
Jalen Brunson,Miles McBride,NYK,16,14,3,4,13,10,30,14.933333333333334,2
Desmond Bane,Jevon Carter,ORL,14,16,4,10,10,6,30,14.933333333333334,2
Norman Powell,Pelle Larsson,MIA,11,23,7,10,4,13,34,14.882352941176471,12
Bam Adebayo,Simone Fontecchio,MIA,23,11,7,7,16,4,34,14.882352941176471,12
Nique Clifford,Russell Westbrook,SAC,11,23,2,16,9,7,34,14.882352941176471,12
Jrue Holiday,Shaedon Sharpe,POR,29,10,22,3,7,7,39,14.871794871794872,19
Collin Murray-Boyles,Jamal Shead,TOR,9,42,3,39,6,3,51,14.823529411764707,33
Andrew Nembhard,Jarace Walker,IND,41,9,18,6,23,3,50,14.76,32
Ajay Mitchell,Chet Holmgren,OKC,41,9,27,5,14,4,50,14.76,32
Caleb Love,Deni Avdija,POR,11,22,7,5,4,17,33,14.666666666666666,11
Anthony Black,Tyus Jones,ORL,11,22,1,12,10,10,33,14.666666666666666,11
Dru Smith,Nikola Jović,MIA,22,11,14,5,8,6,33,14.666666666666666,11
Cade Cunningham,Javonte Green,DET,39,9,16,7,23,2,48,14.625,30
Darius Garland,Jarrett Allen,CLE,38,9,37,8,1,1,47,14.553191489361701,29
Ben Sheppard,Jarace Walker,IND,15,14,8,6,7,8,29,14.482758620689655,1
Trey Murphy III,Yves Missi,NOP,14,15,14,8,0,7,29,14.482758620689655,1
Dylan Harper,Luke Kornet,SAS,14,15,14,10,0,5,29,14.482758620689655,1
Derik Queen,Zion Williamson,NOP,26,10,26,7,0,3,36,14.444444444444445,16
Dru Smith,Simone Fontecchio,MIA,26,10,8,7,18,3,36,14.444444444444445,16
Cedric Coward,Santi Aldama,MEM,21,11,16,7,5,4,32,14.4375,10
Brandon Ingram,Ja'Kobe Walter,TOR,18,12,4,5,14,7,30,14.4,6
Clint Capela,Reed Sheppard,HOU,12,18,6,18,6,0,30,14.4,6
Anfernee Simons,Payton Pritchard,BOS,12,18,2,3,10,15,30,14.4,6
Maxime Raynaud,Nique Clifford,SAC,9,35,5,35,4,0,44,14.318181818181818,26
Collin Gillespie,Jalen Green,PHX,25,10,10,1,15,9,35,14.285714285714286,15
Brice Sensabaugh,Keyonte George,UTA,10,25,4,15,6,10,35,14.285714285714286,15
Baylor Scheierman,Payton Pritchard,BOS,9,34,1,10,8,24,43,14.232558139534884,25
Isaac Okoro,Tre Jones,CHI,9,34,8,18,1,16,43,14.232558139534884,25
Jabari Smith Jr.,Tari Eason,HOU,11,20,5,10,6,10,31,14.193548387096774,9
Aaron Wiggins,Ajay Mitchell,OKC,11,20,7,8,4,12,31,14.193548387096774,9
Nickeil Alexander-Walker,Zaccharie Risacher,ATL,24,10,5,4,19,6,34,14.117647058823529,14
DeMar DeRozan,Domantas Sabonis,SAC,12,17,11,17,1,0,29,14.068965517241379,5
Grant Williams,Kon Knueppel,CHA,17,12,8,4,9,8,29,14.068965517241379,5
AJ Green,Bobby Portis,MIL,17,12,8,1,9,11,29,14.068965517241379,5
Jonas Valančiūnas,Tim Hardaway Jr.,DEN,14,14,7,13,7,1,28,14,0
Derrick White,Jayson Tatum,BOS,14,14,7,6,7,8,28,14,0
Danny Wolf,Nolan Traore,BKN,10,23,5,8,5,15,33,13.93939393939394,13
Darius Garland,De'Andre Hunter,CLE,23,10,14,4,9,6,33,13.93939393939394,13
Ayo Dosunmu,Jalen Smith,CHI,23,10,14,7,9,3,33,13.93939393939394,13
Ace Bailey,Brice Sensabaugh,UTA,19,11,5,2,14,9,30,13.933333333333334,8
Jarred Vanderbilt,Luka Dončić,LAL,11,19,8,13,3,6,30,13.933333333333334,8
Miles Bridges,Moussa Diabaté,CHA,13,15,13,8,0,7,28,13.928571428571429,2
Harrison Barnes,Julian Champagnie,SAS,15,13,7,4,8,9,28,13.928571428571429,2
Aaron Wiggins,Jaylin Williams,OKC,15,13,7,7,8,6,28,13.928571428571429,2
Deni Avdija,Kris Murray,POR,15,13,5,10,10,3,28,13.928571428571429,2
Landry Shamet,Mikal Bridges,NYK,13,15,5,3,8,12,28,13.928571428571429,2
Luke Kornet,Stephon Castle,SAS,8,52,5,52,3,0,60,13.866666666666667,44
Jaren Jackson Jr.,Vince Williams Jr.,MEM,9,30,1,16,8,14,39,13.846153846153847,21
Dillon Brooks,Mark Williams,PHX,30,9,29,4,1,5,39,13.846153846153847,21
Isaiah Hartenstein,Shai Gilgeous-Alexander,OKC,9,30,9,30,0,0,39,13.846153846153847,21
Bilal Coulibaly,Bub Carrington,WAS,10,22,5,15,5,7,32,13.75,12
Jayson Tatum,Neemias Queta,BOS,22,10,22,4,0,6,32,13.75,12
Collin Murray-Boyles,Immanuel Quickley,TOR,10,22,2,22,8,0,32,13.75,12
Dejounte Murray,Saddiq Bey,NOP,22,10,7,5,15,5,32,13.75,12
Derrick White,Hugo González,BOS,22,10,14,4,8,6,32,13.75,12
Devin Booker,Jalen Green,PHX,16,12,8,4,8,8,28,13.714285714285714,4
Keldon Johnson,Victor Wembanyama,SAS,11,18,10,16,1,2,29,13.655172413793103,7
Jalen Smith,Matas Buzelis,CHI,11,18,9,11,2,7,29,13.655172413793103,7
Malik Monk,Russell Westbrook,SAC,9,28,5,11,4,17,37,13.621621621621621,19
Gary Payton II,Pat Spencer,GSW,9,28,7,24,2,4,37,13.621621621621621,19
Miles McBride,OG Anunoby,NYK,21,10,15,1,6,9,31,13.548387096774194,11
Jordan Clarkson,Mikal Bridges,NYK,10,21,6,8,4,13,31,13.548387096774194,11
Ivica Zubac,John Collins,LAC,27,9,20,9,7,0,36,13.5,18
Collin Gillespie,Dillon Brooks,PHX,27,9,16,3,11,6,36,13.5,18
Ajay Mitchell,Alex Caruso,OKC,14,13,5,8,9,5,27,13.481481481481481,1
Bilal Coulibaly,Kyshawn George,WAS,14,13,7,7,7,6,27,13.481481481481481,1
Derrick White,Luka Garza,BOS,26,9,17,7,9,2,35,13.371428571428572,17
Collin Sexton,LaMelo Ball,CHA,10,20,0,8,10,12,30,13.333333333333334,10
Kyle Filipowski,Lauri Markkanen,UTA,20,10,13,6,7,4,30,13.333333333333334,10
Caleb Love,Donovan Clingan,POR,20,10,14,5,6,5,30,13.333333333333334,10
Caleb Love,Shaedon Sharpe,POR,15,12,10,5,5,7,27,13.333333333333334,3
Malik Monk,Nique Clifford,SAC,12,15,4,8,8,7,27,13.333333333333334,3
Austin Reaves,Marcus Smart,LAL,12,15,6,9,6,6,27,13.333333333333334,3
CJ McCollum,Khris Middleton,WAS,12,15,8,4,4,11,27,13.333333333333334,3
Bruce Brown,Tim Hardaway Jr.,DEN,39,8,18,7,21,1,47,13.27659574468085,31
Cooper Flagg,Daniel Gafford,DAL,25,9,25,6,0,3,34,13.235294117647058,16
Immanuel Quickley,Jamal Shead,TOR,9,25,3,9,6,16,34,13.235294117647058,16
Nique Clifford,Precious Achiuwa,SAC,25,9,22,5,3,4,34,13.235294117647058,16
Baylor Scheierman,Sam Hauser,BOS,19,10,6,1,13,9,29,13.10344827586207,9
Malik Monk,Precious Achiuwa,SAC,19,10,17,5,2,5,29,13.10344827586207,9
Dyson Daniels,Vít Krejčí,ATL,19,10,6,10,13,0,29,13.10344827586207,9
Bennedict Mathurin,Pascal Siakam,IND,10,19,5,13,5,6,29,13.10344827586207,9
Bruce Brown,Jonas Valančiūnas,DEN,19,10,17,8,2,2,29,13.10344827586207,9
D'Angelo Russell,Max Christie,DAL,19,10,9,4,10,6,29,13.10344827586207,9
Jimmy Butler III,Moses Moody,GSW,24,9,5,5,19,4,33,13.090909090909092,15
Al Horford,De'Anthony Melton,GSW,11,16,4,9,7,7,27,13.037037037037036,5
Jalen Johnson,Luke Kennard,ATL,16,11,2,7,14,4,27,13.037037037037036,5
Andrew Nembhard,Ben Sheppard,IND,16,11,6,8,10,3,27,13.037037037037036,5
Naz Reid,Rudy Gobert,MIN,13,13,13,6,0,7,26,13,0
Ben Sheppard,T.J. McConnell,IND,9,23,7,10,2,13,32,12.9375,14
Ayo Dosunmu,Josh Giddey,CHI,9,23,2,11,7,12,32,12.9375,14
Donovan Mitchell,James Harden,CLE,9,23,0,16,9,7,32,12.9375,14
Ajay Mitchell,Isaiah Joe,OKC,23,9,5,3,18,6,32,12.9375,14
Duncan Robinson,Paul Reed,DET,12,14,11,4,1,10,26,12.923076923076923,2
Aaron Nesmith,Jarace Walker,IND,12,14,4,7,8,7,26,12.923076923076923,2
Day'Ron Sharpe,Nolan Traore,BKN,12,14,6,12,6,2,26,12.923076923076923,2
Daniss Jenkins,Jalen Duren,DET,33,8,33,6,0,2,41,12.878048780487806,25
Ayo Dosunmu,Kevin Huerter,CHI,10,18,3,11,7,7,28,12.857142857142858,8
Coby White,Josh Giddey,CHI,10,18,5,4,5,14,28,12.857142857142858,8
Isaiah Hartenstein,Jalen Williams,OKC,10,18,7,18,3,0,28,12.857142857142858,8
Kelly Oubre Jr.,Quentin Grimes,PHI,10,18,5,11,5,7,28,12.857142857142858,8
Evan Mobley,Jarrett Allen,CLE,18,10,18,8,0,2,28,12.857142857142858,8
Dyson Daniels,Zaccharie Risacher,ATL,32,8,24,7,8,1,40,12.8,24
Dennis Schröder,Donovan Mitchell,CLE,22,9,11,6,11,3,31,12.774193548387096,13
Devin Vassell,Luke Kornet,SAS,8,31,8,20,0,11,39,12.717948717948717,23
Nikola Jokić,Spencer Jones,DEN,31,8,17,7,14,1,39,12.717948717948717,23
Naji Marshall,Ryan Nembhard,DAL,8,31,2,24,6,7,39,12.717948717948717,23
Bub Carrington,CJ McCollum,WAS,15,11,7,4,8,7,26,12.692307692307692,4
Jalen Pickett,Jamal Murray,DEN,11,15,5,8,6,7,26,12.692307692307692,4
Daniel Gafford,Klay Thompson,DAL,15,11,7,11,8,0,26,12.692307692307692,4
Bilal Coulibaly,Tre Johnson,WAS,17,10,8,6,9,4,27,12.592592592592593,7
Andre Drummond,VJ Edgecombe,PHI,10,17,7,9,3,8,27,12.592592592592593,7
Bam Adebayo,Kasparas Jakučionis,MIA,10,17,0,10,10,7,27,12.592592592592593,7
Domantas Sabonis,Russell Westbrook,SAC,8,29,4,27,4,2,37,12.54054054054054,21
Brook Lopez,Derrick Jones Jr.,LAC,13,12,10,9,3,3,25,12.48,1
Jalen Green,Royce O'Neale,PHX,13,12,0,2,13,10,25,12.48,1
Giannis Antetokounmpo,Kyle Kuzma,MIL,12,13,6,13,6,0,25,12.48,1
Royce O'Neale,Ryan Dunn,PHX,13,12,7,1,6,11,25,12.48,1
Jose Alvarado,Zion Williamson,NOP,13,12,13,1,0,11,25,12.48,1
Caleb Love,Jerami Grant,POR,13,12,6,3,7,9,25,12.48,1
Jalen Smith,Kevin Huerter,CHI,12,13,6,10,6,3,25,12.48,1
Ajay Mitchell,Cason Wallace,OKC,13,12,4,4,9,8,25,12.48,1
Kevin Durant,Steven Adams,HOU,12,13,12,11,0,2,25,12.48,1
Mark Williams,Royce O'Neale,PHX,8,28,4,28,4,0,36,12.444444444444445,20
Jaylen Brown,Luka Garza,BOS,28,8,16,6,12,2,36,12.444444444444445,20
Noah Clowney,Nolan Traore,BKN,9,20,4,4,5,16,29,12.413793103448276,11
Brandon Miller,Ryan Kalkbrenner,CHA,20,9,20,2,0,7,29,12.413793103448276,11
Cedric Coward,Vince Williams Jr.,MEM,9,20,3,12,6,8,29,12.413793103448276,11
Santi Aldama,Vince Williams Jr.,MEM,9,20,1,13,8,7,29,12.413793103448276,11
Jrue Holiday,Kris Murray,POR,20,9,16,3,4,6,29,12.413793103448276,11
Collin Gillespie,Mark Williams,PHX,27,8,27,1,0,7,35,12.342857142857143,19
Oso Ighodaro,Royce O'Neale,PHX,14,11,1,11,13,0,25,12.32,3
Yves Missi,Zion Williamson,NOP,14,11,14,11,0,0,25,12.32,3
Caleb Love,Toumani Camara,POR,14,11,6,1,8,10,25,12.32,3
Day'Ron Sharpe,Ziaire Williams,BKN,16,10,10,10,6,0,26,12.307692307692308,6
Gui Santos,Will Richard,GSW,10,16,4,9,6,7,26,12.307692307692308,6
Deni Avdija,Sidy Cissoko,POR,16,10,8,4,8,6,26,12.307692307692308,6
Corey Kispert,Nickeil Alexander-Walker,ATL,10,16,3,8,7,8,26,12.307692307692308,6
Jeremiah Fears,Karlo Matković,NOP,26,8,18,5,8,3,34,12.235294117647058,18
Jaylen Brown,Jordan Walsh,BOS,26,8,16,4,10,4,34,12.235294117647058,18
Quinten Post,Stephen Curry,GSW,8,26,6,12,2,14,34,12.235294117647058,18
Isaiah Collier,Keyonte George,UTA,48,7,27,7,21,0,55,12.218181818181819,41
De'Andre Hunter,Jaylon Tyson,CLE,9,19,5,7,4,12,28,12.214285714285714,10
Aaron Holiday,Alperen Sengun,HOU,9,19,7,3,2,16,28,12.214285714285714,10
Caris LeVert,Paul Reed,DET,19,9,18,4,1,5,28,12.214285714285714,10
Cam Spencer,GG Jackson,MEM,47,7,38,1,9,6,54,12.185185185185185,40
Isaiah Joe,Jaylin Williams,OKC,8,24,2,8,6,16,32,12,16
Dominick Barlow,Quentin Grimes,PHI,9,18,6,16,3,2,27,12,9
Collin Gillespie,Jamaree Bouyea,PHX,9,18,6,3,3,15,27,12,9
Corey Kispert,Jalen Johnson,ATL,9,18,5,10,4,8,27,12,9
Deni Avdija,Scoot Henderson,POR,18,9,5,6,13,3,27,12,9
Jordan Walsh,Payton Pritchard,BOS,9,18,3,7,6,11,27,12,9
Kyle Filipowski,Svi Mykhailiuk,UTA,15,10,4,8,11,2,25,12,5
Jordan Goodwin,Ryan Dunn,PHX,10,15,8,6,2,9,25,12,5
Desmond Bane,Moritz Wagner,ORL,15,10,10,5,5,5,25,12,5
Cason Wallace,Isaiah Joe,OKC,15,10,2,4,13,6,25,12,5
Moses Moody,Stephen Curry,GSW,10,15,2,5,8,10,25,12,5
Goga Bitadze,Tristan da Silva,ORL,12,12,6,11,6,1,24,12,0
Pascal Siakam,Quenton Jackson,IND,13,11,7,7,6,4,24,11.916666666666666,2
Daniss Jenkins,Marcus Sasser,DET,13,11,5,6,8,5,24,11.916666666666666,2
Aaron Wiggins,Kenrich Williams,OKC,11,13,6,6,5,7,24,11.916666666666666,2
Jaylon Tyson,Sam Merrill,CLE,11,13,3,6,8,7,24,11.916666666666666,2
Miles Bridges,Sion James,CHA,11,13,3,5,8,8,24,11.916666666666666,2
Jordan Goodwin,Royce O'Neale,PHX,11,13,4,3,7,10,24,11.916666666666666,2
Joel Embiid,Kelly Oubre Jr.,PHI,13,11,6,11,7,0,24,11.916666666666666,2
Jose Alvarado,Saddiq Bey,NOP,13,11,9,2,4,9,24,11.916666666666666,2
Aaron Gordon,Christian Braun,DEN,13,11,10,8,3,3,24,11.916666666666666,2
Jared McCain,Quentin Grimes,PHI,13,11,8,3,5,8,24,11.916666666666666,2
Gui Santos,Pat Spencer,GSW,8,23,1,8,7,15,31,11.870967741935484,15
Josh Hart,Landry Shamet,NYK,23,8,6,5,17,3,31,11.870967741935484,15
Mikal Bridges,Tyler Kolek,NYK,7,39,2,23,5,16,46,11.869565217391305,32
Jordan Clarkson,Karl-Anthony Towns,NYK,9,17,5,13,4,4,26,11.76923076923077,8
Jabari Smith Jr.,Josh Okogie,HOU,17,9,6,3,11,6,26,11.76923076923077,8
Immanuel Quickley,Ja'Kobe Walter,TOR,17,9,4,3,13,6,26,11.76923076923077,8
Dyson Daniels,Luke Kennard,ATL,17,9,7,9,10,0,26,11.76923076923077,8
Kyshawn George,Tre Johnson,WAS,22,8,7,3,15,5,30,11.733333333333333,14
Reed Sheppard,Tari Eason,HOU,22,8,6,1,16,7,30,11.733333333333333,14
Andrew Nembhard,Micah Potter,IND,22,8,10,1,12,7,30,11.733333333333333,14
Jalen Smith,Josh Giddey,CHI,7,36,2,15,5,21,43,11.720930232558139,29
Justin Champagnie,Will Riley,WAS,10,14,7,9,3,5,24,11.666666666666666,4
Jarace Walker,Micah Potter,IND,14,10,10,6,4,4,24,11.666666666666666,4
Cam Thomas,Day'Ron Sharpe,BKN,14,10,14,6,0,4,24,11.666666666666666,4
Josh Okogie,Kevin Durant,HOU,9,16,6,6,3,10,25,11.52,7
Cason Wallace,Jalen Williams,OKC,9,16,8,5,1,11,25,11.52,7
Darius Garland,Kawhi Leonard,LAC,16,9,4,2,12,7,25,11.52,7
Jake LaRavia,Marcus Smart,LAL,9,16,3,11,6,5,25,11.52,7
Andre Drummond,Quentin Grimes,PHI,12,11,8,9,4,2,23,11.478260869565217,1
Andrew Wiggins,Nikola Jović,MIA,12,11,6,9,6,2,23,11.478260869565217,1
Justin Edwards,VJ Edgecombe,PHI,11,12,6,5,5,7,23,11.478260869565217,1
Ja'Kobe Walter,RJ Barrett,TOR,11,12,8,0,3,12,23,11.478260869565217,1
Paul George,Quentin Grimes,PHI,11,12,4,6,7,6,23,11.478260869565217,1
Grant Williams,LaMelo Ball,CHA,8,20,3,7,5,13,28,11.428571428571429,12
Daniss Jenkins,Ronald Holland II,DET,31,7,22,2,9,5,38,11.421052631578947,24
Cason Wallace,Chet Holmgren,OKC,30,7,19,4,11,3,37,11.35135135135135,23
Draymond Green,Pat Spencer,GSW,10,13,7,5,3,8,23,11.304347826086957,3
Craig Porter Jr.,De'Andre Hunter,CLE,13,10,7,7,6,3,23,11.304347826086957,3
Cedric Coward,Jock Landale,MEM,13,10,9,4,4,6,23,11.304347826086957,3
Collin Murray-Boyles,RJ Barrett,TOR,13,10,9,9,4,1,23,11.304347826086957,3
Ausar Thompson,Daniss Jenkins,DET,10,13,4,13,6,0,23,11.304347826086957,3
De'Anthony Melton,Quinten Post,GSW,13,10,5,5,8,5,23,11.304347826086957,3
Guerschon Yabusele,Tre Jones,CHI,13,10,8,1,5,9,23,11.304347826086957,3
Kevin Huerter,Paul Reed,DET,10,13,10,8,0,5,23,11.304347826086957,3
Aaron Wiggins,Isaiah Hartenstein,OKC,10,13,10,10,0,3,23,11.304347826086957,3
Daniel Gafford,Max Christie,DAL,10,13,7,13,3,0,23,11.304347826086957,3
Lauri Markkanen,Svi Mykhailiuk,UTA,8,19,1,12,7,7,27,11.25925925925926,11
Austin Reaves,Jaxson Hayes,LAL,19,8,18,5,1,3,27,11.25925925925926,11
Day'Ron Sharpe,Tyrese Martin,BKN,19,8,5,8,14,0,27,11.25925925925926,11
Alperen Sengun,Josh Okogie,HOU,19,8,7,7,12,1,27,11.25925925925926,11
Jordan Poole,Trey Murphy III,NOP,19,8,9,3,10,5,27,11.25925925925926,11
Derrick White,Jordan Walsh,BOS,15,9,7,1,8,8,24,11.25,6
Brice Sensabaugh,Lauri Markkanen,UTA,15,9,8,6,7,3,24,11.25,6
Daniss Jenkins,Javonte Green,DET,28,7,12,1,16,6,35,11.2,21
Malik Monk,Maxime Raynaud,SAC,28,7,26,4,2,3,35,11.2,21
Cason Wallace,Luguentz Dort,OKC,28,7,8,2,20,5,35,11.2,21
Cedric Coward,Ja Morant,MEM,7,28,6,16,1,12,35,11.2,21
Gradey Dick,Scottie Barnes,TOR,7,27,7,21,0,6,34,11.117647058823529,20
Jamal Shead,RJ Barrett,TOR,27,7,18,1,9,6,34,11.117647058823529,20
Donovan Clingan,Shaedon Sharpe,POR,18,8,13,6,5,2,26,11.076923076923077,10
Collin Sexton,Sion James,CHA,8,18,2,12,6,6,26,11.076923076923077,10
Jeremiah Fears,Yves Missi,NOP,18,8,18,6,0,2,26,11.076923076923077,10
Andrew Nembhard,Quenton Jackson,IND,18,8,11,5,7,3,26,11.076923076923077,10
Dennis Schröder,Domantas Sabonis,SAC,18,8,18,3,0,5,26,11.076923076923077,10
Bobby Portis,Cole Anthony,MIL,7,26,5,12,2,14,33,11.030303030303031,19
Cooper Flagg,Klay Thompson,DAL,26,7,6,5,20,2,33,11.030303030303031,19
Gary Trent Jr.,Ryan Rollins,MIL,7,26,5,6,2,20,33,11.030303030303031,19
Nickeil Alexander-Walker,Vít Krejčí,ATL,11,11,2,3,9,8,22,11,0
Caleb Love,Sidy Cissoko,POR,11,11,6,4,5,7,22,11,0
Draymond Green,Quinten Post,GSW,11,11,4,4,7,7,22,11,0
Kevin Love,Keyonte George,UTA,11,11,8,1,3,10,22,11,0
Derik Queen,Jose Alvarado,NOP,11,11,5,11,6,0,22,11,0
Duncan Robinson,Ronald Holland II,DET,11,11,9,1,2,10,22,11,0
Domantas Sabonis,Zach LaVine,SAC,14,9,13,8,1,1,23,10.956521739130435,5
Karl-Anthony Towns,Landry Shamet,NYK,14,9,9,6,5,3,23,10.956521739130435,5
Isaiah Stewart,Ronald Holland II,DET,9,14,7,11,2,3,23,10.956521739130435,5
Andrew Wiggins,Tyler Herro,MIA,9,14,6,5,3,9,23,10.956521739130435,5
Ayo Dosunmu,Patrick Williams,CHI,14,9,3,5,11,4,23,10.956521739130435,5
Kevin Huerter,Matas Buzelis,CHI,14,9,6,4,8,5,23,10.956521739130435,5
Mike Conley,Rudy Gobert,MIN,14,9,14,2,0,7,23,10.956521739130435,5
Dean Wade,Evan Mobley,CLE,10,12,9,4,1,8,22,10.909090909090908,2
Cam Thomas,Nic Claxton,BKN,10,12,10,11,0,1,22,10.909090909090908,2
Miles Bridges,Tre Mann,CHA,10,12,3,4,7,8,22,10.909090909090908,2
Jaylen Wells,Jock Landale,MEM,10,12,6,5,4,7,22,10.909090909090908,2
Luke Kennard,Nickeil Alexander-Walker,ATL,8,17,3,7,5,10,25,10.88,9
Jalen Pickett,Peyton Watson,DEN,17,8,7,1,10,7,25,10.88,9
Brandon Williams,Daniel Gafford,DAL,17,8,17,6,0,2,25,10.88,9
Brandin Podziemski,Will Richard,GSW,24,7,6,2,18,5,31,10.838709677419354,17
Cole Anthony,Kyle Kuzma,MIL,24,7,18,3,6,4,31,10.838709677419354,17
Isaiah Collier,Lauri Markkanen,UTA,54,6,31,4,23,2,60,10.8,48
Jamal Murray,Tim Hardaway Jr.,DEN,53,6,11,4,42,2,59,10.779661016949152,47
Craig Porter Jr.,Donovan Mitchell,CLE,23,7,9,5,14,2,30,10.733333333333333,16
Ayo Dosunmu,Jaden McDaniels,MIN,16,8,13,4,3,4,24,10.666666666666666,8
Kasparas Jakučionis,Norman Powell,MIA,16,8,7,1,9,7,24,10.666666666666666,8
D'Angelo Russell,Naji Marshall,DAL,16,8,12,2,4,6,24,10.666666666666666,8
Jusuf Nurkić,Walter Clayton Jr.,UTA,8,16,4,11,4,5,24,10.666666666666666,8
Cameron Johnson,Christian Braun,DEN,9,13,6,4,3,9,22,10.636363636363637,4
Jerami Grant,Shaedon Sharpe,POR,9,13,6,4,3,9,22,10.636363636363637,4
Cam Spencer,Javon Small,MEM,9,13,3,6,6,7,22,10.636363636363637,4
Jamir Watkins,Will Riley,WAS,9,13,2,5,7,8,22,10.636363636363637,4
Scoot Henderson,Toumani Camara,POR,13,9,6,4,7,5,22,10.636363636363637,4
Jaylen Wells,Vince Williams Jr.,MEM,7,22,4,8,3,14,29,10.620689655172415,15
Cedric Coward,Jaylen Wells,MEM,21,7,8,2,13,5,28,10.5,14
Cade Cunningham,Caris LeVert,DET,21,7,11,5,10,2,28,10.5,14
Jarace Walker,Quenton Jackson,IND,11,10,5,6,6,4,21,10.476190476190476,1
Karlo Matković,Trey Murphy III,NOP,11,10,4,9,7,1,21,10.476190476190476,1
Adem Bona,Tyrese Maxey,PHI,10,11,6,11,4,0,21,10.476190476190476,1
Ajay Mitchell,Jaylin Williams,OKC,11,10,4,7,7,3,21,10.476190476190476,1
Jaime Jaquez Jr.,Kasparas Jakučionis,MIA,10,11,1,9,9,2,21,10.476190476190476,1
Jeremiah Fears,Jordan Poole,NOP,10,11,1,8,9,3,21,10.476190476190476,1
Cameron Johnson,Tim Hardaway Jr.,DEN,10,11,3,4,7,7,21,10.476190476190476,1
Landry Shamet,OG Anunoby,NYK,10,11,3,3,7,8,21,10.476190476190476,1
Amen Thompson,Clint Capela,HOU,10,11,10,8,0,3,21,10.476190476190476,1
Caleb Martin,Cooper Flagg,DAL,11,10,6,5,5,5,21,10.476190476190476,1
Jalen Suggs,Tristan da Silva,ORL,40,6,19,2,21,4,46,10.434782608695652,34
Aaron Wiggins,Cason Wallace,OKC,8,15,5,8,3,7,23,10.434782608695652,7
Bilal Coulibaly,CJ McCollum,WAS,15,8,9,2,6,6,23,10.434782608695652,7
Clint Capela,Kevin Durant,HOU,8,15,6,15,2,0,23,10.434782608695652,7
Anfernee Simons,Sam Hauser,BOS,15,8,1,1,14,7,23,10.434782608695652,7
Andrew Wiggins,Kel'el Ware,MIA,15,8,7,7,8,1,23,10.434782608695652,7
Patrick Williams,Tre Jones,CHI,8,15,7,4,1,11,23,10.434782608695652,7
Maxime Raynaud,Precious Achiuwa,SAC,8,15,6,15,2,0,23,10.434782608695652,7
Kyle Filipowski,Walter Clayton Jr.,UTA,7,20,5,18,2,2,27,10.37037037037037,13
Kasparas Jakučionis,Kel'el Ware,MIA,20,7,12,1,8,6,27,10.37037037037037,13
Darius Garland,Jaylon Tyson,CLE,20,7,11,3,9,4,27,10.37037037037037,13
Evan Mobley,James Harden,CLE,6,38,3,36,3,2,44,10.363636363636363,32
Giannis Antetokounmpo,Kevin Porter Jr.,MIL,6,36,5,36,1,0,42,10.285714285714286,30
Ace Bailey,Lauri Markkanen,UTA,12,9,3,2,9,7,21,10.285714285714286,3
Shaedon Sharpe,Sidy Cissoko,POR,12,9,2,5,10,4,21,10.285714285714286,3
Danny Wolf,Nic Claxton,BKN,12,9,12,4,0,5,21,10.285714285714286,3
Donovan Clingan,Sidy Cissoko,POR,9,12,6,6,3,6,21,10.285714285714286,3
Mouhamed Gueye,Nickeil Alexander-Walker,ATL,9,12,4,9,5,3,21,10.285714285714286,3
Dennis Schröder,Russell Westbrook,SAC,12,9,4,3,8,6,21,10.285714285714286,3
Jordan Clarkson,Josh Hart,NYK,7,19,6,10,1,9,26,10.23076923076923,12
Brandin Podziemski,Quinten Post,GSW,19,7,7,5,12,2,26,10.23076923076923,12
Dennis Schröder,Malik Monk,SAC,19,7,10,0,9,7,26,10.23076923076923,12
Isaac Okoro,Matas Buzelis,CHI,19,7,11,3,8,4,26,10.23076923076923,12
Dylan Harper,Harrison Barnes,SAS,34,6,16,4,18,2,40,10.2,28
Jamal Murray,Spencer Jones,DEN,34,6,15,1,19,5,40,10.2,28
Caris LeVert,Ronald Holland II,DET,14,8,10,4,4,4,22,10.181818181818182,6
Bennedict Mathurin,Jordan Miller,LAC,8,14,5,13,3,1,22,10.181818181818182,6
Collin Sexton,Tre Jones,CHI,8,14,8,7,0,7,22,10.181818181818182,6
Isaiah Collier,Jusuf Nurkić,UTA,14,8,7,6,7,2,22,10.181818181818182,6
Michael Porter Jr.,Ziaire Williams,BKN,14,8,6,3,8,5,22,10.181818181818182,6
Gary Trent Jr.,Kyle Kuzma,MIL,8,14,8,2,0,12,22,10.181818181818182,6
Jordan Miller,Nicolas Batum,LAC,18,7,0,4,18,3,25,10.08,11
Mike Conley,Naz Reid,MIN,31,6,16,1,15,5,37,10.054054054054054,25
Jordan Miller,Kawhi Leonard,LAC,10,10,6,7,4,3,20,10,0
Ajay Mitchell,Jalen Williams,OKC,10,10,9,7,1,3,20,10,0
Anfernee Simons,Luka Garza,BOS,10,10,7,2,3,8,20,10,0
Bryce McGowens,Jeremiah Fears,NOP,10,10,7,4,3,6,20,10,0
AJ Green,Pete Nance,MIL,10,10,3,2,7,8,20,10,0
Anthony Davis,Naji Marshall,DAL,7,17,6,16,1,1,24,9.916666666666666,10
Brook Lopez,Darius Garland,LAC,7,17,2,8,5,9,24,9.916666666666666,10
Dylan Cardwell,Nique Clifford,SAC,13,8,8,8,5,0,21,9.904761904761905,5
Ja Morant,Kentavious Caldwell-Pope,MEM,13,8,8,5,5,3,21,9.904761904761905,5
Franz Wagner,Wendell Carter Jr.,ORL,13,8,10,6,3,2,21,9.904761904761905,5
Harrison Barnes,Keldon Johnson,SAS,13,8,11,2,2,6,21,9.904761904761905,5
Al Horford,Pat Spencer,GSW,8,13,3,3,5,10,21,9.904761904761905,5
Ayo Dosunmu,Coby White,CHI,8,13,3,6,5,7,21,9.904761904761905,5
Jose Alvarado,Mikal Bridges,NYK,13,8,10,3,3,5,21,9.904761904761905,5
Alex Caruso,Jaylin Williams,OKC,11,9,5,4,6,5,20,9.9,2
Franz Wagner,Goga Bitadze,ORL,11,9,11,5,0,4,20,9.9,2
Jericho Sims,Ousmane Dieng,MIL,9,11,5,11,4,0,20,9.9,2
Jase Richardson,Paolo Banchero,ORL,9,11,5,9,4,2,20,9.9,2
Ayo Dosunmu,Rudy Gobert,MIN,9,11,9,8,0,3,20,9.9,2
Onyeka Okongwu,Zaccharie Risacher,ATL,11,9,4,4,7,5,20,9.9,2
Johnny Furphy,Pascal Siakam,IND,9,11,6,6,3,5,20,9.9,2
Nolan Traore,Terance Mann,BKN,11,9,5,6,6,3,20,9.9,2
Noah Clowney,Terance Mann,BKN,6,28,1,12,5,16,34,9.882352941176471,22
Bobby Portis,Giannis Antetokounmpo,MIL,6,27,5,8,1,19,33,9.818181818181818,21
Brandin Podziemski,Pat Spencer,GSW,7,16,4,7,3,9,23,9.73913043478261,9
Dyson Daniels,Mouhamed Gueye,ATL,16,7,11,6,5,1,23,9.73913043478261,9
Josh Giddey,Leonard Miller,CHI,25,6,15,3,10,3,31,9.67741935483871,19
Pat Spencer,Quinten Post,GSW,25,6,9,3,16,3,31,9.67741935483871,19
Cody Williams,Keyonte George,UTA,6,24,4,22,2,2,30,9.6,18
Bobby Portis,Gary Trent Jr.,MIL,8,12,2,9,6,3,20,9.6,4
Gradey Dick,Sandro Mamukelashvili,TOR,8,12,5,9,3,3,20,9.6,4
Bryce McGowens,Trey Murphy III,NOP,12,8,7,6,5,2,20,9.6,4
Ja'Kobe Walter,Sandro Mamukelashvili,TOR,8,12,5,3,3,9,20,9.6,4
Brice Sensabaugh,Svi Mykhailiuk,UTA,8,12,2,3,6,9,20,9.6,4
Malik Monk,Zach LaVine,SAC,12,8,6,4,6,4,20,9.6,4
Nic Claxton,Ziaire Williams,BKN,12,8,6,8,6,0,20,9.6,4
Jericho Sims,Kyle Kuzma,MIL,8,12,4,12,4,0,20,9.6,4
Al Horford,Moses Moody,GSW,15,7,6,3,9,4,22,9.545454545454545,8
Spencer Jones,Tim Hardaway Jr.,DEN,15,7,2,2,13,5,22,9.545454545454545,8
Jalen Johnson,Jock Landale,ATL,15,7,11,5,4,2,22,9.545454545454545,8
Jerami Grant,Robert Williams III,POR,15,7,14,5,1,2,22,9.545454545454545,8
Julian Champagnie,Keldon Johnson,SAS,15,7,9,1,6,6,22,9.545454545454545,8
Jaren Jackson Jr.,Kentavious Caldwell-Pope,MEM,6,23,1,18,5,5,29,9.517241379310345,17
LaMelo Ball,Ryan Kalkbrenner,CHA,23,6,23,1,0,5,29,9.517241379310345,17
Aaron Wiggins,Chet Holmgren,OKC,10,9,9,5,1,4,19,9.473684210526315,1
Dean Wade,Sam Merrill,CLE,10,9,2,4,8,5,19,9.473684210526315,1
Jevon Carter,Paolo Banchero,ORL,10,9,7,3,3,6,19,9.473684210526315,1
Collin Murray-Boyles,Sandro Mamukelashvili,TOR,9,10,5,6,4,4,19,9.473684210526315,1
Anthony Edwards,Ayo Dosunmu,MIN,10,9,4,5,6,4,19,9.473684210526315,1
Bennedict Mathurin,Jay Huff,IND,9,10,5,3,4,7,19,9.473684210526315,1
Danny Wolf,Terance Mann,BKN,9,10,5,4,4,6,19,9.473684210526315,1
Ayo Dosunmu,Naz Reid,MIN,10,9,8,6,2,3,19,9.473684210526315,1
Al Horford,Jimmy Butler III,GSW,6,22,5,5,1,17,28,9.428571428571429,16
Donte DiVincenzo,Mike Conley,MIN,6,21,2,7,4,14,27,9.333333333333334,15
Onyeka Okongwu,Trae Young,ATL,6,21,5,17,1,4,27,9.333333333333334,15
Bam Adebayo,Dru Smith,MIA,6,21,5,16,1,5,27,9.333333333333334,15
Jarred Vanderbilt,LeBron James,LAL,6,21,4,16,2,5,27,9.333333333333334,15
Jared McCain,Tyrese Maxey,PHI,7,14,4,5,3,9,21,9.333333333333334,7
Kon Knueppel,Tre Mann,CHA,7,14,3,7,4,7,21,9.333333333333334,7
Luke Kennard,Vít Krejčí,ATL,14,7,3,3,11,4,21,9.333333333333334,7
Dylan Cardwell,Malik Monk,SAC,7,14,3,14,4,0,21,9.333333333333334,7
James Harden,John Collins,LAC,67,5,44,0,23,5,72,9.305555555555555,62
Alex Caruso,Chet Holmgren,OKC,11,8,9,3,2,5,19,9.263157894736842,3
Isaiah Joe,Luguentz Dort,OKC,8,11,2,0,6,11,19,9.263157894736842,3
Caris LeVert,Daniss Jenkins,DET,11,8,5,5,6,3,19,9.263157894736842,3
Ayo Dosunmu,Isaac Okoro,CHI,11,8,6,2,5,6,19,9.263157894736842,3
Gary Trent Jr.,Kevin Porter Jr.,MIL,8,11,4,2,4,9,19,9.263157894736842,3
De'Anthony Melton,Gary Payton II,GSW,11,8,9,7,2,1,19,9.263157894736842,3
Jonathan Kuminga,Stephen Curry,GSW,11,8,6,5,5,3,19,9.263157894736842,3
Andrew Nembhard,Johnny Furphy,IND,8,11,7,8,1,3,19,9.263157894736842,3
Isaac Okoro,Nikola Vučević,CHI,8,11,7,6,1,5,19,9.263157894736842,3
Donovan Mitchell,Thomas Bryant,CLE,20,6,12,3,8,3,26,9.23076923076923,14
Neemias Queta,Sam Hauser,BOS,20,6,6,6,14,0,26,9.23076923076923,14
Darius Garland,Derrick Jones Jr.,LAC,19,6,15,0,4,6,25,9.12,13
Dillon Brooks,Grayson Allen,PHX,6,19,2,6,4,13,25,9.12,13
Alex Caruso,Isaiah Joe,OKC,19,6,4,5,15,1,25,9.12,13
Ayo Dosunmu,Bones Hyland,MIN,7,13,3,10,4,3,20,9.1,6
Norman Powell,Tyler Herro,MIA,7,13,6,7,1,6,20,9.1,6
Dillon Brooks,Jordan Goodwin,PHX,7,13,0,8,7,5,20,9.1,6
Coby White,Matas Buzelis,CHI,13,7,1,2,12,5,20,9.1,6
CJ McCollum,Justin Champagnie,WAS,13,7,4,2,9,5,20,9.1,6
Cam Spencer,Jaren Jackson Jr.,MEM,49,5,31,0,18,5,54,9.074074074074074,44
Ousmane Dieng,Ryan Rollins,MIL,6,18,3,7,3,11,24,9,12
Ace Bailey,Cody Williams,UTA,6,18,4,10,2,8,24,9,12
Evan Mobley,Keon Ellis,CLE,9,9,4,8,5,1,18,9,0
Donovan Clingan,Scoot Henderson,POR,9,9,5,4,4,5,18,9,0
Brook Lopez,Jordan Miller,LAC,9,9,4,3,5,6,18,9,0
De'Anthony Melton,Gui Santos,GSW,9,9,4,4,5,5,18,9,0
Gary Trent Jr.,Myles Turner,MIL,9,9,4,4,5,5,18,9,0
Isaiah Joe,Shai Gilgeous-Alexander,OKC,5,41,4,7,1,34,46,8.91304347826087,36
Klay Thompson,Marvin Bagley III,DAL,8,10,7,1,1,9,18,8.88888888888889,2
Jabari Walker,Quentin Grimes,PHI,8,10,3,4,5,6,18,8.88888888888889,2
Klay Thompson,P.J. Washington,DAL,10,8,6,1,4,7,18,8.88888888888889,2
Jonas Valančiūnas,Peyton Watson,DEN,8,10,6,10,2,0,18,8.88888888888889,2
Josh Hart,Tyler Kolek,NYK,8,10,5,5,3,5,18,8.88888888888889,2
Cedric Coward,Ty Jerome,MEM,10,8,6,6,4,2,18,8.88888888888889,2
Julian Champagnie,Luke Kornet,SAS,10,8,10,2,0,6,18,8.88888888888889,2
Aaron Wiggins,Luguentz Dort,OKC,8,10,4,2,4,8,18,8.88888888888889,2
Cedric Coward,GG Jackson,MEM,10,8,8,4,2,4,18,8.88888888888889,2
Collin Sexton,Leonard Miller,CHI,10,8,10,4,0,4,18,8.88888888888889,2
Goga Bitadze,Paolo Banchero,ORL,8,10,6,9,2,1,18,8.88888888888889,2
Dejounte Murray,Trey Murphy III,NOP,17,6,8,4,9,2,23,8.869565217391305,11
AJ Green,Jericho Sims,MIL,6,17,6,1,0,16,23,8.869565217391305,11
Ja Morant,Jock Landale,MEM,17,6,13,4,4,2,23,8.869565217391305,11
Jay Huff,Quenton Jackson,IND,6,17,4,8,2,9,23,8.869565217391305,11
Jaxson Hayes,LeBron James,LAL,5,39,3,38,2,1,44,8.863636363636363,34
Naz Reid,Rob Dillingham,MIN,7,12,6,5,1,7,19,8.842105263157896,5
CJ McCollum,Tre Johnson,WAS,12,7,5,1,7,6,19,8.842105263157896,5
Bruce Brown,Julian Strawther,DEN,12,7,6,2,6,5,19,8.842105263157896,5
Kawhi Leonard,Nicolas Batum,LAC,12,7,1,4,11,3,19,8.842105263157896,5
Immanuel Quickley,Ochai Agbaji,TOR,12,7,11,3,1,4,19,8.842105263157896,5
Al Horford,Stephen Curry,GSW,12,7,7,4,5,3,19,8.842105263157896,5
Jake LaRavia,Rui Hachimura,LAL,12,7,8,4,4,3,19,8.842105263157896,5
Bub Carrington,Tristan Vukcevic,WAS,35,5,23,2,12,3,40,8.75,30
James Harden,Keon Ellis,CLE,16,6,13,0,3,6,22,8.727272727272727,10
Dennis Schröder,Nique Clifford,SAC,16,6,12,3,4,3,22,8.727272727272727,10
Alperen Sengun,Tari Eason,HOU,34,5,17,5,17,0,39,8.717948717948717,29
Craig Porter Jr.,Jaylon Tyson,CLE,33,5,16,2,17,3,38,8.68421052631579,28
Davion Mitchell,Kel'el Ware,MIA,33,5,21,2,12,3,38,8.68421052631579,28
Draymond Green,Gary Payton II,GSW,30,5,30,4,0,1,35,8.571428571428571,25
Derrick White,Nikola Vučević,BOS,15,6,12,3,3,3,21,8.571428571428571,9
Goga Bitadze,Jalen Suggs,ORL,6,15,3,15,3,0,21,8.571428571428571,9
Klay Thompson,Max Christie,DAL,6,15,1,3,5,12,21,8.571428571428571,9
Gui Santos,Moses Moody,GSW,15,6,2,3,13,3,21,8.571428571428571,9
Davion Mitchell,Simone Fontecchio,MIA,15,6,4,2,11,4,21,8.571428571428571,9
GG Jackson,Olivier-Maxence Prosper,MEM,15,6,9,5,6,1,21,8.571428571428571,9
Cole Anthony,Giannis Antetokounmpo,MIL,15,6,14,4,1,2,21,8.571428571428571,9
Jordan Miller,Kris Dunn,LAC,6,15,2,10,4,5,21,8.571428571428571,9
Oso Ighodaro,Ryan Dunn,PHX,11,7,9,7,2,0,18,8.555555555555555,4
Mohamed Diawara,Tyler Kolek,NYK,7,11,2,5,5,6,18,8.555555555555555,4
Cade Cunningham,Daniss Jenkins,DET,11,7,3,6,8,1,18,8.555555555555555,4
Derrick Jones Jr.,John Collins,LAC,11,7,7,5,4,2,18,8.555555555555555,4
Danny Wolf,Egor Dëmin,BKN,7,11,0,6,7,5,18,8.555555555555555,4
Bub Carrington,Jamir Watkins,WAS,11,7,8,2,3,5,18,8.555555555555555,4
Kristaps Porziņģis,Nickeil Alexander-Walker,ATL,7,11,5,5,2,6,18,8.555555555555555,4
Bryce McGowens,Zion Williamson,NOP,7,11,7,7,0,4,18,8.555555555555555,4
Jericho Sims,Kevin Porter Jr.,MIL,5,29,3,29,2,0,34,8.529411764705882,24
Dennis Schröder,Zach LaVine,SAC,28,5,16,4,12,1,33,8.484848484848484,23
Michael Porter Jr.,Tyrese Martin,BKN,8,9,5,7,3,2,17,8.470588235294118,1
Moussa Diabaté,Tre Mann,CHA,8,9,2,9,6,0,17,8.470588235294118,1
Alex Caruso,Cason Wallace,OKC,8,9,5,6,3,3,17,8.470588235294118,1
Cam Spencer,Walter Clayton Jr.,MEM,8,9,5,4,3,5,17,8.470588235294118,1
Jordan Clarkson,Miles McBride,NYK,9,8,2,5,7,3,17,8.470588235294118,1
Bones Hyland,Rudy Gobert,MIN,8,9,8,1,0,8,17,8.470588235294118,1
Bub Carrington,Will Riley,WAS,27,5,19,2,8,3,32,8.4375,22
Guerschon Yabusele,Josh Giddey,CHI,6,14,3,4,3,10,20,8.4,8
Anthony Black,Franz Wagner,ORL,14,6,9,4,5,2,20,8.4,8
Mitchell Robinson,OG Anunoby,NYK,6,14,2,14,4,0,20,8.4,8
Josh Okogie,Reed Sheppard,HOU,6,14,0,7,6,7,20,8.4,8
Brandon Miller,Coby White,CHA,6,14,2,7,4,7,20,8.4,8
Ja Morant,Santi Aldama,MEM,25,5,18,4,7,1,30,8.333333333333334,20
Isaiah Collier,Kevin Love,UTA,25,5,3,4,22,1,30,8.333333333333334,20
Desmond Bane,Tyus Jones,ORL,5,24,2,16,3,8,29,8.275862068965518,19
Keldon Johnson,Luke Kornet,SAS,5,24,5,21,0,3,29,8.275862068965518,19
Pelle Larsson,Simone Fontecchio,MIA,7,10,1,7,6,3,17,8.235294117647058,3
Caris LeVert,Jalen Duren,DET,10,7,10,5,0,2,17,8.235294117647058,3
Saddiq Bey,Yves Missi,NOP,7,10,7,4,0,6,17,8.235294117647058,3
Robert Williams III,Shaedon Sharpe,POR,10,7,9,7,1,0,17,8.235294117647058,3
Leonard Miller,Tre Jones,CHI,5,23,4,13,1,10,28,8.214285714285714,18
Corey Kispert,Dyson Daniels,ATL,5,23,4,12,1,11,28,8.214285714285714,18
Cade Cunningham,Jaden Ivey,DET,23,5,12,2,11,3,28,8.214285714285714,18
Derik Queen,Micah Peavy,NOP,13,6,11,6,2,0,19,8.210526315789474,7
Maxime Raynaud,Zach LaVine,SAC,6,13,6,13,0,0,19,8.210526315789474,7
Nikola Jović,Simone Fontecchio,MIA,13,6,2,1,11,5,19,8.210526315789474,7
Caris LeVert,Jaden Ivey,DET,13,6,6,2,7,4,19,8.210526315789474,7
Stephen Curry,Will Richard,GSW,13,6,6,2,7,4,19,8.210526315789474,7
Paolo Banchero,Tyus Jones,ORL,6,13,3,13,3,0,19,8.210526315789474,7
Drake Powell,Nic Claxton,BKN,6,13,6,4,0,9,19,8.210526315789474,7
Trendon Watford,VJ Edgecombe,PHI,13,6,6,5,7,1,19,8.210526315789474,7
Keegan Murray,Russell Westbrook,SAC,5,22,2,17,3,5,27,8.148148148148149,17
Luka Dončić,Luke Kennard,LAL,21,5,11,4,10,1,26,8.076923076923077,16
Donovan Mitchell,Nae'Qwan Tomlin,CLE,21,5,16,3,5,2,26,8.076923076923077,16
GG Jackson,Javon Small,MEM,5,20,2,10,3,10,25,8,15
Jalen Brunson,Mohamed Diawara,NYK,20,5,7,3,13,2,25,8,15
Jaylen Brown,Jayson Tatum,BOS,6,12,3,8,3,4,18,8,6
Micah Potter,Quenton Jackson,IND,6,12,4,8,2,4,18,8,6
Caleb Love,Rayan Rupert,POR,6,12,2,2,4,10,18,8,6
Brandon Williams,Caleb Martin,DAL,12,6,6,5,6,1,18,8,6
Franz Wagner,Tristan da Silva,ORL,12,6,4,4,8,2,18,8,6
Dru Smith,Norman Powell,MIA,12,6,8,3,4,3,18,8,6
Moses Moody,Quinten Post,GSW,6,12,2,7,4,5,18,8,6
Cooper Flagg,Khris Middleton,DAL,8,8,3,7,5,1,16,8,0
Jamaree Bouyea,Jordan Goodwin,PHX,8,8,3,6,5,2,16,8,0
Jaxson Hayes,Luke Kennard,LAL,8,8,4,8,4,0,16,8,0
Brandon Miller,Josh Green,CHA,8,8,0,4,8,4,16,8,0
Gradey Dick,Ja'Kobe Walter,TOR,8,8,5,2,3,6,16,8,0
Daeqwon Plowden,Maxime Raynaud,SAC,8,8,7,2,1,6,16,8,0
Domantas Sabonis,Malik Monk,SAC,8,8,5,7,3,1,16,8,0
Jarace Walker,Obi Toppin,IND,8,8,6,6,2,2,16,8,0
Jimmy Butler III,Quinten Post,GSW,19,5,9,5,10,0,24,7.916666666666667,14
LaMelo Ball,Sion James,CHA,19,5,5,1,14,4,24,7.916666666666667,14
Adem Bona,Quentin Grimes,PHI,5,19,2,18,3,1,24,7.916666666666667,14
Collin Sexton,Moussa Diabaté,CHA,19,5,19,4,0,1,24,7.916666666666667,14
Danny Wolf,Drake Powell,BKN,7,9,5,7,2,2,16,7.875,2
Corey Kispert,Marvin Bagley III,WAS,9,7,7,5,2,2,16,7.875,2
Cam Thomas,Nolan Traore,BKN,9,7,0,1,9,6,16,7.875,2
Luka Garza,Sam Hauser,BOS,9,7,2,4,7,3,16,7.875,2
Ayo Dosunmu,Donte DiVincenzo,MIN,7,9,2,7,5,2,16,7.875,2
Gary Payton II,Quinten Post,GSW,9,7,5,7,4,0,16,7.875,2
Kevin Huerter,Patrick Williams,CHI,7,9,4,4,3,5,16,7.875,2
Jamaree Bouyea,Ryan Dunn,PHX,7,9,3,7,4,2,16,7.875,2
Jaylen Clark,Julius Randle,MIN,7,9,6,6,1,3,16,7.875,2
Cam Spencer,Vince Williams Jr.,MEM,9,7,1,1,8,6,16,7.875,2
Buddy Hield,Quinten Post,GSW,9,7,3,3,6,4,16,7.875,2
Guerschon Yabusele,Matas Buzelis,CHI,7,9,2,3,5,6,16,7.875,2
Dyson Daniels,Jock Landale,ATL,9,7,3,6,6,1,16,7.875,2
CJ McCollum,Corey Kispert,ATL,9,7,2,4,7,3,16,7.875,2
Harrison Barnes,Luke Kornet,SAS,7,9,7,3,0,6,16,7.875,2
Kasparas Jakučionis,Simone Fontecchio,MIA,9,7,1,1,8,6,16,7.875,2
Collin Sexton,Patrick Williams,CHI,7,9,0,2,7,7,16,7.875,2
Desmond Bane,Noah Penda,ORL,9,7,5,5,4,2,16,7.875,2
Matas Buzelis,Patrick Williams,CHI,7,9,3,5,4,4,16,7.875,2
Dominick Barlow,Paul George,PHI,7,9,1,9,6,0,16,7.875,2
Andrew Nembhard,T.J. McConnell,IND,9,7,6,4,3,3,16,7.875,2
Devin Carter,Nique Clifford,SAC,18,5,12,2,6,3,23,7.826086956521739,13
James Harden,Jaylon Tyson,CLE,18,5,7,0,11,5,23,7.826086956521739,13
Jalen Johnson,Trae Young,ATL,5,18,3,17,2,1,23,7.826086956521739,13
Dominick Barlow,Joel Embiid,PHI,5,18,3,17,2,1,23,7.826086956521739,13
Brandon Miller,Collin Sexton,CHA,6,11,4,7,2,4,17,7.764705882352941,5
Javon Small,Taylor Hendricks,MEM,11,6,6,1,5,5,17,7.764705882352941,5
John Collins,Jordan Miller,LAC,6,11,3,5,3,6,17,7.764705882352941,5
Mouhamed Gueye,Onyeka Okongwu,ATL,6,11,5,5,1,6,17,7.764705882352941,5
Brandin Podziemski,Buddy Hield,GSW,11,6,4,5,7,1,17,7.764705882352941,5
Desmond Bane,Jase Richardson,ORL,6,11,4,8,2,3,17,7.764705882352941,5
Jayson Tatum,Payton Pritchard,BOS,11,6,3,2,8,4,17,7.764705882352941,5
Anthony Edwards,Mike Conley,MIN,5,17,1,7,4,10,22,7.7272727272727275,12
Jose Alvarado,Karl-Anthony Towns,NYK,17,5,17,3,0,2,22,7.7272727272727275,12
Anthony Gill,Bub Carrington,WAS,5,17,1,15,4,2,22,7.7272727272727275,12
LeBron James,Luke Kennard,LAL,17,5,10,4,7,1,22,7.7272727272727275,12
Danny Wolf,Ziaire Williams,BKN,17,5,5,3,12,2,22,7.7272727272727275,12
DeMar DeRozan,Keegan Murray,SAC,17,5,7,4,10,1,22,7.7272727272727275,12
Collin Murray-Boyles,Ja'Kobe Walter,TOR,16,5,9,4,7,1,21,7.619047619047619,11
Ben Saraf,Danny Wolf,BKN,16,5,6,3,10,2,21,7.619047619047619,11
Aaron Holiday,Amen Thompson,HOU,5,16,3,1,2,15,21,7.619047619047619,11
Jared McCain,Jaylin Williams,OKC,5,16,1,6,4,10,21,7.619047619047619,11
Brice Sensabaugh,Kyle Anderson,UTA,5,15,5,10,0,5,20,7.5,10
Coby White,Isaac Okoro,CHI,15,5,12,2,3,3,20,7.5,10
Daeqwon Plowden,Nique Clifford,SAC,5,15,2,6,3,9,20,7.5,10
James Harden,Nicolas Batum,LAC,15,5,0,2,15,3,20,7.5,10
Jamir Watkins,Sharife Cooper,WAS,5,15,1,8,4,7,20,7.5,10
Cam Spencer,Taylor Hendricks,MEM,15,5,10,2,5,3,20,7.5,10
Jalen Pickett,Tim Hardaway Jr.,DEN,15,5,6,2,9,3,20,7.5,10
Corey Kispert,Jock Landale,ATL,6,10,5,5,1,5,16,7.5,4
Keaton Wallace,Zaccharie Risacher,ATL,10,6,7,1,3,5,16,7.5,4
Kyle Kuzma,Ousmane Dieng,MIL,6,10,3,6,3,4,16,7.5,4
Bryce McGowens,Saddiq Bey,NOP,10,6,4,4,6,2,16,7.5,4
Gary Payton II,Jimmy Butler III,GSW,6,10,5,10,1,0,16,7.5,4
Jordan Clarkson,OG Anunoby,NYK,10,6,5,1,5,5,16,7.5,4
Jalen Smith,Patrick Williams,CHI,6,10,1,8,5,2,16,7.5,4
Robert Williams III,Scoot Henderson,POR,6,10,4,8,2,2,16,7.5,4
Isaiah Collier,Kyle Anderson,UTA,10,6,8,5,2,1,16,7.5,4
CJ McCollum,Marvin Bagley III,WAS,6,10,5,4,1,6,16,7.5,4
Isaiah Collier,Walter Clayton Jr.,UTA,10,6,3,4,7,2,16,7.5,4
Keaton Wallace,Luke Kennard,ATL,10,6,2,0,8,6,16,7.5,4
Kasparas Jakučionis,Pelle Larsson,MIA,10,6,9,2,1,4,16,7.5,4
Aaron Gordon,Cameron Johnson,DEN,10,6,5,1,5,5,16,7.5,4
DeMar DeRozan,Devin Carter,SAC,7,8,3,7,4,1,15,7.466666666666667,1
Donovan Clingan,Kris Murray,POR,7,8,7,3,0,5,15,7.466666666666667,1
Dean Wade,Lonzo Ball,CLE,8,7,1,2,7,5,15,7.466666666666667,1
Bruce Brown,Spencer Jones,DEN,8,7,3,6,5,1,15,7.466666666666667,1
Anthony Gill,Jaden Hardy,WAS,7,8,0,7,7,1,15,7.466666666666667,1
Kristaps Porziņģis,Zaccharie Risacher,ATL,8,7,4,6,4,1,15,7.466666666666667,1
Brook Lopez,John Collins,LAC,8,7,5,3,3,4,15,7.466666666666667,1
Jay Huff,Kobe Brown,IND,7,8,2,6,5,2,15,7.466666666666667,1
Ben Saraf,Drake Powell,BKN,8,7,3,6,5,1,15,7.466666666666667,1
Jonathan Kuminga,Nickeil Alexander-Walker,ATL,8,7,2,3,6,4,15,7.466666666666667,1
Gary Payton II,Moses Moody,GSW,7,8,1,4,6,4,15,7.466666666666667,1
Gui Santos,Stephen Curry,GSW,8,7,4,3,4,4,15,7.466666666666667,1
Justin Champagnie,Tre Johnson,WAS,7,8,1,5,6,3,15,7.466666666666667,1
Jarace Walker,Taelon Peter,IND,7,8,3,3,4,5,15,7.466666666666667,1
Austin Reaves,Rui Hachimura,LAL,47,4,27,2,20,2,51,7.372549019607843,43
Aaron Gordon,Peyton Watson,DEN,14,5,9,1,5,4,19,7.368421052631579,9
Kyshawn George,Tristan Vukcevic,WAS,14,5,11,2,3,3,19,7.368421052631579,9
Ausar Thompson,Isaiah Stewart,DET,14,5,7,5,7,0,19,7.368421052631579,9
Jamison Battle,Scottie Barnes,TOR,5,14,4,8,1,6,19,7.368421052631579,9
Darius Garland,Sam Merrill,CLE,14,5,2,3,12,2,19,7.368421052631579,9
Desmond Bane,Jett Howard,ORL,14,5,5,3,9,2,19,7.368421052631579,9
Anthony Black,Goga Bitadze,ORL,14,5,14,5,0,0,19,7.368421052631579,9
Justin Champagnie,Kyshawn George,WAS,5,14,0,9,5,5,19,7.368421052631579,9
Adem Bona,VJ Edgecombe,PHI,5,14,3,14,2,0,19,7.368421052631579,9
Anthony Gill,Sharife Cooper,WAS,5,14,4,13,1,1,19,7.368421052631579,9
Isaiah Joe,Jalen Williams,OKC,5,14,5,1,0,13,19,7.368421052631579,9
Keaton Wallace,Onyeka Okongwu,ATL,13,5,7,2,6,3,18,7.222222222222222,8
De'Andre Hunter,Lonzo Ball,CLE,5,13,0,7,5,6,18,7.222222222222222,8
Ausar Thompson,Paul Reed,DET,13,5,11,4,2,1,18,7.222222222222222,8
Keyonte George,Walter Clayton Jr.,UTA,6,9,1,6,5,3,15,7.2,3
Coby White,Kon Knueppel,CHA,6,9,1,2,5,7,15,7.2,3
Dejounte Murray,Herbert Jones,NOP,9,6,1,3,8,3,15,7.2,3
Day'Ron Sharpe,Noah Clowney,BKN,9,6,6,6,3,0,15,7.2,3
Brandon Miller,Grant Williams,CHA,9,6,2,1,7,5,15,7.2,3
Jake LaRavia,Luke Kennard,LAL,6,9,4,3,2,6,15,7.2,3
Josh Green,Kon Knueppel,CHA,6,9,4,3,2,6,15,7.2,3
Javonte Green,Ronald Holland II,DET,9,6,8,4,1,2,15,7.2,3
Baylor Scheierman,Neemias Queta,BOS,6,9,6,4,0,5,15,7.2,3
Jase Richardson,Noah Penda,ORL,6,9,2,4,4,5,15,7.2,3
Jaylin Williams,Luguentz Dort,OKC,9,6,4,2,5,4,15,7.2,3
Amen Thompson,Dorian Finney-Smith,HOU,9,6,2,5,7,1,15,7.2,3
Bub Carrington,Khris Middleton,WAS,9,6,3,0,6,6,15,7.2,3
James Harden,Sam Merrill,CLE,31,4,9,1,22,3,35,7.085714285714285,27
Isaiah Hartenstein,Isaiah Joe,OKC,30,4,14,4,16,0,34,7.0588235294117645,26
Jerami Grant,Kris Murray,POR,5,12,2,8,3,4,17,7.0588235294117645,7
Josh Green,LaMelo Ball,CHA,5,12,1,3,4,9,17,7.0588235294117645,7
Bilal Coulibaly,Will Riley,WAS,12,5,4,2,8,3,17,7.0588235294117645,7
Draymond Green,Kristaps Porziņģis,GSW,12,5,7,2,5,3,17,7.0588235294117645,7
Noah Clowney,Tyrese Martin,BKN,5,12,1,3,4,9,17,7.0588235294117645,7
Aaron Gordon,Tim Hardaway Jr.,DEN,12,5,3,3,9,2,17,7.0588235294117645,7
Jaren Jackson Jr.,Jaylen Wells,MEM,5,12,2,4,3,8,17,7.0588235294117645,7
Bennedict Mathurin,T.J. McConnell,IND,5,12,5,7,0,5,17,7.0588235294117645,7
Matas Buzelis,Rob Dillingham,CHI,5,12,2,6,3,6,17,7.0588235294117645,7
P.J. Washington,Ryan Nembhard,DAL,4,29,3,19,1,10,33,7.03030303030303,25
Cam Spencer,Olivier-Maxence Prosper,MEM,28,4,22,3,6,1,32,7,24
Brook Lopez,James Harden,LAC,4,28,2,8,2,20,32,7,24
Nikola Vučević,Patrick Williams,CHI,7,7,3,7,4,0,14,7,0
Anthony Gill,Bilal Coulibaly,WAS,7,7,6,7,1,0,14,7,0
Brandon Ingram,Gradey Dick,TOR,7,7,3,5,4,2,14,7,0
De'Anthony Melton,Will Richard,GSW,7,7,4,2,3,5,14,7,0
De'Andre Hunter,Jarrett Allen,CLE,7,7,7,5,0,2,14,7,0
Andre Drummond,Dominick Barlow,PHI,7,7,7,3,0,4,14,7,0
De'Anthony Melton,Moses Moody,GSW,7,7,3,5,4,2,14,7,0
Jordan Clarkson,Mitchell Robinson,NYK,7,7,7,6,0,1,14,7,0
Aaron Wiggins,Jalen Williams,OKC,7,7,7,4,0,3,14,7,0
Jeremiah Fears,Micah Peavy,NOP,7,7,5,5,2,2,14,7,0
Micah Potter,T.J. McConnell,IND,4,27,4,7,0,20,31,6.967741935483871,23
Ja Morant,Jaren Jackson Jr.,MEM,26,4,19,2,7,2,30,6.933333333333334,22
Cade Cunningham,Paul Reed,DET,25,4,24,2,1,2,29,6.896551724137931,21
Dyson Daniels,Kristaps Porziņģis,ATL,11,5,8,5,3,0,16,6.875,6
Hugo González,Payton Pritchard,BOS,5,11,2,5,3,6,16,6.875,6
Josh Giddey,Rob Dillingham,CHI,11,5,6,3,5,2,16,6.875,6
Jose Alvarado,Yves Missi,NOP,11,5,11,1,0,4,16,6.875,6
Darius Garland,Isaiah Jackson,LAC,11,5,11,3,0,2,16,6.875,6
Kobe Brown,Micah Potter,IND,11,5,5,3,6,2,16,6.875,6
Danny Wolf,Michael Porter Jr.,BKN,11,5,8,3,3,2,16,6.875,6
Obi Toppin,T.J. McConnell,IND,5,11,4,6,1,5,16,6.875,6
Jaylen Clark,Naz Reid,MIN,5,11,2,6,3,5,16,6.875,6
Gui Santos,Quinten Post,GSW,11,5,7,4,4,1,16,6.875,6
Jake LaRavia,Jarred Vanderbilt,LAL,5,11,4,6,1,5,16,6.875,6
Aaron Wiggins,Shai Gilgeous-Alexander,OKC,4,24,2,11,2,13,28,6.857142857142857,20
Alex Caruso,Isaiah Hartenstein,OKC,6,8,6,2,0,6,14,6.857142857142857,2
Evan Mobley,Tyrese Proctor,CLE,6,8,1,5,5,3,14,6.857142857142857,2
Brandin Podziemski,Kristaps Porziņģis,GSW,6,8,2,3,4,5,14,6.857142857142857,2
Brice Sensabaugh,Jusuf Nurkić,UTA,6,8,5,4,1,4,14,6.857142857142857,2
Gary Trent Jr.,Pete Nance,MIL,6,8,1,4,5,4,14,6.857142857142857,2
Bennedict Mathurin,Brook Lopez,LAC,8,6,5,5,3,1,14,6.857142857142857,2
Herbert Jones,Yves Missi,NOP,6,8,6,1,0,7,14,6.857142857142857,2
Khris Middleton,Naji Marshall,DAL,6,8,6,5,0,3,14,6.857142857142857,2
Danny Wolf,Noah Clowney,BKN,8,6,4,3,4,3,14,6.857142857142857,2
Dennis Schröder,James Harden,CLE,6,8,1,6,5,2,14,6.857142857142857,2
Donovan Mitchell,Tyrese Proctor,CLE,8,6,2,1,6,5,14,6.857142857142857,2
Isaac Okoro,Patrick Williams,CHI,6,8,0,3,6,5,14,6.857142857142857,2
Amen Thompson,Steven Adams,HOU,6,8,6,6,0,2,14,6.857142857142857,2
Cameron Johnson,Peyton Watson,DEN,8,6,4,1,4,5,14,6.857142857142857,2
Ja Morant,Jaylen Wells,MEM,23,4,12,3,11,1,27,6.814814814814815,19
Caris LeVert,Javonte Green,DET,22,4,9,1,13,3,26,6.769230769230769,18
Jakob Poeltl,Jamal Shead,TOR,4,22,1,22,3,0,26,6.769230769230769,18
Kel'el Ware,Norman Powell,MIA,4,21,2,18,2,3,25,6.72,17
Michael Porter Jr.,Nolan Traore,BKN,4,21,3,10,1,11,25,6.72,17
Isaiah Collier,Svi Mykhailiuk,UTA,20,4,8,3,12,1,24,6.666666666666667,16
Jrue Holiday,Sidy Cissoko,POR,10,5,5,2,5,3,15,6.666666666666667,5
Desmond Bane,Jonathan Isaac,ORL,10,5,7,3,3,2,15,6.666666666666667,5
Dominick Barlow,Justin Edwards,PHI,5,10,3,8,2,2,15,6.666666666666667,5
Jose Alvarado,Josh Hart,NYK,5,10,3,3,2,7,15,6.666666666666667,5
Aaron Wiggins,Isaiah Joe,OKC,5,10,1,4,4,6,15,6.666666666666667,5
Cam Spencer,Jahmai Mashack,MEM,10,5,7,2,3,3,15,6.666666666666667,5
Darius Garland,Kris Dunn,LAC,10,5,2,1,8,4,15,6.666666666666667,5
De'Anthony Melton,Pat Spencer,GSW,5,10,2,4,3,6,15,6.666666666666667,5
Micah Peavy,Trey Murphy III,NOP,10,5,4,3,6,2,15,6.666666666666667,5
Julian Reese,Will Riley,WAS,5,10,5,10,0,0,15,6.666666666666667,5
Jett Howard,Paolo Banchero,ORL,5,10,5,4,0,6,15,6.666666666666667,5
Coby White,Grant Williams,CHA,10,5,0,3,10,2,15,6.666666666666667,5
Kel'el Ware,Tyler Herro,MIA,5,10,3,8,2,2,15,6.666666666666667,5
Derik Queen,Jordan Poole,NOP,10,5,4,5,6,0,15,6.666666666666667,5
Ajay Mitchell,Luguentz Dort,OKC,10,5,4,3,6,2,15,6.666666666666667,5
Jalen Johnson,Mouhamed Gueye,ATL,19,4,15,4,4,0,23,6.608695652173913,15
Lauri Markkanen,Walter Clayton Jr.,UTA,4,19,0,9,4,10,23,6.608695652173913,15
Collin Sexton,Josh Giddey,CHI,4,18,3,6,1,12,22,6.545454545454546,14
Marcus Smart,Rui Hachimura,LAL,18,4,10,1,8,3,22,6.545454545454546,14
Donovan Mitchell,Lonzo Ball,CLE,4,18,1,7,3,11,22,6.545454545454546,14
Jock Landale,Santi Aldama,MEM,4,17,2,12,2,5,21,6.476190476190476,13
Coby White,Tre Jones,CHI,4,17,3,6,1,11,21,6.476190476190476,13
Kenrich Williams,Shai Gilgeous-Alexander,OKC,4,17,4,10,0,7,21,6.476190476190476,13
Jerami Grant,Scoot Henderson,POR,4,17,0,7,4,10,21,6.476190476190476,13
Derik Queen,Yves Missi,NOP,7,6,7,5,0,1,13,6.461538461538462,1
Brandon Ingram,Ochai Agbaji,TOR,7,6,4,3,3,3,13,6.461538461538462,1
Anthony Davis,Max Christie,DAL,7,6,3,5,4,1,13,6.461538461538462,1
Kris Murray,Scoot Henderson,POR,6,7,2,4,4,3,13,6.461538461538462,1
Buddy Hield,Stephen Curry,GSW,7,6,1,3,6,3,13,6.461538461538462,1
Ben Sheppard,Obi Toppin,IND,6,7,3,4,3,3,13,6.461538461538462,1
Jordan Hawkins,Micah Peavy,NOP,7,6,4,1,3,5,13,6.461538461538462,1
Brandin Podziemski,Jonathan Kuminga,GSW,7,6,5,4,2,2,13,6.461538461538462,1
Jalen Duren,Javonte Green,DET,6,7,3,7,3,0,13,6.461538461538462,1
Gary Payton II,Kristaps Porziņģis,GSW,6,7,3,7,3,0,13,6.461538461538462,1
Nikola Jović,Pelle Larsson,MIA,6,7,4,6,2,1,13,6.461538461538462,1
Cam Christie,Kobe Brown,LAC,7,6,4,5,3,1,13,6.461538461538462,1
Dillon Brooks,Oso Ighodaro,PHX,6,7,6,4,0,3,13,6.461538461538462,1
Duncan Robinson,Isaiah Stewart,DET,7,6,5,2,2,4,13,6.461538461538462,1
Kris Murray,Toumani Camara,POR,7,6,3,5,4,1,13,6.461538461538462,1
Kobe Brown,Quenton Jackson,IND,7,6,3,4,4,2,13,6.461538461538462,1
Herbert Jones,Jordan Poole,NOP,6,7,3,6,3,1,13,6.461538461538462,1
Brook Lopez,Nicolas Batum,LAC,6,7,0,5,6,2,13,6.461538461538462,1
Collin Sexton,Rob Dillingham,CHI,6,7,4,2,2,5,13,6.461538461538462,1
Isaiah Stewart,Jalen Duren,DET,5,9,5,4,0,5,14,6.428571428571429,4
Jaden Ivey,Ronald Holland II,DET,9,5,7,1,2,4,14,6.428571428571429,4
Chet Holmgren,Jaylin Williams,OKC,5,9,3,8,2,1,14,6.428571428571429,4
Kel'el Ware,Simone Fontecchio,MIA,5,9,0,7,5,2,14,6.428571428571429,4
Noah Penda,Paolo Banchero,ORL,5,9,5,4,0,5,14,6.428571428571429,4
Ben Sheppard,Bennedict Mathurin,IND,9,5,5,1,4,4,14,6.428571428571429,4
Dwight Powell,Naji Marshall,DAL,5,9,4,9,1,0,14,6.428571428571429,4
Myron Gardner,Simone Fontecchio,MIA,9,5,3,1,6,4,14,6.428571428571429,4
Dwight Powell,Ryan Nembhard,DAL,5,9,3,9,2,0,14,6.428571428571429,4
Nic Claxton,Tyrese Martin,BKN,5,9,5,9,0,0,14,6.428571428571429,4
Jonas Valančiūnas,Julian Strawther,DEN,9,5,7,5,2,0,14,6.428571428571429,4
Robert Williams III,Sidy Cissoko,POR,5,9,3,8,2,1,14,6.428571428571429,4
Jordan Poole,Jose Alvarado,NOP,5,9,3,4,2,5,14,6.428571428571429,4
Cam Christie,Jordan Miller,LAC,5,9,3,8,2,1,14,6.428571428571429,4
Coby White,Sion James,CHA,5,9,1,4,4,5,14,6.428571428571429,4
Brandin Podziemski,Trayce Jackson-Davis,GSW,5,9,5,4,0,5,14,6.428571428571429,4
Al Horford,Draymond Green,GSW,5,9,1,4,4,5,14,6.428571428571429,4
Mouhamed Gueye,Zaccharie Risacher,ATL,9,5,4,4,5,1,14,6.428571428571429,4
Cade Cunningham,Marcus Sasser,DET,9,5,1,2,8,3,14,6.428571428571429,4
Gui Santos,Kristaps Porziņģis,GSW,9,5,4,2,5,3,14,6.428571428571429,4
Ace Bailey,Svi Mykhailiuk,UTA,9,5,1,1,8,4,14,6.428571428571429,4
Bennedict Mathurin,Kawhi Leonard,LAC,9,5,6,4,3,1,14,6.428571428571429,4
Daniel Gafford,Naji Marshall,DAL,4,16,3,16,1,0,20,6.4,12
Isaiah Collier,Taylor Hendricks,UTA,16,4,10,2,6,2,20,6.4,12
Brice Sensabaugh,Walter Clayton Jr.,UTA,4,16,2,9,2,7,20,6.4,12
Kyshawn George,Marvin Bagley III,WAS,16,4,16,3,0,1,20,6.4,12
Andrew Nembhard,Isaiah Jackson,IND,15,4,15,3,0,1,19,6.315789473684211,11
Moses Moody,Pat Spencer,GSW,4,15,0,4,4,11,19,6.315789473684211,11
Vince Williams Jr.,Zach Edey,MEM,15,4,15,2,0,2,19,6.315789473684211,11
Daniss Jenkins,Kevin Huerter,DET,15,4,7,3,8,1,19,6.315789473684211,11
Jordan Clarkson,Tyler Kolek,NYK,4,15,0,10,4,5,19,6.315789473684211,11
Darius Garland,Dean Wade,CLE,14,4,6,1,8,3,18,6.222222222222222,10
Ace Bailey,Elijah Harkless,UTA,4,14,3,8,1,6,18,6.222222222222222,10
Caleb Martin,Klay Thompson,DAL,14,4,4,4,10,0,18,6.222222222222222,10
Caleb Martin,Naji Marshall,DAL,14,4,10,3,4,1,18,6.222222222222222,10
Jordan Poole,Karlo Matković,NOP,14,4,8,0,6,4,18,6.222222222222222,10
Nickeil Alexander-Walker,Trae Young,ATL,4,14,1,7,3,7,18,6.222222222222222,10
Pete Nance,Ryan Rollins,MIL,4,14,3,5,1,9,18,6.222222222222222,10
Drake Powell,Nolan Traore,BKN,4,14,0,2,4,12,18,6.222222222222222,10
Jarace Walker,Kam Jones,IND,4,14,2,6,2,8,18,6.222222222222222,10
Austin Reaves,Jarred Vanderbilt,LAL,5,8,2,6,3,2,13,6.153846153846154,3
Kobe Sanders,Nicolas Batum,LAC,8,5,1,2,7,3,13,6.153846153846154,3
Bruce Brown,Jalen Pickett,DEN,5,8,3,7,2,1,13,6.153846153846154,3
Anthony Black,Jase Richardson,ORL,8,5,2,4,6,1,13,6.153846153846154,3
Pascal Siakam,Tony Bradley,IND,8,5,8,3,0,2,13,6.153846153846154,3
Dru Smith,Pelle Larsson,MIA,8,5,6,1,2,4,13,6.153846153846154,3
Kris Murray,Shaedon Sharpe,POR,5,8,3,4,2,4,13,6.153846153846154,3
Javon Small,Walter Clayton Jr.,MEM,5,8,2,4,3,4,13,6.153846153846154,3
Javonte Green,Paul Reed,DET,5,8,4,5,1,3,13,6.153846153846154,3
Coby White,Miles Bridges,CHA,8,5,6,2,2,3,13,6.153846153846154,3
Al Horford,Will Richard,GSW,8,5,5,3,3,2,13,6.153846153846154,3
Jalen Duren,Kevin Huerter,DET,5,8,3,8,2,0,13,6.153846153846154,3
Bruce Brown,Peyton Watson,DEN,8,5,4,1,4,4,13,6.153846153846154,3
Isaiah Stewart,Jaden Ivey,DET,5,8,4,7,1,1,13,6.153846153846154,3
Jaren Jackson Jr.,Jock Landale,MEM,5,8,2,5,3,3,13,6.153846153846154,3
LeBron James,Maxi Kleber,LAL,8,5,8,4,0,1,13,6.153846153846154,3
Jaylen Brown,Josh Minott,BOS,13,4,9,1,4,3,17,6.117647058823529,9
Egor Dëmin,Nolan Traore,BKN,4,13,1,2,3,11,17,6.117647058823529,9
Al Horford,Gui Santos,GSW,13,4,8,2,5,2,17,6.117647058823529,9
CJ McCollum,Mouhamed Gueye,ATL,13,4,4,1,9,3,17,6.117647058823529,9
CJ McCollum,Jock Landale,ATL,13,4,8,2,5,2,17,6.117647058823529,9
Bones Hyland,Kyle Anderson,MIN,4,13,4,2,0,11,17,6.117647058823529,9
Cam Spencer,Ja Morant,MEM,4,13,1,1,3,12,17,6.117647058823529,9
Donovan Mitchell,Keon Ellis,CLE,13,4,4,2,9,2,17,6.117647058823529,9
Chet Holmgren,Isaiah Joe,OKC,13,4,6,3,7,1,17,6.117647058823529,9
Dennis Schröder,Jaylon Tyson,CLE,12,4,5,1,7,3,16,6,8
Jimmy Butler III,Will Richard,GSW,12,4,4,3,8,1,16,6,8
Grayson Allen,Ryan Dunn,PHX,12,4,8,1,4,3,16,6,8
Branden Carlson,Shai Gilgeous-Alexander,OKC,4,12,4,8,0,4,16,6,8
Sharife Cooper,Will Riley,WAS,12,4,4,0,8,4,16,6,8
Isaiah Joe,Kenrich Williams,OKC,4,12,2,2,2,10,16,6,8
Jaden Hardy,Jamir Watkins,WAS,4,12,1,3,3,9,16,6,8
Bennedict Mathurin,Kobe Sanders,LAC,6,6,2,5,4,1,12,6,0
Bruce Brown,Cameron Johnson,DEN,6,6,5,3,1,3,12,6,0
Aaron Holiday,Kevin Durant,HOU,6,6,2,2,4,4,12,6,0
Cody Williams,Elijah Harkless,UTA,6,6,3,5,3,1,12,6,0
AJ Johnson,Will Riley,WAS,6,6,4,2,2,4,12,6,0
Isaiah Jackson,Pascal Siakam,IND,6,6,5,6,1,0,12,6,0
De'Anthony Melton,Jimmy Butler III,GSW,6,6,4,2,2,4,12,6,0
Jaylen Wells,Olivier-Maxence Prosper,MEM,6,6,4,1,2,5,12,6,0
Drake Powell,Tyrese Martin,BKN,6,6,1,4,5,2,12,6,0
Lonzo Ball,Thomas Bryant,CLE,11,4,5,1,6,3,15,5.866666666666666,7
Anfernee Simons,Neemias Queta,BOS,11,4,11,3,0,1,15,5.866666666666666,7
Keon Ellis,Russell Westbrook,SAC,4,11,2,3,2,8,15,5.866666666666666,7
Draymond Green,Jonathan Kuminga,GSW,11,4,8,2,3,2,15,5.866666666666666,7
Ausar Thompson,Ronald Holland II,DET,11,4,6,4,5,0,15,5.866666666666666,7
Bennedict Mathurin,Kris Dunn,LAC,4,11,2,10,2,1,15,5.866666666666666,7
Paul Reed,Ronald Holland II,DET,4,11,4,11,0,0,15,5.866666666666666,7
Duncan Robinson,Marcus Sasser,DET,4,11,0,1,4,10,15,5.866666666666666,7
Ben Saraf,Nic Claxton,BKN,11,4,11,2,0,2,15,5.866666666666666,7
Brice Sensabaugh,Kennedy Chandler,UTA,4,11,2,8,2,3,15,5.866666666666666,7
Ben Saraf,Tyson Etienne,BKN,11,4,2,3,9,1,15,5.866666666666666,7
Dorian Finney-Smith,Kevin Durant,HOU,7,5,5,2,2,3,12,5.833333333333333,2
Mikal Bridges,Mohamed Diawara,NYK,7,5,1,2,6,3,12,5.833333333333333,2
Cooper Flagg,D'Angelo Russell,DAL,5,7,2,3,3,4,12,5.833333333333333,2
Isaiah Joe,Jared McCain,OKC,5,7,1,1,4,6,12,5.833333333333333,2
Isaac Okoro,Kevin Huerter,CHI,5,7,2,6,3,1,12,5.833333333333333,2
Bam Adebayo,Myron Gardner,MIA,5,7,2,6,3,1,12,5.833333333333333,2
Anthony Edwards,Jaylen Clark,MIN,5,7,0,4,5,3,12,5.833333333333333,2
Anfernee Simons,Hugo González,BOS,7,5,3,0,4,5,12,5.833333333333333,2
Jose Alvarado,Landry Shamet,NYK,7,5,2,3,5,2,12,5.833333333333333,2
Collin Gillespie,Isaiah Livers,PHX,7,5,3,1,4,4,12,5.833333333333333,2
Jared McCain,Paul George,PHI,7,5,2,1,5,4,12,5.833333333333333,2
Quenton Jackson,Taelon Peter,IND,5,7,1,5,4,2,12,5.833333333333333,2
Desmond Bane,Jamal Cain,ORL,7,5,5,1,2,4,12,5.833333333333333,2
Jabari Walker,Tyrese Maxey,PHI,5,7,2,3,3,4,12,5.833333333333333,2
Mikal Bridges,Mitchell Robinson,NYK,7,5,7,4,0,1,12,5.833333333333333,2
Andrew Wiggins,Simone Fontecchio,MIA,7,5,2,2,5,3,12,5.833333333333333,2
Aaron Nesmith,Jay Huff,IND,7,5,3,3,4,2,12,5.833333333333333,2
Gradey Dick,Jamison Battle,TOR,5,7,1,5,4,2,12,5.833333333333333,2
Cedric Coward,Walter Clayton Jr.,MEM,4,10,2,6,2,4,14,5.714285714285714,6
Carter Bryant,Keldon Johnson,SAS,10,4,7,1,3,3,14,5.714285714285714,6
Andrew Wiggins,Kasparas Jakučionis,MIA,4,10,1,5,3,5,14,5.714285714285714,6
Jake LaRavia,Jaxson Hayes,LAL,10,4,10,1,0,3,14,5.714285714285714,6
James Harden,Jordan Miller,LAC,10,4,9,1,1,3,14,5.714285714285714,6
Gabe Vincent,Luka Dončić,LAL,4,10,1,0,3,10,14,5.714285714285714,6
Taylor Hendricks,Walter Clayton Jr.,UTA,4,10,3,5,1,5,14,5.714285714285714,6
Deni Avdija,Matisse Thybulle,POR,10,4,2,3,8,1,14,5.714285714285714,6
LaMelo Ball,Tidjane Salaün,CHA,10,4,5,1,5,3,14,5.714285714285714,6
Rayan Rupert,Walter Clayton Jr.,MEM,4,10,1,3,3,7,14,5.714285714285714,6
Isaiah Jackson,Jarace Walker,IND,4,10,3,10,1,0,14,5.714285714285714,6
Robert Williams III,Toumani Camara,POR,10,4,3,4,7,0,14,5.714285714285714,6
Ousmane Dieng,Taurean Prince,MIL,10,4,2,2,8,2,14,5.714285714285714,6
AJ Green,Gary Trent Jr.,MIL,10,4,0,0,10,4,14,5.714285714285714,6
Rob Dillingham,Tre Jones,CHI,9,4,8,2,1,2,13,5.538461538461538,5
Luke Kennard,Mouhamed Gueye,ATL,4,9,2,3,2,6,13,5.538461538461538,5
Cam Spencer,John Konchar,MEM,9,4,7,3,2,1,13,5.538461538461538,5
Jamal Shead,Ochai Agbaji,TOR,9,4,6,0,3,4,13,5.538461538461538,5
Nikola Jović,Norman Powell,MIA,9,4,6,2,3,2,13,5.538461538461538,5
Jalen Wilson,Nolan Traore,BKN,4,9,2,3,2,6,13,5.538461538461538,5
Anthony Edwards,Bones Hyland,MIN,4,9,1,8,3,1,13,5.538461538461538,5
Craig Porter Jr.,Nae'Qwan Tomlin,CLE,9,4,8,0,1,4,13,5.538461538461538,5
Jerami Grant,Sidy Cissoko,POR,4,9,2,2,2,7,13,5.538461538461538,5
Caris LeVert,Duncan Robinson,DET,9,4,6,1,3,3,13,5.538461538461538,5
Myles Turner,Ousmane Dieng,MIL,4,9,1,3,3,6,13,5.538461538461538,5
Brandon Williams,Khris Middleton,DAL,9,4,6,2,3,2,13,5.538461538461538,5
Tre Johnson,Tristan Vukcevic,WAS,9,4,7,4,2,0,13,5.538461538461538,5
Kentavious Caldwell-Pope,Vince Williams Jr.,MEM,4,9,1,7,3,2,13,5.538461538461538,5
Dean Wade,Jarrett Allen,CLE,9,4,9,2,0,2,13,5.538461538461538,5
Bennedict Mathurin,Darius Garland,LAC,4,9,2,7,2,2,13,5.538461538461538,5
Bronny James,Dalton Knecht,LAL,9,4,7,1,2,3,13,5.538461538461538,5
Sion James,Tidjane Salaün,CHA,9,4,6,2,3,2,13,5.538461538461538,5
Jevon Carter,Moritz Wagner,ORL,9,4,8,1,1,3,13,5.538461538461538,5
Ben Saraf,Ziaire Williams,BKN,9,4,5,4,4,0,13,5.538461538461538,5
Craig Porter Jr.,Jarrett Allen,CLE,34,3,34,3,0,0,37,5.513513513513513,31
Ja'Kobe Walter,Jamal Shead,TOR,3,32,1,12,2,20,35,5.485714285714286,29
Derrick Jones Jr.,Kris Dunn,LAC,3,31,2,22,1,9,34,5.470588235294118,28
Drake Powell,Terance Mann,BKN,5,6,2,4,3,2,11,5.454545454545454,1
Khris Middleton,Tre Johnson,WAS,5,6,3,4,2,2,11,5.454545454545454,1
Jaylon Tyson,Nae'Qwan Tomlin,CLE,5,6,3,3,2,3,11,5.454545454545454,1
Jordan Poole,Micah Peavy,NOP,6,5,2,2,4,3,11,5.454545454545454,1
John Konchar,Kennedy Chandler,UTA,5,6,3,3,2,3,11,5.454545454545454,1
Cason Wallace,Kenrich Williams,OKC,5,6,0,1,5,5,11,5.454545454545454,1
Bilal Coulibaly,Justin Champagnie,WAS,5,6,0,2,5,4,11,5.454545454545454,1
Brook Lopez,Kobe Sanders,LAC,5,6,2,0,3,6,11,5.454545454545454,1
De'Andre Hunter,Dean Wade,CLE,5,6,1,2,4,4,11,5.454545454545454,1
Landry Shamet,Miles McBride,NYK,5,6,1,0,4,6,11,5.454545454545454,1
Tre Johnson,Will Riley,WAS,5,6,4,3,1,3,11,5.454545454545454,1
Sidy Cissoko,Yang Hansen,POR,6,5,5,2,1,3,11,5.454545454545454,1
Jaden Hardy,Naji Marshall,DAL,6,5,4,1,2,4,11,5.454545454545454,1
Jay Huff,Johnny Furphy,IND,5,6,3,6,2,0,11,5.454545454545454,1
Keegan Murray,Precious Achiuwa,SAC,5,6,4,5,1,1,11,5.454545454545454,1
Anfernee Simons,Josh Minott,BOS,6,5,0,1,6,4,11,5.454545454545454,1
Jordan Hawkins,Trey Murphy III,NOP,6,5,1,1,5,4,11,5.454545454545454,1
Jamir Watkins,Kyshawn George,WAS,6,5,3,3,3,2,11,5.454545454545454,1
Devin Carter,Malik Monk,SAC,5,6,1,3,4,3,11,5.454545454545454,1
Guerschon Yabusele,Isaac Okoro,CHI,6,5,3,0,3,5,11,5.454545454545454,1
Ayo Dosunmu,Dalen Terry,CHI,6,5,3,1,3,4,11,5.454545454545454,1
Max Christie,Ryan Nembhard,DAL,3,29,1,6,2,23,32,5.4375,26
Jalen Williams,Luguentz Dort,OKC,29,3,10,2,19,1,32,5.4375,26
Buddy Hield,Pat Spencer,GSW,3,28,1,11,2,17,31,5.419354838709677,25
Gradey Dick,Jamal Shead,TOR,3,26,0,18,3,8,29,5.379310344827586,23
Keegan Murray,Maxime Raynaud,SAC,8,4,7,2,1,2,12,5.333333333333333,4
Alex Sarr,Will Riley,WAS,4,8,0,7,4,1,12,5.333333333333333,4
Drake Powell,Ziaire Williams,BKN,8,4,2,1,6,3,12,5.333333333333333,4
Nae'Qwan Tomlin,Thomas Bryant,CLE,8,4,5,2,3,2,12,5.333333333333333,4
Jaylon Tyson,Thomas Bryant,CLE,8,4,4,3,4,1,12,5.333333333333333,4
Coby White,Kevin Huerter,CHI,8,4,4,1,4,3,12,5.333333333333333,4
Buddy Hield,Will Richard,GSW,4,8,1,3,3,5,12,5.333333333333333,4
Aaron Holiday,Jabari Smith Jr.,HOU,8,4,3,0,5,4,12,5.333333333333333,4
Derrick Jones Jr.,Ivica Zubac,LAC,4,8,4,5,0,3,12,5.333333333333333,4
Caleb Martin,Max Christie,DAL,8,4,0,2,8,2,12,5.333333333333333,4
Deandre Ayton,Rui Hachimura,LAL,8,4,7,4,1,0,12,5.333333333333333,4
Aaron Nesmith,Bennedict Mathurin,IND,4,8,2,5,2,3,12,5.333333333333333,4
Keon Ellis,Nique Clifford,SAC,4,8,3,3,1,5,12,5.333333333333333,4
Jase Richardson,Jett Howard,ORL,8,4,2,1,6,3,12,5.333333333333333,4
Devin Carter,Precious Achiuwa,SAC,8,4,8,3,0,1,12,5.333333333333333,4
Josh Green,Miles Bridges,CHA,4,8,2,1,2,7,12,5.333333333333333,4
Donovan Mitchell,Max Strus,CLE,8,4,1,2,7,2,12,5.333333333333333,4
Deni Avdija,Rayan Rupert,POR,8,4,3,4,5,0,12,5.333333333333333,4
Brandon Miller,Tidjane Salaün,CHA,8,4,3,0,5,4,12,5.333333333333333,4
Caris LeVert,Tobias Harris,DET,8,4,2,1,6,3,12,5.333333333333333,4
Branden Carlson,Kenrich Williams,OKC,4,8,3,7,1,1,12,5.333333333333333,4
Kris Dunn,Nicolas Batum,LAC,8,4,0,3,8,1,12,5.333333333333333,4
Goga Bitadze,Jevon Carter,ORL,8,4,4,4,4,0,12,5.333333333333333,4
Caris LeVert,Isaiah Stewart,DET,23,3,20,3,3,0,26,5.3076923076923075,20
Carter Bryant,De'Aaron Fox,SAS,3,22,2,9,1,13,25,5.28,19
Anthony Davis,Ryan Nembhard,DAL,3,21,2,18,1,3,24,5.25,18
Miles Bridges,Ryan Kalkbrenner,CHA,20,3,20,2,0,1,23,5.217391304347826,17
Jalen Smith,Tre Jones,CHI,3,20,3,9,0,11,23,5.217391304347826,17
Cameron Johnson,Jonas Valančiūnas,DEN,20,3,20,1,0,2,23,5.217391304347826,17
Evan Mobley,Lonzo Ball,CLE,3,20,0,16,3,4,23,5.217391304347826,17
Jay Huff,T.J. McConnell,IND,3,20,2,10,1,10,23,5.217391304347826,17
Ochai Agbaji,Scottie Barnes,TOR,3,20,2,17,1,3,23,5.217391304347826,17
Jarrett Allen,Lonzo Ball,CLE,3,20,2,20,1,0,23,5.217391304347826,17
Devin Carter,Maxime Raynaud,SAC,19,3,18,2,1,1,22,5.181818181818182,16
Dennis Schröder,Keegan Murray,SAC,19,3,11,1,8,2,22,5.181818181818182,16
Dennis Schröder,Keon Ellis,SAC,19,3,4,0,15,3,22,5.181818181818182,16
Kobe Sanders,Kris Dunn,LAC,3,18,1,8,2,10,21,5.142857142857143,15
Daniss Jenkins,Isaiah Stewart,DET,18,3,16,0,2,3,21,5.142857142857143,15
Hugo González,Jaylen Brown,BOS,3,18,2,7,1,11,21,5.142857142857143,15
Derrick Jones Jr.,James Harden,LAC,3,17,1,12,2,5,20,5.1,14
Dennis Schröder,Keon Ellis,CLE,17,3,8,2,9,1,20,5.1,14
DeMar DeRozan,Drew Eubanks,SAC,7,4,7,4,0,0,11,5.090909090909091,3
Bennedict Mathurin,Isaiah Jackson,LAC,4,7,4,6,0,1,11,5.090909090909091,3
Jarred Vanderbilt,Jaxson Hayes,LAL,7,4,7,3,0,1,11,5.090909090909091,3
Buddy Hield,Trayce Jackson-Davis,GSW,7,4,6,1,1,3,11,5.090909090909091,3
Julian Strawther,Tim Hardaway Jr.,DEN,7,4,2,2,5,2,11,5.090909090909091,3
Kam Jones,Kobe Brown,IND,7,4,2,1,5,3,11,5.090909090909091,3
Trayce Jackson-Davis,Will Richard,GSW,4,7,2,7,2,0,11,5.090909090909091,3
John Konchar,Kyle Filipowski,UTA,7,4,6,1,1,3,11,5.090909090909091,3
Brandon Williams,Dwight Powell,DAL,7,4,7,3,0,1,11,5.090909090909091,3
Isaiah Hartenstein,Luguentz Dort,OKC,4,7,1,7,3,0,11,5.090909090909091,3
Norman Powell,Simone Fontecchio,MIA,4,7,3,6,1,1,11,5.090909090909091,3
Daeqwon Plowden,Malik Monk,SAC,4,7,1,2,3,5,11,5.090909090909091,3
Chet Holmgren,Kenrich Williams,OKC,4,7,2,6,2,1,11,5.090909090909091,3
Dru Smith,Kasparas Jakučionis,MIA,7,4,4,4,3,0,11,5.090909090909091,3
Bub Carrington,Malaki Branham,WAS,7,4,5,0,2,4,11,5.090909090909091,3
Jared McCain,VJ Edgecombe,PHI,7,4,5,1,2,3,11,5.090909090909091,3
Dominick Barlow,Kelly Oubre Jr.,PHI,4,7,3,6,1,1,11,5.090909090909091,3
Toumani Camara,Vít Krejčí,POR,4,7,0,1,4,6,11,5.090909090909091,3
Ace Bailey,John Konchar,UTA,4,7,1,4,3,3,11,5.090909090909091,3
Evan Mobley,Nae'Qwan Tomlin,CLE,7,4,6,4,1,0,11,5.090909090909091,3
Josh Giddey,Patrick Williams,CHI,16,3,1,2,15,1,19,5.052631578947368,13
Kam Jones,Micah Potter,IND,16,3,5,1,11,2,19,5.052631578947368,13
Ace Bailey,Walter Clayton Jr.,UTA,3,16,1,10,2,6,19,5.052631578947368,13
Keaton Wallace,Vít Krejčí,ATL,16,3,6,2,10,1,19,5.052631578947368,13
Coby White,Jalen Smith,CHI,15,3,5,0,10,3,18,5,12
Darius Garland,John Collins,LAC,15,3,13,1,2,2,18,5,12
Draymond Green,Will Richard,GSW,15,3,8,0,7,3,18,5,12
Deandre Ayton,Jake LaRavia,LAL,3,15,1,15,2,0,18,5,12
Collin Sexton,Isaac Okoro,CHI,5,5,3,2,2,3,10,5,0
Aaron Holiday,JD Davison,HOU,5,5,2,2,3,3,10,5,0
Craig Porter Jr.,Lonzo Ball,CLE,5,5,0,3,5,2,10,5,0
Keon Ellis,Malik Monk,SAC,5,5,2,1,3,4,10,5,0
Guerschon Yabusele,Patrick Williams,CHI,5,5,3,2,2,3,10,5,0
Grayson Allen,Jalen Green,PHX,5,5,3,0,2,5,10,5,0
Dwight Powell,Max Christie,DAL,5,5,2,5,3,0,10,5,0
Josh Green,Moussa Diabaté,CHA,5,5,5,1,0,4,10,5,0
Ivica Zubac,Nicolas Batum,LAC,5,5,0,5,5,0,10,5,0
Peyton Watson,Zeke Nnaji,DEN,5,5,3,4,2,1,10,5,0
Devin Vassell,Jeremy Sochan,SAS,5,5,3,1,2,4,10,5,0
Corey Kispert,Tre Johnson,WAS,5,5,1,1,4,4,10,5,0
Lachlan Olbrich,Rob Dillingham,CHI,5,5,3,4,2,1,10,5,0
Jalen Slawson,Jay Huff,IND,5,5,5,3,0,2,10,5,0
Bobby Portis,Gary Harris,MIL,5,5,2,4,3,1,10,5,0
Bilal Coulibaly,Tristan Vukcevic,WAS,5,5,2,4,3,1,10,5,0
Bones Hyland,Jaylen Clark,MIN,5,5,5,3,0,2,10,5,0
Corey Kispert,Onyeka Okongwu,ATL,5,5,4,3,1,2,10,5,0
Jay Huff,Obi Toppin,IND,5,5,4,5,1,0,10,5,0
Herbert Jones,Karlo Matković,NOP,14,3,9,1,5,2,17,4.9411764705882355,11
Killian Hayes,Nique Clifford,SAC,14,3,7,1,7,2,17,4.9411764705882355,11
Nikola Vučević,Payton Pritchard,BOS,3,13,1,6,2,7,16,4.875,10
Josh Giddey,Zach Collins,CHI,13,3,10,1,3,2,16,4.875,10
Cameron Payne,Trendon Watford,PHI,13,3,13,1,0,2,16,4.875,10
Derrick White,Josh Minott,BOS,13,3,6,1,7,2,16,4.875,10
Austin Reaves,Luke Kennard,LAL,13,3,6,2,7,1,16,4.875,10
Jaden Hardy,Sharife Cooper,WAS,3,13,1,3,2,10,16,4.875,10
Jordan Poole,Yves Missi,NOP,13,3,13,0,0,3,16,4.875,10
Jaylen Wells,Kentavious Caldwell-Pope,MEM,3,12,0,6,3,6,15,4.8,9
Brandon Williams,Marvin Bagley III,DAL,12,3,10,2,2,1,15,4.8,9
Cedric Coward,Olivier-Maxence Prosper,MEM,12,3,8,1,4,2,15,4.8,9
Cedric Coward,Javon Small,MEM,3,12,3,6,0,6,15,4.8,9
Dean Wade,James Harden,CLE,3,12,1,5,2,7,15,4.8,9
Tyus Jones,Wendell Carter Jr.,ORL,12,3,9,0,3,3,15,4.8,9
Duncan Robinson,Javonte Green,DET,6,4,3,2,3,2,10,4.8,2
Kris Murray,Sidy Cissoko,POR,4,6,3,3,1,3,10,4.8,2
Bennedict Mathurin,Jarace Walker,IND,6,4,2,3,4,1,10,4.8,2
Day'Ron Sharpe,Drake Powell,BKN,6,4,6,4,0,0,10,4.8,2
Jordan Poole,Saddiq Bey,NOP,6,4,4,1,2,3,10,4.8,2
Micah Peavy,Yves Missi,NOP,4,6,4,2,0,4,10,4.8,2
Caris LeVert,Kevin Huerter,DET,4,6,3,3,1,3,10,4.8,2
Jusuf Nurkić,Kyle Filipowski,UTA,6,4,3,4,3,0,10,4.8,2
Larry Nance Jr.,Tyrese Proctor,CLE,4,6,0,2,4,4,10,4.8,2
Ronald Holland II,Tobias Harris,DET,4,6,1,4,3,2,10,4.8,2
Patrick Williams,Rob Dillingham,CHI,6,4,2,1,4,3,10,4.8,2
Carter Bryant,Victor Wembanyama,SAS,4,6,2,4,2,2,10,4.8,2
Keaton Wallace,Nickeil Alexander-Walker,ATL,6,4,6,1,0,3,10,4.8,2
Jericho Sims,Taurean Prince,MIL,4,6,2,6,2,0,10,4.8,2
Reed Sheppard,Steven Adams,HOU,4,6,4,4,0,2,10,4.8,2
Alex Caruso,Luguentz Dort,OKC,6,4,3,1,3,3,10,4.8,2
Collin Sexton,Guerschon Yabusele,CHI,6,4,4,3,2,1,10,4.8,2
Jalen Pickett,Nikola Jokić,DEN,4,6,4,2,0,4,10,4.8,2
Devin Carter,Dylan Cardwell,SAC,6,4,6,4,0,0,10,4.8,2
Bobby Portis,Myles Turner,MIL,6,4,2,4,4,0,10,4.8,2
Cameron Johnson,Spencer Jones,DEN,6,4,5,2,1,2,10,4.8,2
Karl-Anthony Towns,Mitchell Robinson,NYK,6,4,6,3,0,1,10,4.8,2
Marvin Bagley III,Tre Johnson,WAS,6,4,5,3,1,1,10,4.8,2
Jimmy Butler III,Jonathan Kuminga,GSW,6,4,6,4,0,0,10,4.8,2
Davion Mitchell,Nikola Jović,MIA,11,3,3,2,8,1,14,4.714285714285714,8
Aaron Holiday,Reed Sheppard,HOU,3,11,2,0,1,11,14,4.714285714285714,8
D'Angelo Russell,Klay Thompson,DAL,11,3,4,1,7,2,14,4.714285714285714,8
Drake Powell,Michael Porter Jr.,BKN,11,3,1,2,10,1,14,4.714285714285714,8
Jaylen Brown,Nikola Vučević,BOS,11,3,8,3,3,0,14,4.714285714285714,8
Day'Ron Sharpe,Terance Mann,BKN,3,11,0,9,3,2,14,4.714285714285714,8
Dennis Schröder,Maxime Raynaud,SAC,11,3,11,3,0,0,14,4.714285714285714,8
Ausar Thompson,Javonte Green,DET,10,3,5,3,5,0,13,4.615384615384615,7
Asa Newell,Luke Kennard,ATL,3,10,1,5,2,5,13,4.615384615384615,7
Andrew Nembhard,Obi Toppin,IND,10,3,7,3,3,0,13,4.615384615384615,7
Jarred Vanderbilt,Rui Hachimura,LAL,10,3,7,2,3,1,13,4.615384615384615,7
Dru Smith,Tyler Herro,MIA,10,3,5,1,5,2,13,4.615384615384615,7
Keyonte George,Kyle Anderson,UTA,3,10,3,6,0,4,13,4.615384615384615,7
Bez Mbeng,Kennedy Chandler,UTA,3,10,1,9,2,1,13,4.615384615384615,7
Jamal Murray,Zeke Nnaji,DEN,10,3,7,1,3,2,13,4.615384615384615,7
Anthony Gill,Justin Champagnie,WAS,10,3,8,3,2,0,13,4.615384615384615,7
Andre Drummond,Trendon Watford,PHI,3,10,3,7,0,3,13,4.615384615384615,7
Ryan Rollins,Taurean Prince,MIL,10,3,0,0,10,3,13,4.615384615384615,7
Cameron Payne,Quentin Grimes,PHI,10,3,7,1,3,2,13,4.615384615384615,7
Bub Carrington,Sharife Cooper,WAS,3,10,2,1,1,9,13,4.615384615384615,7
Cody Williams,Kennedy Chandler,UTA,3,10,1,10,2,0,13,4.615384615384615,7
Derik Queen,Karlo Matković,NOP,10,3,9,3,1,0,13,4.615384615384615,7
Darius Garland,Nae'Qwan Tomlin,CLE,9,3,7,2,2,1,12,4.5,6
Jerami Grant,Vít Krejčí,POR,3,9,2,7,1,2,12,4.5,6
Collin Sexton,Tidjane Salaün,CHA,9,3,6,1,3,2,12,4.5,6
Keyonte George,Walker Kessler,UTA,9,3,5,3,4,0,12,4.5,6
Quinten Post,Will Richard,GSW,9,3,6,1,3,2,12,4.5,6
Ousmane Dieng,Pete Nance,MIL,9,3,5,2,4,1,12,4.5,6
Ryan Kalkbrenner,Sion James,CHA,3,9,0,9,3,0,12,4.5,6
Joel Embiid,Trendon Watford,PHI,3,9,2,7,1,2,12,4.5,6
Ariel Hukporti,Tyler Kolek,NYK,3,9,2,8,1,1,12,4.5,6
Andre Drummond,Paul George,PHI,3,9,1,7,2,2,12,4.5,6
Justin Edwards,Trendon Watford,PHI,3,9,2,4,1,5,12,4.5,6
Andrew Nembhard,Ethan Thompson,IND,9,3,1,2,8,1,12,4.5,6
Daniel Gafford,Khris Middleton,DAL,3,9,3,9,0,0,12,4.5,6
Jose Alvarado,Micah Peavy,NOP,9,3,8,3,1,0,12,4.5,6
Gary Harris,Ryan Rollins,MIL,9,3,5,0,4,3,12,4.5,6
Kon Knueppel,Tidjane Salaün,CHA,9,3,3,1,6,2,12,4.5,6
Kennedy Chandler,Oscar Tshiebwe,UTA,9,3,9,2,0,1,12,4.5,6
Javon Small,Jaylen Wells,MEM,9,3,3,2,6,1,12,4.5,6
Matisse Thybulle,Scoot Henderson,POR,3,9,2,2,1,7,12,4.5,6
Jock Landale,Nickeil Alexander-Walker,ATL,3,9,2,5,1,4,12,4.5,6
Isaac Okoro,Jalen Smith,CHI,9,3,4,1,5,2,12,4.5,6
Josh Green,Sion James,CHA,3,9,1,1,2,8,12,4.5,6
Dean Wade,Jaylon Tyson,CLE,9,3,5,1,4,2,12,4.5,6
Cameron Payne,VJ Edgecombe,PHI,9,3,5,0,4,3,12,4.5,6
Clint Capela,Jabari Smith Jr.,HOU,5,4,3,4,2,0,9,4.444444444444445,1
Caleb Love,Yang Hansen,POR,4,5,1,3,3,2,9,4.444444444444445,1
Bryce McGowens,Jose Alvarado,NOP,5,4,1,0,4,4,9,4.444444444444445,1
Dominick Barlow,Jared McCain,PHI,5,4,1,4,4,0,9,4.444444444444445,1
Davion Mitchell,Kasparas Jakučionis,MIA,4,5,0,2,4,3,9,4.444444444444445,1
Luke Kennard,Marcus Smart,LAL,4,5,1,2,3,3,9,4.444444444444445,1
Caleb Love,Robert Williams III,POR,5,4,5,0,0,4,9,4.444444444444445,1
Ausar Thompson,Caris LeVert,DET,5,4,3,4,2,0,9,4.444444444444445,1
Jalen Duren,Ronald Holland II,DET,4,5,4,5,0,0,9,4.444444444444445,1
Mitchell Robinson,Tyler Kolek,NYK,5,4,4,4,1,0,9,4.444444444444445,1
Jalen Brunson,Tyler Kolek,NYK,5,4,3,1,2,3,9,4.444444444444445,1
Ethan Thompson,Johnny Furphy,IND,5,4,2,2,3,2,9,4.444444444444445,1
Jalen Wilson,Terance Mann,BKN,4,5,1,0,3,5,9,4.444444444444445,1
Ethan Thompson,Pascal Siakam,IND,4,5,1,3,3,2,9,4.444444444444445,1
Coby White,Patrick Williams,CHI,5,4,1,1,4,3,9,4.444444444444445,1
Danny Wolf,Ochai Agbaji,BKN,5,4,1,2,4,2,9,4.444444444444445,1
Cam Thomas,Michael Porter Jr.,BKN,4,5,1,3,3,2,9,4.444444444444445,1
Carter Bryant,Luke Kornet,SAS,4,5,4,2,0,3,9,4.444444444444445,1
Jalen Suggs,Noah Penda,ORL,4,5,3,2,1,3,9,4.444444444444445,1
Jordan Hawkins,Zion Williamson,NOP,4,5,4,1,0,4,9,4.444444444444445,1
Gary Payton II,Will Richard,GSW,4,5,4,4,0,1,9,4.444444444444445,1
Peyton Watson,Spencer Jones,DEN,4,5,2,2,2,3,9,4.444444444444445,1
Caleb Love,Kris Murray,POR,5,4,4,1,1,3,9,4.444444444444445,1
Alex Sarr,Corey Kispert,WAS,4,5,2,4,2,1,9,4.444444444444445,1
Devin Carter,Doug McDermott,SAC,4,5,0,2,4,3,9,4.444444444444445,1
Justin Champagnie,Tristan Vukcevic,WAS,4,5,4,5,0,0,9,4.444444444444445,1
Cam Thomas,Terance Mann,BKN,4,5,3,3,1,2,9,4.444444444444445,1
Giannis Antetokounmpo,Ousmane Dieng,MIL,5,4,2,4,3,0,9,4.444444444444445,1
Chaney Johnson,Tyson Etienne,BKN,4,5,1,3,3,2,9,4.444444444444445,1
Anfernee Simons,Baylor Scheierman,BOS,5,4,3,0,2,4,9,4.444444444444445,1
Kevin Love,Walter Clayton Jr.,UTA,4,5,3,3,1,2,9,4.444444444444445,1
Jalen Duren,Marcus Sasser,DET,4,5,1,5,3,0,9,4.444444444444445,1
Jarred Vanderbilt,Luke Kennard,LAL,4,5,2,3,2,2,9,4.444444444444445,1
Malachi Smith,Tyson Etienne,BKN,8,3,1,1,7,2,11,4.363636363636363,5
Ajay Mitchell,Kenrich Williams,OKC,8,3,5,3,3,0,11,4.363636363636363,5
Pascal Siakam,RayJ Dennis,IND,3,8,0,5,3,3,11,4.363636363636363,5
Marvin Bagley III,Will Riley,WAS,3,8,2,7,1,1,11,4.363636363636363,5
Adem Bona,Paul George,PHI,3,8,1,8,2,0,11,4.363636363636363,5
Dyson Daniels,Keaton Wallace,ATL,8,3,1,3,7,0,11,4.363636363636363,5
Moses Moody,Will Richard,GSW,3,8,1,2,2,6,11,4.363636363636363,5
Quenton Jackson,T.J. McConnell,IND,3,8,3,5,0,3,11,4.363636363636363,5
Bilal Coulibaly,Trae Young,WAS,3,8,2,3,1,5,11,4.363636363636363,5
Brandon Williams,Jaden Hardy,DAL,8,3,2,3,6,0,11,4.363636363636363,5
Marvin Bagley III,Naji Marshall,DAL,3,8,3,6,0,2,11,4.363636363636363,5
Gary Trent Jr.,Jericho Sims,MIL,3,8,3,3,0,5,11,4.363636363636363,5
Lonzo Ball,Nae'Qwan Tomlin,CLE,8,3,7,0,1,3,11,4.363636363636363,5
Drew Eubanks,Malik Monk,SAC,3,8,2,8,1,0,11,4.363636363636363,5
Al Horford,Gary Payton II,GSW,8,3,6,2,2,1,11,4.363636363636363,5
Jarace Walker,Johnny Furphy,IND,8,3,5,2,3,1,11,4.363636363636363,5
Keaton Wallace,Mouhamed Gueye,ATL,8,3,6,1,2,2,11,4.363636363636363,5
Cedric Coward,Zach Edey,MEM,8,3,8,1,0,2,11,4.363636363636363,5
Ben Saraf,Malachi Smith,BKN,8,3,5,3,3,0,11,4.363636363636363,5
Buddy Hield,Gui Santos,GSW,8,3,4,2,4,1,11,4.363636363636363,5
Cedric Coward,John Konchar,MEM,3,8,2,6,1,2,11,4.363636363636363,5
Asa Newell,Dyson Daniels,ATL,3,8,3,6,0,2,11,4.363636363636363,5
Jamaree Bouyea,Rasheer Fleming,PHX,8,3,4,3,4,0,11,4.363636363636363,5
Aaron Gordon,Bruce Brown,DEN,3,8,3,6,0,2,11,4.363636363636363,5
Day'Ron Sharpe,Egor Dëmin,BKN,8,3,1,3,7,0,11,4.363636363636363,5
Daniel Gafford,P.J. Washington,DAL,3,8,3,8,0,0,11,4.363636363636363,5
Goga Bitadze,Jett Howard,ORL,3,7,2,7,1,0,10,4.2,4
Buddy Hield,Jimmy Butler III,GSW,3,7,2,4,1,3,10,4.2,4
Terance Mann,Ziaire Williams,BKN,7,3,4,3,3,0,10,4.2,4
Jamir Watkins,Justin Champagnie,WAS,7,3,6,2,1,1,10,4.2,4
Jordan Walsh,Luka Garza,BOS,7,3,6,2,1,1,10,4.2,4
Cam Thomas,Kevin Porter Jr.,MIL,3,7,3,5,0,2,10,4.2,4
Daeqwon Plowden,Dylan Cardwell,SAC,3,7,2,3,1,4,10,4.2,4
Ethan Thompson,Quenton Jackson,IND,3,7,3,4,0,3,10,4.2,4
Khris Middleton,Marvin Bagley III,DAL,7,3,6,1,1,2,10,4.2,4
Danny Wolf,Jalen Wilson,BKN,7,3,5,2,2,1,10,4.2,4
Jaden Hardy,Ryan Nembhard,DAL,3,7,2,2,1,5,10,4.2,4
Dyson Daniels,Jonathan Kuminga,ATL,7,3,5,2,2,1,10,4.2,4
Kasparas Jakučionis,Tyler Herro,MIA,7,3,3,1,4,2,10,4.2,4
Drew Eubanks,Nique Clifford,SAC,3,7,2,7,1,0,10,4.2,4
Evan Mobley,Max Strus,CLE,7,3,3,3,4,0,10,4.2,4
Cam Thomas,Jericho Sims,MIL,7,3,7,2,0,1,10,4.2,4
Jalen Green,Ryan Dunn,PHX,7,3,2,2,5,1,10,4.2,4
Bam Adebayo,Nikola Jović,MIA,3,7,2,6,1,1,10,4.2,4
Franz Wagner,Tyus Jones,ORL,3,7,2,7,1,0,10,4.2,4
Jordan Goodwin,Mark Williams,PHX,7,3,7,2,0,1,10,4.2,4
Derik Queen,Jordan Hawkins,NOP,7,3,3,3,4,0,10,4.2,4
Klay Thompson,Moussa Cisse,DAL,7,3,7,1,0,2,10,4.2,4
Jock Landale,Vince Williams Jr.,MEM,3,7,1,3,2,4,10,4.2,4
Dwight Powell,P.J. Washington,DAL,7,3,6,3,1,0,10,4.2,4
Jaden Hardy,Will Riley,WAS,3,7,2,2,1,5,10,4.2,4
Austin Reaves,Gabe Vincent,LAL,6,3,2,2,4,1,9,4,3
Jaylin Williams,Kenrich Williams,OKC,6,3,4,2,2,1,9,4,3
Moritz Wagner,Tristan da Silva,ORL,3,6,2,4,1,2,9,4,3
Keon Ellis,Sam Merrill,CLE,6,3,1,2,5,1,9,4,3
Dwight Powell,Klay Thompson,DAL,6,3,1,3,5,0,9,4,3
Bilal Coulibaly,Sharife Cooper,WAS,3,6,2,4,1,2,9,4,3
Bobby Portis,Taurean Prince,MIL,3,6,1,4,2,2,9,4,3
Anthony Gill,Tre Johnson,WAS,3,6,3,5,0,1,9,4,3
Anthony Davis,Klay Thompson,DAL,6,3,2,3,4,0,9,4,3
Jett Howard,Wendell Carter Jr.,ORL,3,6,3,3,0,3,9,4,3
Jordan McLaughlin,Victor Wembanyama,SAS,3,6,2,1,1,5,9,4,3
Josh Okogie,Tari Eason,HOU,6,3,4,1,2,2,9,4,3
Gary Harris,Kyle Kuzma,MIL,3,6,2,2,1,4,9,4,3
Jose Alvarado,Mitchell Robinson,NYK,6,3,6,2,0,1,9,4,3
KJ Simpson,Miles Bridges,CHA,6,3,2,0,4,3,9,4,3
Svi Mykhailiuk,Walter Clayton Jr.,UTA,3,6,1,1,2,5,9,4,3
GG Jackson,Kentavious Caldwell-Pope,MEM,6,3,5,3,1,0,9,4,3
Ben Sheppard,Kobe Brown,IND,3,6,2,4,1,2,9,4,3
Karlo Matković,Zion Williamson,NOP,3,6,3,2,0,4,9,4,3
Kasparas Jakučionis,Myron Gardner,MIA,6,3,1,0,5,3,9,4,3
Sion James,Tre Mann,CHA,3,6,0,1,3,5,9,4,3
Julian Strawther,Zeke Nnaji,DEN,6,3,3,3,3,0,9,4,3
Jordan Clarkson,Landry Shamet,NYK,6,3,1,2,5,1,9,4,3
Bennedict Mathurin,Derrick Jones Jr.,LAC,6,3,3,2,3,1,9,4,3
Jared McCain,Joel Embiid,PHI,6,3,5,1,1,2,9,4,3
Jalen Slawson,Quenton Jackson,IND,3,6,2,2,1,4,9,4,3
Kawhi Leonard,Yanic Konan Niederhäuser,LAC,6,3,5,1,1,2,9,4,3
Jordan Walsh,Josh Minott,BOS,3,6,0,4,3,2,9,4,3
Terance Mann,Tyrese Martin,BKN,6,3,2,2,4,1,9,4,3
Jrue Holiday,Matisse Thybulle,POR,6,3,3,2,3,1,9,4,3
De'Andre Hunter,Sam Merrill,CLE,6,3,1,2,5,1,9,4,3
Kam Jones,Obi Toppin,IND,6,3,4,1,2,2,9,4,3
Bogdan Bogdanović,James Harden,LAC,4,4,1,0,3,4,8,4,0
Keegan Murray,Zach LaVine,SAC,4,4,2,2,2,2,8,4,0
Nikola Vučević,Sam Hauser,BOS,4,4,0,2,4,2,8,4,0
Guerschon Yabusele,Jordan Clarkson,NYK,4,4,2,2,2,2,8,4,0
Dyson Daniels,Trae Young,ATL,4,4,2,3,2,1,8,4,0
Jrue Holiday,Vít Krejčí,POR,4,4,2,2,2,2,8,4,0
Cam Spencer,DeJon Jarreau,MEM,4,4,4,1,0,3,8,4,0
Evan Mobley,Larry Nance Jr.,CLE,4,4,2,2,2,2,8,4,0
Micah Peavy,Zion Williamson,NOP,4,4,4,2,0,2,8,4,0
Jae'Sean Tate,Kevin Durant,HOU,4,4,3,3,1,1,8,4,0
Julius Randle,Terrence Shannon Jr.,MIN,4,4,3,2,1,2,8,4,0
Andre Drummond,Jabari Walker,PHI,4,4,2,4,2,0,8,4,0
Cody Williams,Svi Mykhailiuk,UTA,4,4,1,2,3,2,8,4,0
Blake Wesley,Caleb Love,POR,4,4,3,2,1,2,8,4,0
Anfernee Simons,Matas Buzelis,CHI,4,4,1,3,3,1,8,4,0
Alex Sarr,Justin Champagnie,WAS,4,4,3,4,1,0,8,4,0
Kevin Huerter,Zach Collins,CHI,4,4,4,2,0,2,8,4,0
Donovan Mitchell,Larry Nance Jr.,CLE,4,4,1,2,3,2,8,4,0
Kristaps Porziņģis,Luke Kennard,ATL,4,4,2,1,2,3,8,4,0
Khris Middleton,Max Christie,DAL,4,4,1,3,3,1,8,4,0
Dorian Finney-Smith,Reed Sheppard,HOU,4,4,2,0,2,4,8,4,0
Aaron Nesmith,Obi Toppin,IND,4,4,0,1,4,3,8,4,0
Tim Hardaway Jr.,Zeke Nnaji,DEN,4,4,4,1,0,3,8,4,0
Jabari Walker,VJ Edgecombe,PHI,4,4,2,2,2,2,8,4,0
Alperen Sengun,Steven Adams,HOU,4,4,4,3,0,1,8,4,0
Jaylon Tyson,Tyrese Proctor,CLE,4,4,2,2,2,2,8,4,0
Daeqwon Plowden,Doug McDermott,SAC,4,4,1,2,3,2,8,4,0
Chaney Johnson,Malachi Smith,BKN,4,4,1,4,3,0,8,4,0
Jett Howard,Moritz Wagner,ORL,4,4,4,1,0,3,8,4,0
Naz Reid,Terrence Shannon Jr.,MIN,4,4,1,0,3,4,8,4,0
Ace Bailey,Isaiah Collier,UTA,2,58,1,36,1,22,60,3.8666666666666667,56
Kel'el Ware,Pelle Larsson,MIA,2,42,2,32,0,10,44,3.8181818181818183,40
Karl-Anthony Towns,Tyler Kolek,NYK,2,31,0,24,2,7,33,3.757575757575758,29
Jett Howard,Tristan da Silva,ORL,3,5,2,3,1,2,8,3.75,2
Gary Trent Jr.,Taurean Prince,MIL,3,5,0,1,3,4,8,3.75,2
Nolan Traore,Tyrese Martin,BKN,5,3,1,3,4,0,8,3.75,2
Ben Sheppard,Isaiah Jackson,IND,3,5,3,4,0,1,8,3.75,2
Day'Ron Sharpe,Jalen Wilson,BKN,5,3,2,0,3,3,8,3.75,2
Andrew Nembhard,Kobe Brown,IND,5,3,3,0,2,3,8,3.75,2
Asa Newell,Vít Krejčí,ATL,5,3,0,1,5,2,8,3.75,2
Kevin Love,Kyle Filipowski,UTA,5,3,3,2,2,1,8,3.75,2
DeMar DeRozan,Dylan Cardwell,SAC,3,5,3,5,0,0,8,3.75,2
Jimmy Butler III,Pat Spencer,GSW,3,5,3,5,0,0,8,3.75,2
Jevon Carter,Tristan da Silva,ORL,5,3,2,0,3,3,8,3.75,2
Cam Thomas,Jalen Wilson,BKN,5,3,2,1,3,2,8,3.75,2
Jamaree Bouyea,Royce O'Neale,PHX,3,5,0,4,3,1,8,3.75,2
DaRon Holmes II,Jamal Murray,DEN,3,5,0,1,3,4,8,3.75,2
Marcus Sasser,Ronald Holland II,DET,5,3,3,1,2,2,8,3.75,2
Derrick Jones Jr.,Nicolas Batum,LAC,3,5,0,2,3,3,8,3.75,2
Anthony Black,Noah Penda,ORL,3,5,1,2,2,3,8,3.75,2
Gabe Vincent,Jonathan Kuminga,ATL,5,3,3,1,2,2,8,3.75,2
Jeremiah Fears,Kevon Looney,NOP,3,5,2,3,1,2,8,3.75,2
Ace Bailey,Kevin Love,UTA,5,3,3,2,2,1,8,3.75,2
Domantas Sabonis,Precious Achiuwa,SAC,5,3,5,3,0,0,8,3.75,2
Tyrese Martin,Ziaire Williams,BKN,5,3,1,1,4,2,8,3.75,2
Liam McNeeley,Miles Bridges,CHA,3,5,2,2,1,3,8,3.75,2
Kyle Kuzma,Pete Nance,MIL,5,3,4,0,1,3,8,3.75,2
Cameron Johnson,Julian Strawther,DEN,5,3,1,2,4,1,8,3.75,2
Bryce McGowens,Jordan Poole,NOP,3,5,1,3,2,2,8,3.75,2
Jamison Battle,Sandro Mamukelashvili,TOR,3,5,2,4,1,1,8,3.75,2
Bez Mbeng,Kyle Filipowski,UTA,3,5,2,4,1,1,8,3.75,2
Ayo Dosunmu,Jevon Carter,CHI,5,3,0,2,5,1,8,3.75,2
Kasparas Jakučionis,Nikola Jović,MIA,5,3,3,1,2,2,8,3.75,2
Kelly Oubre Jr.,Trendon Watford,PHI,5,3,4,2,1,1,8,3.75,2
Adem Bona,Kelly Oubre Jr.,PHI,3,5,0,5,3,0,8,3.75,2
Jared McCain,Justin Edwards,PHI,3,5,0,0,3,5,8,3.75,2
Bez Mbeng,John Konchar,UTA,5,3,5,3,0,0,8,3.75,2
Ben Sheppard,Micah Potter,IND,3,5,1,4,2,1,8,3.75,2
Daeqwon Plowden,Precious Achiuwa,SAC,3,5,2,2,1,3,8,3.75,2
Ausar Thompson,Jaden Ivey,DET,5,3,3,3,2,0,8,3.75,2
DaRon Holmes II,Jalen Pickett,DEN,3,5,1,0,2,5,8,3.75,2
Bogdan Bogdanović,Cam Christie,LAC,5,3,2,0,3,3,8,3.75,2
Bronny James,Jarred Vanderbilt,LAL,3,5,2,3,1,2,8,3.75,2
Alperen Sengun,Dorian Finney-Smith,HOU,5,3,2,3,3,0,8,3.75,2
Bez Mbeng,Cody Williams,UTA,5,3,5,3,0,0,8,3.75,2
Andrew Wiggins,Dru Smith,MIA,3,5,1,3,2,2,8,3.75,2
Doug McDermott,Precious Achiuwa,SAC,3,5,3,1,0,4,8,3.75,2
Branden Carlson,Isaiah Joe,OKC,3,5,0,3,3,2,8,3.75,2
KJ Simpson,Kon Knueppel,CHA,5,3,2,1,3,2,8,3.75,2
Darius Garland,Jordan Miller,LAC,5,3,5,1,0,2,8,3.75,2
Doug McDermott,Dylan Cardwell,SAC,3,5,3,1,0,4,8,3.75,2
Jamaree Bouyea,Oso Ighodaro,PHX,5,3,5,3,0,0,8,3.75,2
DeMar DeRozan,Killian Hayes,SAC,5,3,2,2,3,1,8,3.75,2
Derrick Jones Jr.,Kobe Sanders,LAC,3,5,1,4,2,1,8,3.75,2
Collin Sexton,Tre Mann,CHA,3,5,1,1,2,4,8,3.75,2
Ethan Thompson,Kam Jones,IND,3,5,3,2,0,3,8,3.75,2
Precious Achiuwa,Zach LaVine,SAC,3,5,2,4,1,1,8,3.75,2
Isaiah Jackson,Jordan Miller,LAC,3,5,3,5,0,0,8,3.75,2
De'Anthony Melton,Stephen Curry,GSW,5,3,1,2,4,1,8,3.75,2
James Harden,Jarrett Allen,CLE,29,2,29,2,0,0,31,3.7419354838709675,27
Dejounte Murray,Zion Williamson,NOP,26,2,26,0,0,2,28,3.7142857142857144,24
Javon Small,Olivier-Maxence Prosper,MEM,24,2,17,2,7,0,26,3.6923076923076925,22
Nolan Traore,Ziaire Williams,BKN,23,2,8,0,15,2,25,3.68,21
Josh Giddey,Nick Richards,CHI,22,2,19,1,3,1,24,3.6666666666666665,20
Jrue Holiday,Robert Williams III,POR,22,2,22,0,0,2,24,3.6666666666666665,20
Gradey Dick,Immanuel Quickley,TOR,2,21,0,9,2,12,23,3.652173913043478,19
John Collins,Kobe Sanders,LAC,2,20,1,13,1,7,22,3.6363636363636362,18
Jamal Murray,Julian Strawther,DEN,18,2,9,1,9,1,20,3.6,16
Jose Alvarado,Karlo Matković,NOP,18,2,10,1,8,1,20,3.6,16
Brice Sensabaugh,Elijah Harkless,UTA,2,18,1,11,1,7,20,3.6,16
James Harden,Kobe Sanders,LAC,17,2,6,0,11,2,19,3.5789473684210527,15
Jose Alvarado,OG Anunoby,NYK,17,2,11,0,6,2,19,3.5789473684210527,15
D'Angelo Russell,P.J. Washington,DAL,17,2,12,2,5,0,19,3.5789473684210527,15
OG Anunoby,Tyler Kolek,NYK,2,16,0,9,2,7,18,3.5555555555555554,14
Brice Sensabaugh,Kevin Love,UTA,2,15,0,11,2,4,17,3.5294117647058822,13
Craig Porter Jr.,Sam Merrill,CLE,15,2,5,2,10,0,17,3.5294117647058822,13
Jaden McDaniels,Mike Conley,MIN,2,15,1,10,1,5,17,3.5294117647058822,13
Bam Adebayo,Kel'el Ware,MIA,15,2,10,2,5,0,17,3.5294117647058822,13
Thomas Bryant,Tyrese Proctor,CLE,2,15,2,6,0,9,17,3.5294117647058822,13
Dennis Schröder,Jarrett Allen,CLE,14,2,14,1,0,1,16,3.5,12
Andre Drummond,Kelly Oubre Jr.,PHI,14,2,10,1,4,1,16,3.5,12
Cam Whitmore,Kyshawn George,WAS,2,14,1,13,1,1,16,3.5,12
Jay Huff,Kam Jones,IND,2,14,0,7,2,7,16,3.5,12
Bryce McGowens,Derik Queen,NOP,2,14,2,9,0,5,16,3.5,12
Dylan Cardwell,Russell Westbrook,SAC,2,14,1,14,1,0,16,3.5,12
Carter Bryant,Dylan Harper,SAS,2,14,2,7,0,7,16,3.5,12
Josh Minott,Payton Pritchard,BOS,2,13,0,6,2,7,15,3.466666666666667,11
Anthony Davis,Brandon Williams,DAL,2,13,2,12,0,1,15,3.466666666666667,11
Drake Powell,Noah Clowney,BKN,13,2,5,1,8,1,15,3.466666666666667,11
Luke Kennard,Rui Hachimura,LAL,13,2,7,0,6,2,15,3.466666666666667,11
Jalen Suggs,Moritz Wagner,ORL,13,2,10,2,3,0,15,3.466666666666667,11
Ben Saraf,Day'Ron Sharpe,BKN,13,2,12,1,1,1,15,3.466666666666667,11
Olivier-Maxence Prosper,Ty Jerome,MEM,2,12,2,6,0,6,14,3.4285714285714284,10
Pat Spencer,Will Richard,GSW,12,2,7,0,5,2,14,3.4285714285714284,10
Kevin Love,Lauri Markkanen,UTA,12,2,11,0,1,2,14,3.4285714285714284,10
Jaylen Wells,Walter Clayton Jr.,MEM,2,12,0,7,2,5,14,3.4285714285714284,10
Baylor Scheierman,Luka Garza,BOS,12,2,8,0,4,2,14,3.4285714285714284,10
Cooper Flagg,Dwight Powell,DAL,2,12,2,10,0,2,14,3.4285714285714284,10
Donte DiVincenzo,Rob Dillingham,MIN,2,12,1,4,1,8,14,3.4285714285714284,10
Daeqwon Plowden,Killian Hayes,SAC,2,12,1,4,1,8,14,3.4285714285714284,10
Jahmai Mashack,Walter Clayton Jr.,MEM,2,12,1,9,1,3,14,3.4285714285714284,10
Jamal Shead,Jamison Battle,TOR,12,2,8,1,4,1,14,3.4285714285714284,10
Keldon Johnson,Kelly Olynyk,SAS,2,12,2,10,0,2,14,3.4285714285714284,10
Micah Potter,Pascal Siakam,IND,3,4,1,0,2,4,7,3.4285714285714284,1
Andre Drummond,Justin Edwards,PHI,4,3,2,2,2,1,7,3.4285714285714284,1
Anthony Gill,Julian Reese,WAS,4,3,4,1,0,2,7,3.4285714285714284,1
Amir Coffey,Cole Anthony,MIL,3,4,2,3,1,1,7,3.4285714285714284,1
Ethan Thompson,Jarace Walker,IND,3,4,2,2,1,2,7,3.4285714285714284,1
Hunter Tyson,Jalen Pickett,DEN,4,3,2,2,2,1,7,3.4285714285714284,1
Craig Porter Jr.,Keon Ellis,CLE,4,3,2,1,2,2,7,3.4285714285714284,1
Cole Anthony,Ryan Rollins,MIL,4,3,3,0,1,3,7,3.4285714285714284,1
Jeremiah Fears,Jose Alvarado,NOP,3,4,0,3,3,1,7,3.4285714285714284,1
Chaney Johnson,Nolan Traore,BKN,4,3,1,2,3,1,7,3.4285714285714284,1
Ausar Thompson,Kevin Huerter,DET,4,3,3,3,1,0,7,3.4285714285714284,1
Olivier-Maxence Prosper,Santi Aldama,MEM,4,3,3,2,1,1,7,3.4285714285714284,1
Bogdan Bogdanović,Kobe Brown,LAC,3,4,0,0,3,4,7,3.4285714285714284,1
GG Jackson,Jaren Jackson Jr.,MEM,4,3,4,1,0,2,7,3.4285714285714284,1
Craig Porter Jr.,Dennis Schröder,CLE,3,4,1,4,2,0,7,3.4285714285714284,1
Justin Champagnie,Marvin Bagley III,WAS,3,4,2,4,1,0,7,3.4285714285714284,1
Jordan Hawkins,Karlo Matković,NOP,3,4,2,2,1,2,7,3.4285714285714284,1
Devin Booker,Jamaree Bouyea,PHX,3,4,1,4,2,0,7,3.4285714285714284,1
Mohamed Diawara,OG Anunoby,NYK,4,3,2,1,2,2,7,3.4285714285714284,1
Obi Toppin,Pascal Siakam,IND,3,4,1,3,2,1,7,3.4285714285714284,1
Blake Wesley,Donovan Clingan,POR,4,3,0,3,4,0,7,3.4285714285714284,1
Corey Kispert,Mouhamed Gueye,ATL,4,3,1,1,3,2,7,3.4285714285714284,1
Cade Cunningham,Kevin Huerter,DET,4,3,2,1,2,2,7,3.4285714285714284,1
AJ Green,Andre Jackson Jr.,MIL,3,4,3,0,0,4,7,3.4285714285714284,1
Jonathan Kuminga,Will Richard,GSW,3,4,2,2,1,2,7,3.4285714285714284,1
Alex Caruso,Jared McCain,OKC,4,3,2,1,2,2,7,3.4285714285714284,1
Jamir Watkins,Tristan Vukcevic,WAS,4,3,1,3,3,0,7,3.4285714285714284,1
Steven Adams,Tari Eason,HOU,4,3,4,3,0,0,7,3.4285714285714284,1
Buddy Hield,Gary Payton II,GSW,3,4,1,1,2,3,7,3.4285714285714284,1
Gabe Vincent,Onyeka Okongwu,ATL,4,3,2,0,2,3,7,3.4285714285714284,1
Collin Sexton,Matas Buzelis,CHI,4,3,1,1,3,2,7,3.4285714285714284,1
AJ Green,Taurean Prince,MIL,4,3,0,1,4,2,7,3.4285714285714284,1
DeJon Jarreau,Javon Small,MEM,4,3,1,0,3,3,7,3.4285714285714284,1
Craig Porter Jr.,Dean Wade,CLE,4,3,1,2,3,1,7,3.4285714285714284,1
Baylor Scheierman,Jordan Walsh,BOS,4,3,3,0,1,3,7,3.4285714285714284,1
Cam Whitmore,Tristan Vukcevic,WAS,4,3,2,3,2,0,7,3.4285714285714284,1
Isaiah Joe,Ousmane Dieng,OKC,3,4,3,1,0,3,7,3.4285714285714284,1
Kenrich Williams,Ousmane Dieng,OKC,3,4,2,2,1,2,7,3.4285714285714284,1
Aaron Gordon,Jalen Pickett,DEN,3,4,1,3,2,1,7,3.4285714285714284,1
Obi Toppin,Quenton Jackson,IND,3,4,1,2,2,2,7,3.4285714285714284,1
Olivier-Maxence Prosper,Taylor Hendricks,MEM,3,4,1,3,2,1,7,3.4285714285714284,1
Buddy Hield,Jonathan Kuminga,GSW,3,4,3,1,0,3,7,3.4285714285714284,1
Payton Pritchard,Ron Harper Jr.,BOS,3,4,0,2,3,2,7,3.4285714285714284,1
Bub Carrington,Cam Whitmore,WAS,11,2,7,0,4,2,13,3.3846153846153846,9
Jayson Tatum,Sam Hauser,BOS,11,2,4,1,7,1,13,3.3846153846153846,9
Nae'Qwan Tomlin,Tyrese Proctor,CLE,2,11,1,10,1,1,13,3.3846153846153846,9
GG Jackson,Scotty Pippen Jr.,MEM,2,11,2,5,0,6,13,3.3846153846153846,9
Cooper Flagg,Marvin Bagley III,DAL,11,2,9,2,2,0,13,3.3846153846153846,9
Kyle Anderson,Walter Clayton Jr.,UTA,2,11,2,10,0,1,13,3.3846153846153846,9
Isaiah Collier,Jaren Jackson Jr.,UTA,11,2,9,1,2,1,13,3.3846153846153846,9
Isaiah Stewart,Javonte Green,DET,11,2,4,1,7,1,13,3.3846153846153846,9
Dennis Schröder,Evan Mobley,CLE,11,2,11,1,0,1,13,3.3846153846153846,9
Jeremiah Fears,Jordan Hawkins,NOP,11,2,6,2,5,0,13,3.3846153846153846,9
Christian Braun,Tim Hardaway Jr.,DEN,10,2,3,1,7,1,12,3.3333333333333335,8
Kyle Anderson,Naz Reid,MIN,10,2,9,2,1,0,12,3.3333333333333335,8
Ben Sheppard,Quenton Jackson,IND,2,10,1,4,1,6,12,3.3333333333333335,8
Daeqwon Plowden,Devin Carter,SAC,2,10,1,7,1,3,12,3.3333333333333335,8
Jose Alvarado,Mohamed Diawara,NYK,10,2,2,1,8,1,12,3.3333333333333335,8
Tre Jones,Zach Collins,CHI,10,2,5,1,5,1,12,3.3333333333333335,8
Nate Williams,Pat Spencer,GSW,2,10,2,6,0,4,12,3.3333333333333335,8
Pat Connaughton,Tre Mann,CHA,2,10,2,6,0,4,12,3.3333333333333335,8
Collin Gillespie,Nick Richards,PHX,10,2,10,0,0,2,12,3.3333333333333335,8
Carter Bryant,Stephon Castle,SAS,2,10,2,4,0,6,12,3.3333333333333335,8
Brice Sensabaugh,Oscar Tshiebwe,UTA,10,2,10,0,0,2,12,3.3333333333333335,8
Jaylen Clark,Mike Conley,MIN,2,10,0,7,2,3,12,3.3333333333333335,8
Gabe Vincent,Nickeil Alexander-Walker,ATL,9,2,5,0,4,2,11,3.272727272727273,7
Austin Reaves,Dalton Knecht,LAL,9,2,5,1,4,1,11,3.272727272727273,7
Luke Kornet,Victor Wembanyama,SAS,2,9,0,9,2,0,11,3.272727272727273,7
Ryan Kalkbrenner,Tre Mann,CHA,2,9,1,9,1,0,11,3.272727272727273,7
Tyler Burton,Walter Clayton Jr.,MEM,2,9,1,3,1,6,11,3.272727272727273,7
Baylor Scheierman,Hugo González,BOS,9,2,5,0,4,2,11,3.272727272727273,7
Aaron Wiggins,Alex Caruso,OKC,2,9,0,5,2,4,11,3.272727272727273,7
Jabari Smith Jr.,Steven Adams,HOU,2,9,2,9,0,0,11,3.272727272727273,7
Khris Middleton,P.J. Washington,DAL,9,2,5,1,4,1,11,3.272727272727273,7
Jaylen Wells,Scotty Pippen Jr.,MEM,2,9,1,5,1,4,11,3.272727272727273,7
Dennis Schröder,Dylan Cardwell,SAC,9,2,9,0,0,2,11,3.272727272727273,7
DeJon Jarreau,Walter Clayton Jr.,MEM,2,9,1,8,1,1,11,3.272727272727273,7
Gabe Vincent,LeBron James,LAL,2,9,2,0,0,9,11,3.272727272727273,7
Bub Carrington,Julian Reese,WAS,9,2,9,1,0,1,11,3.272727272727273,7
Andre Jackson Jr.,Pete Nance,MIL,9,2,4,0,5,2,11,3.272727272727273,7
Jalen Suggs,Jamal Cain,ORL,9,2,4,1,5,1,11,3.272727272727273,7
Devin Booker,Khaman Maluach,PHX,9,2,9,1,0,1,11,3.272727272727273,7
Bobby Portis,Jericho Sims,MIL,2,9,2,5,0,4,11,3.272727272727273,7
DeJon Jarreau,Tyler Burton,MEM,9,2,4,2,5,0,11,3.272727272727273,7
Mark Williams,Ryan Dunn,PHX,2,9,2,9,0,0,11,3.272727272727273,7
Anthony Davis,D'Angelo Russell,DAL,2,8,1,7,1,1,10,3.2,6
Dylan Harper,Jeremy Sochan,SAS,8,2,7,1,1,1,10,3.2,6
Keyonte George,Taylor Hendricks,UTA,8,2,3,2,5,0,10,3.2,6
Corey Kispert,Zaccharie Risacher,ATL,8,2,5,1,3,1,10,3.2,6
Kyshawn George,Will Riley,WAS,8,2,5,2,3,0,10,3.2,6
Elijah Harkless,Oscar Tshiebwe,UTA,8,2,8,1,0,1,10,3.2,6
Draymond Green,LJ Cryer,GSW,8,2,0,1,8,1,10,3.2,6
Collin Sexton,Nick Richards,CHI,8,2,8,0,0,2,10,3.2,6
Sharife Cooper,Tristan Vukcevic,WAS,8,2,4,2,4,0,10,3.2,6
Matas Buzelis,Nick Richards,CHI,8,2,7,1,1,1,10,3.2,6
Collin Gillespie,Rasheer Fleming,PHX,8,2,6,0,2,2,10,3.2,6
Olivier-Maxence Prosper,Scotty Pippen Jr.,MEM,2,8,1,5,1,3,10,3.2,6
Jett Howard,Noah Penda,ORL,2,8,0,4,2,4,10,3.2,6
Buddy Hield,Draymond Green,GSW,2,8,0,2,2,6,10,3.2,6
Ben Sheppard,Kam Jones,IND,2,8,1,3,1,5,10,3.2,6
Goga Bitadze,Jamal Cain,ORL,8,2,5,2,3,0,10,3.2,6
Cody Williams,Walter Clayton Jr.,UTA,2,8,1,7,1,1,10,3.2,6
Jalen Smith,Nikola Vučević,CHI,2,8,2,3,0,5,10,3.2,6
Javon Small,Kentavious Caldwell-Pope,MEM,8,2,5,0,3,2,10,3.2,6
Tidjane Salaün,Tre Mann,CHA,2,8,0,4,2,4,10,3.2,6
Kevin Huerter,Marcus Sasser,DET,2,8,0,6,2,2,10,3.2,6
Bobby Portis,Cam Thomas,MIL,2,8,1,1,1,7,10,3.2,6
Andrew Nembhard,Tony Bradley,IND,8,2,8,2,0,0,10,3.2,6
GG Jackson,Walter Clayton Jr.,MEM,2,7,2,4,0,3,9,3.111111111111111,5
Ace Bailey,Oscar Tshiebwe,UTA,2,7,2,3,0,4,9,3.111111111111111,5
Jalen Williams,Kenrich Williams,OKC,7,2,2,2,5,0,9,3.111111111111111,5
Marcus Sasser,Paul Reed,DET,7,2,7,1,0,1,9,3.111111111111111,5
Bryce McGowens,Micah Peavy,NOP,2,7,1,5,1,2,9,3.111111111111111,5
Branden Carlson,Jaylin Williams,OKC,2,7,0,6,2,1,9,3.111111111111111,5
Baylor Scheierman,Jayson Tatum,BOS,2,7,0,3,2,4,9,3.111111111111111,5
CJ McCollum,Corey Kispert,WAS,7,2,5,0,2,2,9,3.111111111111111,5
Caleb Martin,Ryan Nembhard,DAL,2,7,1,5,1,2,9,3.111111111111111,5
Lauri Markkanen,Walker Kessler,UTA,2,7,2,5,0,2,9,3.111111111111111,5
Collin Sexton,Liam McNeeley,CHA,7,2,2,1,5,1,9,3.111111111111111,5
Julius Randle,Rob Dillingham,MIN,2,7,0,5,2,2,9,3.111111111111111,5
Carter Bryant,Lindy Waters III,SAS,7,2,0,0,7,2,9,3.111111111111111,5
Jahmai Mashack,Jaylen Wells,MEM,7,2,4,1,3,1,9,3.111111111111111,5
Landry Shamet,Mohamed Diawara,NYK,2,7,1,1,1,6,9,3.111111111111111,5
Ace Bailey,Bez Mbeng,UTA,2,7,2,5,0,2,9,3.111111111111111,5
Bobby Portis,Ousmane Dieng,MIL,2,7,1,4,1,3,9,3.111111111111111,5
Dalen Terry,Nikola Vučević,CHI,7,2,5,1,2,1,9,3.111111111111111,5
Landry Shamet,Tyler Kolek,NYK,2,7,0,2,2,5,9,3.111111111111111,5
Jalen Green,Mark Williams,PHX,7,2,7,2,0,0,9,3.111111111111111,5
Craig Porter Jr.,Darius Garland,CLE,7,2,4,1,3,1,9,3.111111111111111,5
Chaney Johnson,Josh Minott,BKN,7,2,2,2,5,0,9,3.111111111111111,5
Jericho Sims,Myles Turner,MIL,6,2,0,2,6,0,8,3,4
Asa Newell,Onyeka Okongwu,ATL,2,6,1,3,1,3,8,3,4
Cormac Ryan,Ousmane Dieng,MIL,2,6,1,2,1,4,8,3,4
Gradey Dick,Jonathan Mogbo,TOR,2,6,2,4,0,2,8,3,4
Anthony Davis,P.J. Washington,DAL,6,2,4,2,2,0,8,3,4
Noah Penda,Tyus Jones,ORL,2,6,0,3,2,3,8,3,4
Brice Sensabaugh,John Konchar,UTA,2,6,2,4,0,2,8,3,4
Kevin Porter Jr.,Pete Nance,MIL,6,2,2,2,4,0,8,3,4
Alondes Williams,Sharife Cooper,WAS,2,6,2,5,0,1,8,3,4
Adou Thiero,Bronny James,LAL,2,6,1,5,1,1,8,3,4
Kobe Brown,Kobe Sanders,LAC,6,2,6,1,0,1,8,3,4
Jalen Pickett,Jonas Valančiūnas,DEN,6,2,6,1,0,1,8,3,4
Dalton Knecht,Nick Smith Jr.,LAL,2,6,1,4,1,2,8,3,4
Carter Bryant,Kelly Olynyk,SAS,2,6,2,4,0,2,8,3,4
Killian Hayes,Precious Achiuwa,SAC,6,2,4,0,2,2,8,3,4
Chaney Johnson,Ziaire Williams,BKN,6,2,5,2,1,0,8,3,4
Drew Timme,LeBron James,LAL,2,6,0,3,2,3,8,3,4
Kentavious Caldwell-Pope,Olivier-Maxence Prosper,MEM,6,2,4,1,2,1,8,3,4
Noah Clowney,Ziaire Williams,BKN,6,2,3,0,3,2,8,3,4
Jahmai Mashack,Javon Small,MEM,2,6,1,5,1,1,8,3,4
Christian Braun,Julian Strawther,DEN,6,2,2,1,4,1,8,3,4
Josh Hart,Mohamed Diawara,NYK,6,2,2,1,4,1,8,3,4
Jett Howard,Tyus Jones,ORL,2,6,0,4,2,2,8,3,4
Deandre Ayton,Luke Kennard,LAL,2,6,2,6,0,0,8,3,4
Jalen Pickett,Spencer Jones,DEN,6,2,3,1,3,1,8,3,4
De'Aaron Fox,Jeremy Sochan,SAS,6,2,2,2,4,0,8,3,4
Cam Spencer,Tyler Burton,MEM,6,2,2,0,4,2,8,3,4
Alperen Sengun,Jae'Sean Tate,HOU,6,2,6,2,0,0,8,3,4
Cam Thomas,Danny Wolf,BKN,6,2,3,1,3,1,8,3,4
Brandon Ingram,Jamison Battle,TOR,6,2,1,1,5,1,8,3,4
Scotty Pippen Jr.,Taylor Hendricks,MEM,6,2,3,1,3,1,8,3,4
Jalen Suggs,Jett Howard,ORL,6,2,2,2,4,0,8,3,4
Ben Saraf,E.J. Liddell,BKN,6,2,5,2,1,0,8,3,4
Micah Potter,Taelon Peter,IND,6,2,2,2,4,0,8,3,4
Aaron Holiday,Jae'Sean Tate,HOU,6,2,4,0,2,2,8,3,4
Ben Saraf,Jalen Wilson,BKN,6,2,1,0,5,2,8,3,4
Cam Thomas,Egor Dëmin,BKN,6,2,0,2,6,0,8,3,4
Ivica Zubac,Kobe Sanders,LAC,2,6,2,6,0,0,8,3,4
Mike Conley,Terrence Shannon Jr.,MIN,6,2,2,0,4,2,8,3,4
Grant Williams,Josh Green,CHA,6,2,0,0,6,2,8,3,4
Corey Kispert,Kyshawn George,WAS,2,6,0,2,2,4,8,3,4
Jakob Poeltl,Sandro Mamukelashvili,TOR,3,3,3,3,0,0,6,3,0
Craig Porter Jr.,Larry Nance Jr.,CLE,3,3,3,2,0,1,6,3,0
Jeremy Sochan,Victor Wembanyama,SAS,3,3,1,2,2,1,6,3,0
Deni Avdija,Duop Reath,POR,3,3,0,2,3,1,6,3,0
AJ Johnson,Brandon Williams,DAL,3,3,1,3,2,0,6,3,0
Jordan McLaughlin,Kelly Olynyk,SAS,3,3,1,3,2,0,6,3,0
Grant Williams,Ryan Kalkbrenner,CHA,3,3,3,1,0,2,6,3,0
Blake Wesley,Matisse Thybulle,POR,3,3,0,1,3,2,6,3,0
Jordan Walsh,Neemias Queta,BOS,3,3,3,2,0,1,6,3,0
Gabe Vincent,Jaxson Hayes,LAL,3,3,3,0,0,3,6,3,0
Julian Reese,Sharife Cooper,WAS,3,3,2,3,1,0,6,3,0
Drew Timme,Nick Smith Jr.,LAL,3,3,2,3,1,0,6,3,0
Dru Smith,Myron Gardner,MIA,3,3,3,2,0,1,6,3,0
Ace Bailey,Taylor Hendricks,UTA,3,3,0,2,3,1,6,3,0
Kam Jones,Quenton Jackson,IND,3,3,2,3,1,0,6,3,0
Jordan Miller,Yanic Konan Niederhäuser,LAC,3,3,3,3,0,0,6,3,0
Jalen Johnson,Keaton Wallace,ATL,3,3,0,1,3,2,6,3,0
Dalen Terry,Trendon Watford,PHI,3,3,3,3,0,0,6,3,0
Brandon Williams,D'Angelo Russell,DAL,3,3,0,2,3,1,6,3,0
De'Aaron Fox,Kelly Olynyk,SAS,3,3,2,2,1,1,6,3,0
Isaiah Stewart,Tobias Harris,DET,3,3,3,3,0,0,6,3,0
Bruce Brown,Christian Braun,DEN,2,5,2,3,0,2,7,2.857142857142857,3
Andre Jackson Jr.,Gary Trent Jr.,MIL,5,2,1,2,4,0,7,2.857142857142857,3
Cooper Flagg,Moussa Cisse,DAL,5,2,5,2,0,0,7,2.857142857142857,3
Cam Christie,Kobe Sanders,LAC,2,5,1,4,1,1,7,2.857142857142857,3
Ayo Dosunmu,Julian Phillips,CHI,5,2,1,1,4,1,7,2.857142857142857,3
Bronny James,Luke Kennard,LAL,2,5,1,4,1,1,7,2.857142857142857,3
Jonathan Kuminga,Quinten Post,GSW,5,2,2,1,3,1,7,2.857142857142857,3
Dereck Lively II,Klay Thompson,DAL,5,2,3,2,2,0,7,2.857142857142857,3
Caris LeVert,Marcus Sasser,DET,5,2,1,2,4,0,7,2.857142857142857,3
Egor Dëmin,Tyrese Martin,BKN,5,2,1,1,4,1,7,2.857142857142857,3
GG Jackson,Jahmai Mashack,MEM,5,2,3,2,2,0,7,2.857142857142857,3
Lonzo Ball,Tyrese Proctor,CLE,5,2,3,1,2,1,7,2.857142857142857,3
Miles McBride,Tyler Kolek,NYK,2,5,0,2,2,3,7,2.857142857142857,3
Drew Eubanks,Zach LaVine,SAC,2,5,1,5,1,0,7,2.857142857142857,3
Dalton Knecht,Jake LaRavia,LAL,2,5,1,2,1,3,7,2.857142857142857,3
Pat Spencer,Trayce Jackson-Davis,GSW,5,2,5,1,0,1,7,2.857142857142857,3
Drake Powell,Jalen Wilson,BKN,5,2,1,0,4,2,7,2.857142857142857,3
John Konchar,Kentavious Caldwell-Pope,MEM,5,2,2,2,3,0,7,2.857142857142857,3
Jamal Cain,Paolo Banchero,ORL,2,5,1,4,1,1,7,2.857142857142857,3
Cody Williams,Kevin Love,UTA,2,5,1,3,1,2,7,2.857142857142857,3
Clint Capela,Tari Eason,HOU,5,2,0,2,5,0,7,2.857142857142857,3
Ethan Thompson,Micah Potter,IND,5,2,4,2,1,0,7,2.857142857142857,3
Bennedict Mathurin,Nicolas Batum,LAC,2,5,0,5,2,0,7,2.857142857142857,3
Jalen Smith,Jevon Carter,CHI,2,5,0,2,2,3,7,2.857142857142857,3
Bones Hyland,Mike Conley,MIN,2,5,0,0,2,5,7,2.857142857142857,3
Bogdan Bogdanović,Nicolas Batum,LAC,5,2,0,0,5,2,7,2.857142857142857,3
Davion Mitchell,Myron Gardner,MIA,5,2,2,0,3,2,7,2.857142857142857,3
Bones Hyland,Terrence Shannon Jr.,MIN,5,2,2,1,3,1,7,2.857142857142857,3
Kyle Filipowski,Taylor Hendricks,UTA,5,2,4,2,1,0,7,2.857142857142857,3
Brandin Podziemski,Malevy Leons,GSW,5,2,4,1,1,1,7,2.857142857142857,3
Bilal Coulibaly,Marvin Bagley III,WAS,5,2,3,1,2,1,7,2.857142857142857,3
Cameron Payne,Jabari Walker,PHI,5,2,4,1,1,1,7,2.857142857142857,3
Jalen Green,Jordan Goodwin,PHX,5,2,0,2,5,0,7,2.857142857142857,3
Aaron Nesmith,Ben Sheppard,IND,5,2,1,1,4,1,7,2.857142857142857,3
Jock Landale,Jonathan Kuminga,ATL,2,5,0,4,2,1,7,2.857142857142857,3
Pacôme Dadiet,Tyler Kolek,NYK,2,5,1,2,1,3,7,2.857142857142857,3
Dorian Finney-Smith,Tari Eason,HOU,5,2,2,1,3,1,7,2.857142857142857,3
Paul George,Trendon Watford,PHI,5,2,4,1,1,1,7,2.857142857142857,3
Luke Kennard,Maxi Kleber,LAL,5,2,4,1,1,1,7,2.857142857142857,3
Karlo Matković,Saddiq Bey,NOP,5,2,2,2,3,0,7,2.857142857142857,3
Cam Thomas,Noah Clowney,BKN,5,2,2,1,3,1,7,2.857142857142857,3
Jaden Ivey,Jalen Duren,DET,5,2,5,1,0,1,7,2.857142857142857,3
Brandin Podziemski,LJ Cryer,GSW,4,2,0,2,4,0,6,2.6666666666666665,2
Mouhamed Gueye,Vít Krejčí,ATL,4,2,1,1,3,1,6,2.6666666666666665,2
Jamal Cain,Tristan da Silva,ORL,4,2,1,2,3,0,6,2.6666666666666665,2
Bennedict Mathurin,John Collins,LAC,4,2,2,2,2,0,6,2.6666666666666665,2
Clint Capela,Josh Okogie,HOU,2,4,0,4,2,0,6,2.6666666666666665,2
Drew Timme,Luke Kennard,LAL,2,4,2,3,0,1,6,2.6666666666666665,2
Brandon Miller,KJ Simpson,CHA,2,4,2,2,0,2,6,2.6666666666666665,2
Collin Sexton,Josh Green,CHA,4,2,3,2,1,0,6,2.6666666666666665,2
Caleb Martin,Dwight Powell,DAL,2,4,2,4,0,0,6,2.6666666666666665,2
E.J. Liddell,Malachi Smith,BKN,2,4,1,3,1,1,6,2.6666666666666665,2
Jalen Pickett,Julian Strawther,DEN,4,2,2,1,2,1,6,2.6666666666666665,2
Jamal Cain,Jevon Carter,ORL,2,4,1,2,1,2,6,2.6666666666666665,2
Brooks Barnhizer,Chris Youngblood,OKC,4,2,1,1,3,1,6,2.6666666666666665,2
Rob Dillingham,Yuki Kawamura,CHI,2,4,2,1,0,3,6,2.6666666666666665,2
Keegan Murray,Keon Ellis,SAC,2,4,1,4,1,0,6,2.6666666666666665,2
Bilal Coulibaly,Jamir Watkins,WAS,4,2,2,1,2,1,6,2.6666666666666665,2
Dalen Terry,Patrick Williams,CHI,4,2,3,1,1,1,6,2.6666666666666665,2
Ja'Kobe Walter,Jakob Poeltl,TOR,2,4,2,0,0,4,6,2.6666666666666665,2
Josh Green,Ryan Kalkbrenner,CHA,4,2,4,2,0,0,6,2.6666666666666665,2
Cam Christie,TyTy Washington Jr.,LAC,2,4,1,4,1,0,6,2.6666666666666665,2
Brice Sensabaugh,Taylor Hendricks,UTA,2,4,2,0,0,4,6,2.6666666666666665,2
Ochai Agbaji,Sandro Mamukelashvili,TOR,4,2,2,1,2,1,6,2.6666666666666665,2
Chaz Lanier,Paul Reed,DET,4,2,4,2,0,0,6,2.6666666666666665,2
DeAndre Jordan,Herbert Jones,NOP,2,4,1,4,1,0,6,2.6666666666666665,2
Hugo González,Sam Hauser,BOS,4,2,0,1,4,1,6,2.6666666666666665,2
Jaylen Clark,Joe Ingles,MIN,2,4,1,1,1,3,6,2.6666666666666665,2
Jarrett Allen,Nae'Qwan Tomlin,CLE,2,4,2,4,0,0,6,2.6666666666666665,2
Jalen Wilson,Tyson Etienne,BKN,2,4,1,1,1,3,6,2.6666666666666665,2
Jabari Walker,Justin Edwards,PHI,2,4,2,1,0,3,6,2.6666666666666665,2
Gary Harris,Kevin Porter Jr.,MIL,2,4,2,0,0,4,6,2.6666666666666665,2
Duop Reath,Toumani Camara,POR,2,4,1,1,1,3,6,2.6666666666666665,2
Cam Whitmore,Corey Kispert,WAS,2,4,1,3,1,1,6,2.6666666666666665,2
Day'Ron Sharpe,Ochai Agbaji,BKN,4,2,3,2,1,0,6,2.6666666666666665,2
Luke Kennard,Zaccharie Risacher,ATL,4,2,1,1,3,1,6,2.6666666666666665,2
Micah Peavy,Saddiq Bey,NOP,2,4,1,2,1,2,6,2.6666666666666665,2
Ben Saraf,Terance Mann,BKN,4,2,3,1,1,1,6,2.6666666666666665,2
Aaron Gordon,Spencer Jones,DEN,4,2,2,1,2,1,6,2.6666666666666665,2
Dylan Harper,Lindy Waters III,SAS,2,4,1,2,1,2,6,2.6666666666666665,2
Brooks Barnhizer,Kenrich Williams,OKC,4,2,1,2,3,0,6,2.6666666666666665,2
Bennedict Mathurin,Ethan Thompson,IND,4,2,2,1,2,1,6,2.6666666666666665,2
Drake Powell,Egor Dëmin,BKN,2,4,0,1,2,3,6,2.6666666666666665,2
Caleb Love,Jrue Holiday,POR,2,4,1,4,1,0,6,2.6666666666666665,2
Jalen Suggs,Jevon Carter,ORL,2,4,0,2,2,2,6,2.6666666666666665,2
Hugo González,Luka Garza,BOS,2,4,2,4,0,0,6,2.6666666666666665,2
Cormac Ryan,Pete Nance,MIL,4,2,2,1,2,1,6,2.6666666666666665,2
Max Strus,Sam Merrill,CLE,2,4,1,0,1,4,6,2.6666666666666665,2
Jonathan Kuminga,Zaccharie Risacher,ATL,4,2,1,1,3,1,6,2.6666666666666665,2
Jaden Ivey,Marcus Sasser,DET,2,4,2,1,0,3,6,2.6666666666666665,2
Malevy Leons,Pat Spencer,GSW,2,4,0,3,2,1,6,2.6666666666666665,2
Deandre Ayton,Nick Smith Jr.,LAL,2,4,0,4,2,0,6,2.6666666666666665,2
Jalen Wilson,Nic Claxton,BKN,4,2,4,1,0,1,6,2.6666666666666665,2
Al Horford,Buddy Hield,GSW,4,2,0,0,4,2,6,2.6666666666666665,2
Trae Young,Zaccharie Risacher,ATL,4,2,3,1,1,1,6,2.6666666666666665,2
Donte DiVincenzo,Joan Beringer,MIN,4,2,4,1,0,1,6,2.6666666666666665,2
Blake Wesley,Scoot Henderson,POR,2,4,1,4,1,0,6,2.6666666666666665,2
Caris LeVert,Tolu Smith,DET,4,2,4,1,0,1,6,2.6666666666666665,2
LeBron James,Nick Smith Jr.,LAL,4,2,1,1,3,1,6,2.6666666666666665,2
Javon Small,Ty Jerome,MEM,2,4,1,4,1,0,6,2.6666666666666665,2
E.J. Liddell,Nolan Traore,BKN,2,4,0,1,2,3,6,2.6666666666666665,2
Jae'Sean Tate,Reed Sheppard,HOU,4,2,2,0,2,2,6,2.6666666666666665,2
Aaron Wiggins,Branden Carlson,OKC,4,2,3,1,1,1,6,2.6666666666666665,2
Blake Wesley,Jrue Holiday,POR,2,4,1,3,1,1,6,2.6666666666666665,2
Anthony Davis,Jaden Hardy,DAL,4,2,2,2,2,0,6,2.6666666666666665,2
Coby White,Dalen Terry,CHI,4,2,1,1,3,1,6,2.6666666666666665,2
Ethan Thompson,T.J. McConnell,IND,2,4,1,1,1,3,6,2.6666666666666665,2
Moses Moody,Trayce Jackson-Davis,GSW,2,4,2,4,0,0,6,2.6666666666666665,2
Anthony Gill,Jamir Watkins,WAS,4,2,2,2,2,0,6,2.6666666666666665,2
Cody Williams,Lauri Markkanen,UTA,4,2,1,2,3,0,6,2.6666666666666665,2
De'Andre Hunter,Nae'Qwan Tomlin,CLE,4,2,2,1,2,1,6,2.6666666666666665,2
E.J. Liddell,Tyson Etienne,BKN,2,4,0,2,2,2,6,2.6666666666666665,2
Noah Penda,Tristan da Silva,ORL,4,2,4,1,0,1,6,2.6666666666666665,2
Jordan Clarkson,Mohamed Diawara,NYK,4,2,2,0,2,2,6,2.6666666666666665,2
Adem Bona,Cameron Payne,PHI,2,4,1,4,1,0,6,2.6666666666666665,2
Jock Landale,Zaccharie Risacher,ATL,4,2,1,2,3,0,6,2.6666666666666665,2
Kelly Olynyk,Lindy Waters III,SAS,4,2,1,1,3,1,6,2.6666666666666665,2
Jordan Hawkins,Yves Missi,NOP,2,3,2,1,0,2,5,2.4,1
Kevin Love,Svi Mykhailiuk,UTA,3,2,1,2,2,0,5,2.4,1
Isaiah Stewart,Kevin Huerter,DET,2,3,0,1,2,2,5,2.4,1
Garrison Mathews,Pascal Siakam,IND,3,2,1,0,2,2,5,2.4,1
Ben Sheppard,Taelon Peter,IND,2,3,1,1,1,2,5,2.4,1
Kevin Porter Jr.,Ousmane Dieng,MIL,3,2,1,2,2,0,5,2.4,1
Ariel Hukporti,Mikal Bridges,NYK,2,3,2,3,0,0,5,2.4,1
Anfernee Simons,Guerschon Yabusele,CHI,3,2,1,0,2,2,5,2.4,1
Liam McNeeley,Sion James,CHA,3,2,1,0,2,2,5,2.4,1
Duop Reath,Shaedon Sharpe,POR,2,3,1,1,1,2,5,2.4,1
Malik Monk,Patrick Baldwin Jr.,SAC,3,2,0,1,3,1,5,2.4,1
Jamal Cain,Jase Richardson,ORL,3,2,2,0,1,2,5,2.4,1
Jordan Hawkins,Jordan Poole,NOP,3,2,1,2,2,0,5,2.4,1
Adama Bal,Jahmai Mashack,MEM,3,2,2,1,1,1,5,2.4,1
Cam Whitmore,Tre Johnson,WAS,2,3,1,2,1,1,5,2.4,1
Sidy Cissoko,Vít Krejčí,POR,2,3,1,1,1,2,5,2.4,1
LaMelo Ball,Tre Mann,CHA,3,2,1,0,2,2,5,2.4,1
Gui Santos,Nate Williams,GSW,3,2,2,2,1,0,5,2.4,1
Ariel Hukporti,Mohamed Diawara,NYK,2,3,1,3,1,0,5,2.4,1
Branden Carlson,Ousmane Dieng,OKC,2,3,1,2,1,1,5,2.4,1
Dylan Harper,Kelly Olynyk,SAS,3,2,2,2,1,0,5,2.4,1
Bronny James,Jaxson Hayes,LAL,3,2,2,1,1,1,5,2.4,1
Jeremiah Robinson-Earl,Pascal Siakam,IND,2,3,2,2,0,1,5,2.4,1
Ben Saraf,Cam Thomas,BKN,3,2,1,0,2,2,5,2.4,1
GG Jackson,John Konchar,MEM,2,3,1,2,1,1,5,2.4,1
Isaiah Collier,John Konchar,UTA,2,3,1,3,1,0,5,2.4,1
Ben Saraf,Nolan Traore,BKN,2,3,1,3,1,0,5,2.4,1
Trae Young,Will Riley,WAS,3,2,1,1,2,1,5,2.4,1
Carter Bryant,Devin Vassell,SAS,3,2,2,0,1,2,5,2.4,1
Anfernee Simons,Jaden Ivey,CHI,3,2,1,0,2,2,5,2.4,1
Bilal Coulibaly,Leaky Black,WAS,2,3,2,0,0,3,5,2.4,1
Jalen Wilson,Ochai Agbaji,BKN,3,2,2,0,1,2,5,2.4,1
Marvin Bagley III,Max Christie,DAL,3,2,1,1,2,1,5,2.4,1
Myron Gardner,Pelle Larsson,MIA,2,3,2,2,0,1,5,2.4,1
Caleb Love,Vít Krejčí,POR,3,2,2,1,1,1,5,2.4,1
Donovan Clingan,Matisse Thybulle,POR,3,2,1,1,2,1,5,2.4,1
Jaylen Brown,Ron Harper Jr.,BOS,3,2,0,1,3,1,5,2.4,1
A.J. Lawson,Sandro Mamukelashvili,TOR,2,3,1,2,1,1,5,2.4,1
Cedric Coward,Rayan Rupert,MEM,2,3,2,3,0,0,5,2.4,1
Kelly Oubre Jr.,Paul George,PHI,2,3,1,1,1,2,5,2.4,1
Jabari Smith Jr.,Jae'Sean Tate,HOU,2,3,1,1,1,2,5,2.4,1
Jaden Hardy,Miles Kelly,DAL,2,3,0,0,2,3,5,2.4,1
Jalen Slawson,Jarace Walker,IND,3,2,2,1,1,1,5,2.4,1
Jaylen Clark,Terrence Shannon Jr.,MIN,2,3,1,1,1,2,5,2.4,1
Jevon Carter,Wendell Carter Jr.,ORL,2,3,1,1,1,2,5,2.4,1
Aaron Nesmith,Micah Potter,IND,3,2,3,1,0,1,5,2.4,1
Dylan Cardwell,Precious Achiuwa,SAC,3,2,3,2,0,0,5,2.4,1
Christian Braun,Peyton Watson,DEN,2,3,2,3,0,0,5,2.4,1
Karl-Anthony Towns,Mohamed Diawara,NYK,3,2,1,0,2,2,5,2.4,1
Hugo González,Jordan Walsh,BOS,2,3,1,2,1,1,5,2.4,1
Ochai Agbaji,RJ Barrett,TOR,3,2,2,2,1,0,5,2.4,1
Keshad Johnson,Myron Gardner,MIA,2,3,1,1,1,2,5,2.4,1
Justin Edwards,MarJon Beauchamp,PHI,2,3,0,1,2,2,5,2.4,1
Keon Ellis,Max Strus,CLE,2,3,1,1,1,2,5,2.4,1
Kristaps Porziņģis,Onyeka Okongwu,ATL,2,3,2,1,0,2,5,2.4,1
Cameron Payne,Justin Edwards,PHI,3,2,3,0,0,2,5,2.4,1
Jahmai Mashack,Rayan Rupert,MEM,3,2,0,2,3,0,5,2.4,1
Josh Green,Tre Mann,CHA,3,2,2,2,1,0,5,2.4,1
Jaylin Williams,Ousmane Dieng,OKC,3,2,2,0,1,2,5,2.4,1
Kentavious Caldwell-Pope,Ty Jerome,MEM,2,3,1,3,1,0,5,2.4,1
Dalen Terry,Kevin Huerter,CHI,2,3,1,0,1,3,5,2.4,1
Kevon Looney,Saddiq Bey,NOP,2,3,0,2,2,1,5,2.4,1
Scotty Pippen Jr.,Ty Jerome,MEM,3,2,2,2,1,0,5,2.4,1
CJ McCollum,Will Riley,WAS,3,2,2,2,1,0,5,2.4,1
Cameron Payne,Dominick Barlow,PHI,3,2,2,0,1,2,5,2.4,1
Cedric Coward,Kentavious Caldwell-Pope,MEM,3,2,3,2,0,0,5,2.4,1
AJ Green,Gary Harris,MIL,2,3,0,0,2,3,5,2.4,1
Jaden Ivey,Paul Reed,DET,3,2,2,1,1,1,5,2.4,1
Alondes Williams,Anthony Gill,WAS,3,2,3,1,0,1,5,2.4,1
Gary Harris,Jericho Sims,MIL,2,3,2,2,0,1,5,2.4,1
Kelly Olynyk,Stephon Castle,SAS,2,3,1,1,1,2,5,2.4,1
Aaron Nesmith,Johnny Furphy,IND,2,3,1,2,1,1,5,2.4,1
Coby White,Moussa Diabaté,CHA,2,3,2,1,0,2,5,2.4,1
Adama Bal,Lucas Williamson,MEM,2,3,1,1,1,2,5,2.4,1
Kenrich Williams,Luguentz Dort,OKC,2,3,0,1,2,2,5,2.4,1
Alijah Martin,Scottie Barnes,TOR,2,3,2,2,0,1,5,2.4,1
MarJon Beauchamp,Quentin Grimes,PHI,2,3,2,2,0,1,5,2.4,1
Caleb Love,Javonte Cooke,POR,3,2,1,2,2,0,5,2.4,1
Ariel Hukporti,Jordan Clarkson,NYK,3,2,3,2,0,0,5,2.4,1
Jase Richardson,Jonathan Isaac,ORL,3,2,3,0,0,2,5,2.4,1
Shaedon Sharpe,Yang Hansen,POR,2,3,1,2,1,1,5,2.4,1
Anfernee Simons,Jordan Walsh,BOS,3,2,2,1,1,1,5,2.4,1
Bryce McGowens,Yves Missi,NOP,2,3,2,2,0,1,5,2.4,1
Pat Connaughton,Sion James,CHA,2,3,1,1,1,2,5,2.4,1
Jerami Grant,Rayan Rupert,POR,3,2,1,1,2,1,5,2.4,1
Jalen Slawson,Kobe Brown,IND,3,2,1,1,2,1,5,2.4,1
Olivier-Maxence Prosper,Tyler Burton,MEM,2,3,1,1,1,2,5,2.4,1
Johnny Juzang,Rob Dillingham,MIN,3,2,1,1,2,1,5,2.4,1
Duncan Robinson,Jaden Ivey,DET,2,3,1,1,1,2,5,2.4,1
John Konchar,Santi Aldama,MEM,3,2,1,1,2,1,5,2.4,1
LaMelo Ball,Liam McNeeley,CHA,2,3,1,0,1,3,5,2.4,1
Olivier-Maxence Prosper,Vince Williams Jr.,MEM,2,3,0,0,2,3,5,2.4,1
Baylor Scheierman,Nikola Vučević,BOS,2,3,2,3,0,0,5,2.4,1
Jay Huff,RayJ Dennis,IND,2,3,1,3,1,0,5,2.4,1
Gabe Vincent,Jalen Johnson,ATL,2,3,2,0,0,3,5,2.4,1
Coby White,LaMelo Ball,CHA,2,3,0,1,2,2,5,2.4,1
Skal Labissiere,Will Riley,WAS,2,3,0,3,2,0,5,2.4,1
Olivier-Maxence Prosper,Rayan Rupert,MEM,3,2,3,1,0,1,5,2.4,1
Jonathan Kuminga,Pat Spencer,GSW,3,2,2,0,1,2,5,2.4,1
Anthony Black,Jett Howard,ORL,2,3,0,2,2,1,5,2.4,1
Bronny James,Jake LaRavia,LAL,3,2,2,1,1,1,5,2.4,1
Goga Bitadze,Jase Richardson,ORL,2,3,2,3,0,0,5,2.4,1
Andre Jackson Jr.,Ryan Rollins,MIL,3,2,1,2,2,0,5,2.4,1
Myron Gardner,Nikola Jović,MIA,2,3,1,1,1,2,5,2.4,1
Bryce McGowens,Karlo Matković,NOP,3,2,2,0,1,2,5,2.4,1
Gabe Vincent,Zaccharie Risacher,ATL,3,2,1,0,2,2,5,2.4,1
Gabe Vincent,Jarred Vanderbilt,LAL,3,2,2,0,1,2,5,2.4,1
Ivica Zubac,Jarace Walker,IND,2,3,1,3,1,0,5,2.4,1
Anthony Gill,Leaky Black,WAS,2,3,0,1,2,2,5,2.4,1
Ariel Hukporti,OG Anunoby,NYK,3,2,1,2,2,0,5,2.4,1
Cam Thomas,Kyle Kuzma,MIL,3,2,3,2,0,0,5,2.4,1
Rayan Rupert,Toumani Camara,POR,2,3,0,2,2,1,5,2.4,1
Isaac Okoro,Rob Dillingham,CHI,2,3,2,2,0,1,5,2.4,1
Bryce McGowens,Jordan Hawkins,NOP,3,2,0,1,3,1,5,2.4,1
Jonas Valančiūnas,Zeke Nnaji,DEN,3,2,1,2,2,0,5,2.4,1
Jalen Brunson,Jose Alvarado,NYK,2,3,2,2,0,1,5,2.4,1
Buddy Hield,De'Anthony Melton,GSW,2,3,2,2,0,1,5,2.4,1
Nolan Traore,Trevon Scott,BKN,2,3,1,2,1,1,5,2.4,1
Brandon Williams,John Poulakidas,DAL,3,2,1,2,2,0,5,2.4,1
Jaylon Tyson,Keon Ellis,CLE,2,3,0,2,2,1,5,2.4,1
Josh Minott,Ochai Agbaji,BKN,2,2,2,2,0,0,4,2,0
Anthony Edwards,Terrence Shannon Jr.,MIN,2,2,1,2,1,0,4,2,0
Rayan Rupert,Shaedon Sharpe,POR,2,2,2,2,0,0,4,2,0
Marvin Bagley III,P.J. Washington,DAL,2,2,1,2,1,0,4,2,0
Anfernee Simons,Isaac Okoro,CHI,2,2,2,1,0,1,4,2,0
Jeremy Sochan,Keldon Johnson,SAS,2,2,2,2,0,0,4,2,0
Amir Coffey,Rasheer Fleming,PHX,2,2,0,2,2,0,4,2,0
Evan Mobley,Luke Travers,CLE,2,2,2,2,0,0,4,2,0
Drake Powell,Tyson Etienne,BKN,2,2,0,1,2,1,4,2,0
Cam Thomas,Drake Powell,BKN,2,2,1,1,1,1,4,2,0
Dwight Powell,Khris Middleton,DAL,2,2,2,2,0,0,4,2,0
Keegan Murray,Malik Monk,SAC,2,2,1,1,1,1,4,2,0
Andrew Nembhard,Jeremiah Robinson-Earl,IND,2,2,2,2,0,0,4,2,0
Malevy Leons,Nate Williams,GSW,2,2,1,2,1,0,4,2,0
Pat Spencer,Seth Curry,GSW,2,2,0,2,2,0,4,2,0
Dalen Terry,Josh Giddey,CHI,2,2,0,2,2,0,4,2,0
Jabari Walker,Joel Embiid,PHI,2,2,1,2,1,0,4,2,0
Scotty Pippen Jr.,Walter Clayton Jr.,MEM,2,2,1,2,1,0,4,2,0
Darius Garland,Lonzo Ball,CLE,2,2,1,1,1,1,4,2,0
Ethan Thompson,Jay Huff,IND,2,2,0,1,2,1,4,2,0
Stephen Curry,Trayce Jackson-Davis,GSW,2,2,2,0,0,2,4,2,0
Blake Hinson,Kyle Filipowski,UTA,2,2,2,0,0,2,4,2,0
Caleb Martin,Daniel Gafford,DAL,2,2,2,0,0,2,4,2,0
Collin Sexton,Pat Connaughton,CHA,2,2,1,1,1,1,4,2,0
Javon Small,Scotty Pippen Jr.,MEM,2,2,1,1,1,1,4,2,0
Andrew Nembhard,Kam Jones,IND,2,2,1,2,1,0,4,2,0
Jarace Walker,RayJ Dennis,IND,2,2,1,0,1,2,4,2,0
Karlo Matković,Yves Missi,NOP,2,2,2,0,0,2,4,2,0
Cam Thomas,Ousmane Dieng,MIL,2,2,0,2,2,0,4,2,0
Andre Jackson Jr.,Jericho Sims,MIL,2,2,2,2,0,0,4,2,0
Malaki Branham,Marvin Bagley III,WAS,2,2,2,2,0,0,4,2,0
Ethan Thompson,Jalen Slawson,IND,2,2,2,0,0,2,4,2,0
Andre Drummond,MarJon Beauchamp,PHI,2,2,2,0,0,2,4,2,0
Jevon Carter,Josh Giddey,CHI,2,2,1,1,1,1,4,2,0
Jarred Vanderbilt,Nick Smith Jr.,LAL,2,2,1,1,1,1,4,2,0
Gui Santos,LJ Cryer,GSW,2,2,0,0,2,2,4,2,0
Andersson Garcia,Elijah Harkless,UTA,2,2,1,2,1,0,4,2,0
Devin Carter,Russell Westbrook,SAC,2,2,1,2,1,0,4,2,0
Harrison Barnes,Kelly Olynyk,SAS,2,2,0,0,2,2,4,2,0
Jalen Johnson,Jonathan Kuminga,ATL,2,2,1,1,1,1,4,2,0
Jamal Cain,Jett Howard,ORL,2,2,0,0,2,2,4,2,0
Aaron Nesmith,Isaiah Jackson,IND,2,2,2,1,0,1,4,2,0
D'Angelo Russell,Ryan Nembhard,DAL,2,2,1,1,1,1,4,2,0
Duop Reath,Rayan Rupert,POR,2,2,1,1,1,1,4,2,0
Amen Thompson,Jae'Sean Tate,HOU,2,2,0,2,2,0,4,2,0
Keon Ellis,Thomas Bryant,CLE,2,2,1,2,1,0,4,2,0
Guerschon Yabusele,Karl-Anthony Towns,NYK,2,2,1,2,1,0,4,2,0
Aaron Wiggins,Jared McCain,OKC,2,2,0,1,2,1,4,2,0
Dalen Terry,Lachlan Olbrich,CHI,2,2,2,1,0,1,4,2,0
Isaiah Livers,Jordan Goodwin,PHX,2,2,0,0,2,2,4,2,0
Amir Coffey,Pete Nance,MIL,2,2,0,2,2,0,4,2,0
Jeremiah Robinson-Earl,Klay Thompson,DAL,2,2,0,1,2,1,4,2,0
Andre Jackson Jr.,Bobby Portis,MIL,2,2,0,0,2,2,4,2,0
Malaki Branham,Will Riley,WAS,2,2,1,0,1,2,4,2,0
Ayo Dosunmu,Mike Conley,MIN,2,2,0,1,2,1,4,2,0
Collin Sexton,Lachlan Olbrich,CHI,2,2,2,1,0,1,4,2,0
Brook Lopez,Cam Christie,LAC,2,2,0,0,2,2,4,2,0
Gui Santos,Jimmy Butler III,GSW,2,2,2,1,0,1,4,2,0
Josh Hart,Mitchell Robinson,NYK,2,2,2,1,0,1,4,2,0
Scoot Henderson,Sidy Cissoko,POR,2,2,2,1,0,1,4,2,0
Jalen Williams,Jaylin Williams,OKC,2,2,2,2,0,0,4,2,0
Kevin McCullar Jr.,OG Anunoby,NYK,2,2,0,0,2,2,4,2,0
David Jones Garcia,De'Aaron Fox,SAS,2,2,1,0,1,2,4,2,0
Devin Booker,Isaiah Livers,PHX,2,2,0,0,2,2,4,2,0
Amir Coffey,Kyle Kuzma,MIL,2,2,2,1,0,1,4,2,0
Jabari Walker,Kelly Oubre Jr.,PHI,2,2,1,1,1,1,4,2,0
Mason Plumlee,Sion James,CHA,2,2,2,2,0,0,4,2,0
Jaden Ivey,Tobias Harris,DET,2,2,1,0,1,2,4,2,0
Karlo Matković,Micah Peavy,NOP,2,2,2,2,0,0,4,2,0
Jonathan Isaac,Wendell Carter Jr.,ORL,2,2,0,2,2,0,4,2,0
Gary Payton II,Trayce Jackson-Davis,GSW,2,2,2,2,0,0,4,2,0
Anthony Black,Jevon Carter,ORL,2,2,1,1,1,1,4,2,0
Blake Hinson,Oscar Tshiebwe,UTA,2,2,2,1,0,1,4,2,0
Justin Edwards,Tyrese Martin,PHI,2,2,0,0,2,2,4,2,0
A.J. Lawson,Gradey Dick,TOR,2,2,2,1,0,1,4,2,0
Javonte Green,Tobias Harris,DET,2,2,2,0,0,2,4,2,0
Elijah Harkless,John Konchar,UTA,2,2,2,1,0,1,4,2,0
Gary Harris,Giannis Antetokounmpo,MIL,2,2,2,0,0,2,4,2,0
Jusuf Nurkić,Taylor Hendricks,UTA,2,2,2,1,0,1,4,2,0
Dwight Powell,Jaden Hardy,DAL,2,2,0,2,2,0,4,2,0
Brooks Barnhizer,Isaiah Joe,OKC,2,2,0,2,2,0,4,2,0
Isaac Okoro,Jaden Ivey,CHI,2,2,0,2,2,0,4,2,0
Klay Thompson,Ryan Nembhard,DAL,1,42,0,12,1,30,43,1.9534883720930232,41
Deandre Ayton,Marcus Smart,LAL,1,30,0,30,1,0,31,1.935483870967742,29
Drew Eubanks,Russell Westbrook,SAC,1,29,0,28,1,1,30,1.9333333333333333,28
AJ Green,Kevin Porter Jr.,MIL,1,26,1,2,0,24,27,1.9259259259259258,25
Dru Smith,Kel'el Ware,MIA,23,1,14,0,9,1,24,1.9166666666666667,22
Daniel Gafford,Ryan Nembhard,DAL,1,19,0,19,1,0,20,1.9,18
Cody Williams,John Konchar,UTA,1,19,0,16,1,3,20,1.9,18
Olivier-Maxence Prosper,Walter Clayton Jr.,MEM,1,18,0,11,1,7,19,1.894736842105263,17
Jaylen Wells,Ty Jerome,MEM,1,18,0,10,1,8,19,1.894736842105263,17
Aaron Nesmith,Quenton Jackson,IND,1,17,1,11,0,6,18,1.8888888888888888,16
Dennis Schröder,Precious Achiuwa,SAC,17,1,16,1,1,0,18,1.8888888888888888,16
Daeqwon Plowden,DeMar DeRozan,SAC,1,15,0,7,1,8,16,1.875,14
Kam Jones,Taelon Peter,IND,15,1,5,0,10,1,16,1.875,14
Jalen Pickett,Zeke Nnaji,DEN,15,1,13,0,2,1,16,1.875,14
Killian Hayes,Malik Monk,SAC,14,1,10,1,4,0,15,1.8666666666666667,13
Isaiah Hartenstein,Jared McCain,OKC,14,1,8,1,6,0,15,1.8666666666666667,13
Ben Saraf,Michael Porter Jr.,BKN,14,1,6,0,8,1,15,1.8666666666666667,13
Jaren Jackson Jr.,Zach Edey,MEM,13,1,13,1,0,0,14,1.8571428571428572,12
Guerschon Yabusele,Jalen Brunson,NYK,1,12,0,5,1,7,13,1.8461538461538463,11
Kel'el Ware,Nikola Jović,MIA,1,12,0,10,1,2,13,1.8461538461538463,11
Justin Champagnie,Sharife Cooper,WAS,1,11,1,6,0,5,12,1.8333333333333333,10
Tristan da Silva,Tyus Jones,ORL,1,11,1,2,0,9,12,1.8333333333333333,10
Brook Lopez,Chris Paul,LAC,1,11,0,2,1,9,12,1.8333333333333333,10
Trae Young,Tre Johnson,WAS,11,1,3,1,8,0,12,1.8333333333333333,10
GG Jackson,Ty Jerome,MEM,1,11,0,6,1,5,12,1.8333333333333333,10
Dennis Schröder,Drew Eubanks,SAC,10,1,10,1,0,0,11,1.8181818181818181,9
Joan Beringer,Joe Ingles,MIN,1,10,1,10,0,0,11,1.8181818181818181,9
Doug McDermott,Nique Clifford,SAC,1,10,1,0,0,10,11,1.8181818181818181,9
CJ McCollum,Jonathan Kuminga,ATL,10,1,7,0,3,1,11,1.8181818181818181,9
Daeqwon Plowden,Russell Westbrook,SAC,1,10,0,5,1,5,11,1.8181818181818181,9
Chris Paul,John Collins,LAC,10,1,10,0,0,1,11,1.8181818181818181,9
Johnny Furphy,T.J. McConnell,IND,1,10,1,6,0,4,11,1.8181818181818181,9
Jaren Jackson Jr.,Javon Small,MEM,1,9,0,6,1,3,10,1.8,8
Gary Harris,Gary Trent Jr.,MIL,9,1,2,0,7,1,10,1.8,8
Gabe Vincent,Rui Hachimura,LAL,9,1,4,1,5,0,10,1.8,8
D'Angelo Russell,Jaden Hardy,DAL,9,1,3,0,6,1,10,1.8,8
Asa Newell,Nickeil Alexander-Walker,ATL,1,9,1,5,0,4,10,1.8,8
AJ Green,Ousmane Dieng,MIL,1,8,0,1,1,7,9,1.7777777777777777,7
Jordan Walsh,Sam Hauser,BOS,1,8,0,3,1,5,9,1.7777777777777777,7
Khris Middleton,Ryan Nembhard,DAL,1,8,0,2,1,6,9,1.7777777777777777,7
Kristaps Porziņģis,Trae Young,ATL,1,8,1,4,0,4,9,1.7777777777777777,7
Doug McDermott,Malik Monk,SAC,1,8,0,1,1,7,9,1.7777777777777777,7
Goga Bitadze,Noah Penda,ORL,1,8,1,8,0,0,9,1.7777777777777777,7
Jock Landale,John Konchar,MEM,1,8,0,6,1,2,9,1.7777777777777777,7
Dalton Knecht,Luka Dončić,LAL,1,8,0,3,1,5,9,1.7777777777777777,7
James Harden,Thomas Bryant,CLE,8,1,5,0,3,1,9,1.7777777777777777,7
Dyson Daniels,Gabe Vincent,ATL,1,8,0,5,1,3,9,1.7777777777777777,7
Cason Wallace,Jared McCain,OKC,8,1,2,0,6,1,9,1.7777777777777777,7
Herbert Jones,Jose Alvarado,NOP,1,8,0,4,1,4,9,1.7777777777777777,7
Jeremy Sochan,Julian Champagnie,SAS,8,1,2,1,6,0,9,1.7777777777777777,7
Javon Small,Santi Aldama,MEM,8,1,5,1,3,0,9,1.7777777777777777,7
Doug McDermott,Killian Hayes,SAC,1,8,1,0,0,8,9,1.7777777777777777,7
Blake Wesley,Kris Murray,POR,8,1,6,1,2,0,9,1.7777777777777777,7
Dominick Barlow,Trendon Watford,PHI,1,8,1,7,0,1,9,1.7777777777777777,7
Garrison Mathews,T.J. McConnell,IND,1,8,1,3,0,5,9,1.7777777777777777,7
Chaz Lanier,Daniss Jenkins,DET,1,8,0,1,1,7,9,1.7777777777777777,7
CJ McCollum,Luke Kennard,ATL,8,1,2,0,6,1,9,1.7777777777777777,7
Kyle Anderson,Lauri Markkanen,UTA,8,1,8,1,0,0,9,1.7777777777777777,7
Ayo Dosunmu,Kyle Anderson,MIN,1,8,1,5,0,3,9,1.7777777777777777,7
Jalen Wilson,Tyrese Martin,BKN,1,8,0,0,1,8,9,1.7777777777777777,7
Chris Paul,Kawhi Leonard,LAC,8,1,5,0,3,1,9,1.7777777777777777,7
Ivica Zubac,T.J. McConnell,IND,1,8,1,8,0,0,9,1.7777777777777777,7
Taylor Hendricks,Ty Jerome,MEM,1,8,1,5,0,3,9,1.7777777777777777,7
James Harden,Yanic Konan Niederhäuser,LAC,7,1,7,0,0,1,8,1.75,6
Bruce Brown,Zeke Nnaji,DEN,7,1,7,1,0,0,8,1.75,6
Derrick Jones Jr.,Jordan Miller,LAC,1,7,1,3,0,4,8,1.75,6
Jaden Hardy,Tristan Vukcevic,WAS,7,1,5,0,2,1,8,1.75,6
CJ McCollum,Zaccharie Risacher,ATL,7,1,2,1,5,0,8,1.75,6
Trae Young,Vít Krejčí,ATL,7,1,0,1,7,0,8,1.75,6
Cody Williams,Jusuf Nurkić,UTA,1,7,1,6,0,1,8,1.75,6
Jordan Hawkins,Saddiq Bey,NOP,1,7,0,1,1,6,8,1.75,6
Caleb Martin,P.J. Washington,DAL,7,1,5,1,2,0,8,1.75,6
Isaiah Jackson,Kris Dunn,LAC,1,7,1,7,0,0,8,1.75,6
Grant Williams,Sion James,CHA,1,7,0,4,1,3,8,1.75,6
Jabari Walker,Jared McCain,PHI,1,7,1,4,0,3,8,1.75,6
Kevin Huerter,Ronald Holland II,DET,7,1,3,1,4,0,8,1.75,6
DeMar DeRozan,Keon Ellis,SAC,7,1,2,0,5,1,8,1.75,6
Jaxson Hayes,Marcus Smart,LAL,1,7,0,7,1,0,8,1.75,6
Coby White,Ryan Kalkbrenner,CHA,7,1,7,1,0,0,8,1.75,6
Klay Thompson,Tyus Jones,DAL,1,7,1,3,0,4,8,1.75,6
Jarred Vanderbilt,Marcus Smart,LAL,1,7,1,3,0,4,8,1.75,6
Nique Clifford,Zach LaVine,SAC,7,1,3,0,4,1,8,1.75,6
Collin Murray-Boyles,Gradey Dick,TOR,7,1,3,1,4,0,8,1.75,6
Blake Wesley,Jerami Grant,POR,7,1,2,0,5,1,8,1.75,6
Buddy Hield,Moses Moody,GSW,7,1,2,0,5,1,8,1.75,6
Jay Huff,Taelon Peter,IND,1,7,0,3,1,4,8,1.75,6
Bogdan Bogdanović,Ivica Zubac,LAC,7,1,7,0,0,1,8,1.75,6
Cole Anthony,Pete Nance,MIL,7,1,6,0,1,1,8,1.75,6
Chris Paul,Kris Dunn,LAC,6,1,4,0,2,1,7,1.7142857142857142,5
Daniel Gafford,Jaden Hardy,DAL,1,6,1,6,0,0,7,1.7142857142857142,5
Jamaree Bouyea,Khaman Maluach,PHX,6,1,5,1,1,0,7,1.7142857142857142,5
Jahmai Mashack,Taylor Hendricks,MEM,6,1,3,0,3,1,7,1.7142857142857142,5
Lonzo Ball,Sam Merrill,CLE,6,1,1,0,5,1,7,1.7142857142857142,5
Patrick Williams,Yuki Kawamura,CHI,1,6,0,3,1,3,7,1.7142857142857142,5
Dorian Finney-Smith,Jabari Smith Jr.,HOU,6,1,2,0,4,1,7,1.7142857142857142,5
Killian Hayes,Maxime Raynaud,SAC,6,1,5,0,1,1,7,1.7142857142857142,5
Dalen Terry,Jalen Smith,CHI,6,1,1,1,5,0,7,1.7142857142857142,5
Daniss Jenkins,Jaden Ivey,DET,6,1,2,0,4,1,7,1.7142857142857142,5
Kobe Brown,Yanic Konan Niederhäuser,LAC,6,1,6,1,0,0,7,1.7142857142857142,5
Moussa Cisse,Ryan Nembhard,DAL,1,6,1,6,0,0,7,1.7142857142857142,5
Jalen Suggs,Tyus Jones,ORL,1,6,0,3,1,3,7,1.7142857142857142,5
Deni Avdija,Vít Krejčí,POR,6,1,2,1,4,0,7,1.7142857142857142,5
Ace Bailey,Kennedy Chandler,UTA,1,6,1,4,0,2,7,1.7142857142857142,5
Luka Dončić,Maxi Kleber,LAL,6,1,5,0,1,1,7,1.7142857142857142,5
Bilal Coulibaly,Khris Middleton,WAS,1,6,0,1,1,5,7,1.7142857142857142,5
Moussa Cisse,Naji Marshall,DAL,1,6,1,6,0,0,7,1.7142857142857142,5
AJ Green,Cole Anthony,MIL,1,6,1,0,0,6,7,1.7142857142857142,5
Jase Richardson,Tristan da Silva,ORL,6,1,3,1,3,0,7,1.7142857142857142,5
Adem Bona,Trendon Watford,PHI,1,6,1,6,0,0,7,1.7142857142857142,5
Jaylen Wells,Taylor Hendricks,MEM,1,6,1,3,0,3,7,1.7142857142857142,5
Dariq Whitehead,Walter Clayton Jr.,MEM,1,6,0,1,1,5,7,1.7142857142857142,5
Leaky Black,Will Riley,WAS,1,6,0,4,1,2,7,1.7142857142857142,5
Carter Bryant,Jordan McLaughlin,SAS,1,6,0,3,1,3,7,1.7142857142857142,5
Jaden Hardy,Justin Champagnie,WAS,1,6,1,1,0,5,7,1.7142857142857142,5
Matisse Thybulle,Sidy Cissoko,POR,1,6,0,0,1,6,7,1.7142857142857142,5
Blake Hinson,Cody Williams,UTA,1,6,1,2,0,4,7,1.7142857142857142,5
Matas Buzelis,Yuki Kawamura,CHI,1,6,0,4,1,2,7,1.7142857142857142,5
John Collins,Nicolas Batum,LAC,1,6,0,4,1,2,7,1.7142857142857142,5
Julian Phillips,Tre Jones,CHI,1,6,1,3,0,3,7,1.7142857142857142,5
Ben Saraf,Ochai Agbaji,BKN,6,1,3,1,3,0,7,1.7142857142857142,5
Aaron Holiday,Josh Okogie,HOU,6,1,3,0,3,1,7,1.7142857142857142,5
Kristaps Porziņģis,Pat Spencer,GSW,1,6,0,4,1,2,7,1.7142857142857142,5
Tre Jones,Yuki Kawamura,CHI,1,5,0,5,1,0,6,1.6666666666666667,4
Aaron Nesmith,Kam Jones,IND,1,5,0,3,1,2,6,1.6666666666666667,4
Dalen Terry,Tre Jones,CHI,1,5,1,1,0,4,6,1.6666666666666667,4
Bryce McGowens,Herbert Jones,NOP,1,5,1,2,0,3,6,1.6666666666666667,4
Moritz Wagner,Noah Penda,ORL,1,5,0,3,1,2,6,1.6666666666666667,4
Kennedy Chandler,Kyle Filipowski,UTA,5,1,4,1,1,0,6,1.6666666666666667,4
Ben Saraf,Chaney Johnson,BKN,5,1,3,1,2,0,6,1.6666666666666667,4
Brandin Podziemski,Nate Williams,GSW,5,1,4,1,1,0,6,1.6666666666666667,4
Jordan Goodwin,Nick Richards,PHX,5,1,5,1,0,0,6,1.6666666666666667,4
DaQuan Jeffries,Killian Hayes,SAC,1,5,0,3,1,2,6,1.6666666666666667,4
Javonte Green,Kevin Huerter,DET,1,5,1,4,0,1,6,1.6666666666666667,4
Craig Porter Jr.,Tyrese Proctor,CLE,5,1,3,1,2,0,6,1.6666666666666667,4
John Konchar,Vince Williams Jr.,MEM,1,5,0,1,1,4,6,1.6666666666666667,4
Jett Howard,Jevon Carter,ORL,1,5,0,2,1,3,6,1.6666666666666667,4
Jonathan Kuminga,Moses Moody,GSW,5,1,3,1,2,0,6,1.6666666666666667,4
Keaton Wallace,Kristaps Porziņģis,ATL,5,1,3,0,2,1,6,1.6666666666666667,4
Ariel Hukporti,Jalen Brunson,NYK,5,1,2,1,3,0,6,1.6666666666666667,4
Cormac Ryan,Jericho Sims,MIL,1,5,1,2,0,3,6,1.6666666666666667,4
Jaden Ivey,Javonte Green,DET,5,1,2,1,3,0,6,1.6666666666666667,4
Marvin Bagley III,Ryan Nembhard,DAL,1,5,1,2,0,3,6,1.6666666666666667,4
Micah Potter,Obi Toppin,IND,5,1,2,1,3,0,6,1.6666666666666667,4
Baylor Scheierman,Ron Harper Jr.,BOS,5,1,0,1,5,0,6,1.6666666666666667,4
Drew Eubanks,Precious Achiuwa,SAC,1,5,1,5,0,0,6,1.6666666666666667,4
Rayan Rupert,Sidy Cissoko,POR,5,1,2,0,3,1,6,1.6666666666666667,4
Austin Reaves,Maxi Kleber,LAL,1,5,1,1,0,4,6,1.6666666666666667,4
Coby White,Jevon Carter,CHI,5,1,0,0,5,1,6,1.6666666666666667,4
Adama Bal,Walter Clayton Jr.,MEM,1,5,0,0,1,5,6,1.6666666666666667,4
Dean Wade,Keon Ellis,CLE,5,1,1,0,4,1,6,1.6666666666666667,4
Bez Mbeng,Oscar Tshiebwe,UTA,5,1,5,1,0,0,6,1.6666666666666667,4
Alex Caruso,Jalen Williams,OKC,1,5,1,4,0,1,6,1.6666666666666667,4
Brandon Williams,Moussa Cisse,DAL,5,1,5,0,0,1,6,1.6666666666666667,4
Javonte Green,Marcus Sasser,DET,1,5,1,1,0,4,6,1.6666666666666667,4
Leonard Miller,Rob Dillingham,MIN,1,5,1,4,0,1,6,1.6666666666666667,4
Cody Williams,Oscar Tshiebwe,UTA,5,1,5,1,0,0,6,1.6666666666666667,4
Gabe Vincent,Jock Landale,ATL,5,1,4,0,1,1,6,1.6666666666666667,4
Alex Sarr,Trae Young,WAS,1,5,1,4,0,1,6,1.6666666666666667,4
De'Andre Hunter,Thomas Bryant,CLE,1,5,1,2,0,3,6,1.6666666666666667,4
Jalen Green,Khaman Maluach,PHX,5,1,3,0,2,1,6,1.6666666666666667,4
Guerschon Yabusele,Miles McBride,NYK,5,1,1,1,4,0,6,1.6666666666666667,4
Kevin McCullar Jr.,Mikal Bridges,NYK,5,1,1,0,4,1,6,1.6666666666666667,4
Anthony Black,Jonathan Isaac,ORL,5,1,4,1,1,0,6,1.6666666666666667,4
Rudy Gobert,Terrence Shannon Jr.,MIN,1,5,1,5,0,0,6,1.6666666666666667,4
Bronny James,Drew Timme,LAL,5,1,4,1,1,0,6,1.6666666666666667,4
Kevin Huerter,Tobias Harris,DET,1,5,1,3,0,2,6,1.6666666666666667,4
Donte DiVincenzo,Jaylen Clark,MIN,5,1,3,0,2,1,6,1.6666666666666667,4
Bogdan Bogdanović,Jordan Miller,LAC,5,1,4,1,1,0,6,1.6666666666666667,4
Bogdan Bogdanović,Kobe Sanders,LAC,4,1,1,0,3,1,5,1.6,3
Caleb Houstan,Keaton Wallace,ATL,1,4,1,0,0,4,5,1.6,3
Julian Reese,Leaky Black,WAS,4,1,1,1,3,0,5,1.6,3
Luka Garza,Ron Harper Jr.,BOS,4,1,1,1,3,0,5,1.6,3
Corey Kispert,Jonathan Kuminga,ATL,1,4,0,3,1,1,5,1.6,3
Dalen Terry,Justin Edwards,PHI,1,4,0,3,1,1,5,1.6,3
Ariel Hukporti,Miles McBride,NYK,4,1,0,1,4,0,5,1.6,3
Mitchell Robinson,Mohamed Diawara,NYK,1,4,0,4,1,0,5,1.6,3
Miles Kelly,Ryan Nembhard,DAL,1,4,0,1,1,3,5,1.6,3
Jaylen Brown,Xavier Tillman,BOS,4,1,4,0,0,1,5,1.6,3
Bez Mbeng,Elijah Harkless,UTA,4,1,1,0,3,1,5,1.6,3
Gary Payton II,Seth Curry,GSW,4,1,1,1,3,0,5,1.6,3
Jalen Smith,Rob Dillingham,CHI,1,4,0,3,1,1,5,1.6,3
Hugo González,Ron Harper Jr.,BOS,1,4,1,2,0,2,5,1.6,3
Jordan McLaughlin,Lindy Waters III,SAS,4,1,0,0,4,1,5,1.6,3
Nolan Traore,Ochai Agbaji,BKN,4,1,0,0,4,1,5,1.6,3
Cedric Coward,Taylor Hendricks,MEM,4,1,3,0,1,1,5,1.6,3
Bogdan Bogdanović,Kris Dunn,LAC,1,4,0,3,1,1,5,1.6,3
Kris Murray,Robert Williams III,POR,4,1,4,1,0,0,5,1.6,3
Kobe Brown,Obi Toppin,IND,4,1,3,0,1,1,5,1.6,3
Drew Timme,Rui Hachimura,LAL,4,1,3,0,1,1,5,1.6,3
Mouhamed Gueye,Trae Young,ATL,1,4,0,4,1,0,5,1.6,3
Khris Middleton,Klay Thompson,DAL,4,1,1,0,3,1,5,1.6,3
Coby White,Josh Green,CHA,4,1,1,0,3,1,5,1.6,3
Daniss Jenkins,Tolu Smith,DET,4,1,4,0,0,1,5,1.6,3
Amir Coffey,Collin Gillespie,PHX,4,1,0,0,4,1,5,1.6,3
Dylan Cardwell,Maxime Raynaud,SAC,4,1,3,1,1,0,5,1.6,3
MarJon Beauchamp,Trendon Watford,PHI,1,4,1,1,0,3,5,1.6,3
Bones Hyland,Leonard Miller,MIN,4,1,4,1,0,0,5,1.6,3
Ochai Agbaji,Ziaire Williams,BKN,1,4,1,4,0,0,5,1.6,3
Amir Coffey,Grayson Allen,PHX,1,4,0,1,1,3,5,1.6,3
Jamal Cain,Wendell Carter Jr.,ORL,1,4,0,2,1,2,5,1.6,3
Blake Wesley,Shaedon Sharpe,POR,4,1,3,0,1,1,5,1.6,3
Alperen Sengun,JD Davison,HOU,4,1,2,1,2,0,5,1.6,3
Bub Carrington,Leaky Black,WAS,4,1,1,0,3,1,5,1.6,3
Ochai Agbaji,Tyson Etienne,BKN,1,4,0,2,1,2,5,1.6,3
RayJ Dennis,Tony Bradley,IND,4,1,4,1,0,0,5,1.6,3
Jabari Walker,Tyrese Martin,PHI,1,4,1,3,0,1,5,1.6,3
Jonathan Isaac,Tristan da Silva,ORL,4,1,2,1,2,0,5,1.6,3
Dalen Terry,MarJon Beauchamp,PHI,4,1,2,0,2,1,5,1.6,3
Josh Giddey,Julian Phillips,CHI,4,1,2,1,2,0,5,1.6,3
Alex Sarr,Jamir Watkins,WAS,4,1,1,1,3,0,5,1.6,3
Kevon Looney,Trey Murphy III,NOP,4,1,2,1,2,0,5,1.6,3
Larry Nance Jr.,Nae'Qwan Tomlin,CLE,4,1,2,1,2,0,5,1.6,3
Julius Randle,Kyle Anderson,MIN,1,4,1,4,0,0,5,1.6,3
Chris Youngblood,Isaiah Joe,OKC,1,4,0,0,1,4,5,1.6,3
Larry Nance Jr.,Lonzo Ball,CLE,1,4,0,2,1,2,5,1.6,3
Cam Spencer,Scotty Pippen Jr.,MEM,4,1,1,0,3,1,5,1.6,3
Kyle Filipowski,Vince Williams Jr.,UTA,1,4,1,4,0,0,5,1.6,3
Dalen Terry,Matas Buzelis,CHI,4,1,1,1,3,0,5,1.6,3
Blake Hinson,John Konchar,UTA,1,4,1,1,0,3,5,1.6,3
Jordan Miller,TyTy Washington Jr.,LAC,1,4,1,3,0,1,5,1.6,3
Scoot Henderson,Vít Krejčí,POR,4,1,2,0,2,1,5,1.6,3
Dennis Schröder,Larry Nance Jr.,CLE,4,1,2,0,2,1,5,1.6,3
Pete Nance,Taurean Prince,MIL,4,1,1,1,3,0,5,1.6,3
Devin Booker,Rasheer Fleming,PHX,4,1,0,0,4,1,5,1.6,3
Donovan Clingan,Vít Krejčí,POR,4,1,2,1,2,0,5,1.6,3
Gradey Dick,Trayce Jackson-Davis,TOR,1,4,1,2,0,2,5,1.6,3
Noah Penda,Wendell Carter Jr.,ORL,4,1,4,0,0,1,5,1.6,3
Dalen Terry,Jevon Carter,CHI,4,1,0,0,4,1,5,1.6,3
De'Aaron Fox,Lindy Waters III,SAS,4,1,2,1,2,0,5,1.6,3
Jamir Watkins,Tre Johnson,WAS,4,1,1,1,3,0,5,1.6,3
LaMelo Ball,PJ Hall,CHA,1,4,0,0,1,4,5,1.6,3
Cade Cunningham,Chaz Lanier,DET,4,1,0,1,4,0,5,1.6,3
Donte DiVincenzo,Kyle Anderson,MIN,1,4,1,1,0,3,5,1.6,3
KJ Simpson,Liam McNeeley,CHA,4,1,0,1,4,0,5,1.6,3
Gary Harris,Taurean Prince,MIL,4,1,3,1,1,0,5,1.6,3
John Konchar,Oscar Tshiebwe,UTA,1,4,1,4,0,0,5,1.6,3
Cameron Payne,Dalen Terry,PHI,1,4,1,1,0,3,5,1.6,3
Kon Knueppel,Mason Plumlee,CHA,1,4,1,0,0,4,5,1.6,3
Leaky Black,Sharife Cooper,WAS,1,4,1,2,0,2,5,1.6,3
Toumani Camara,Yang Hansen,POR,1,4,1,4,0,0,5,1.6,3
Santi Aldama,Zach Edey,MEM,4,1,4,0,0,1,5,1.6,3
Dalton Knecht,Jaxson Hayes,LAL,1,4,1,2,0,2,5,1.6,3
Cam Whitmore,CJ McCollum,WAS,1,4,0,3,1,1,5,1.6,3
Caleb Martin,Jaden Hardy,DAL,4,1,1,0,3,1,5,1.6,3
D'Angelo Russell,Daniel Gafford,DAL,4,1,4,1,0,0,5,1.6,3
Javon Small,Rayan Rupert,MEM,4,1,2,1,2,0,5,1.6,3
Jaden McDaniels,Jaylen Clark,MIN,1,4,0,3,1,1,5,1.6,3
Branden Carlson,Cason Wallace,OKC,1,4,0,2,1,2,5,1.6,3
Jaden McDaniels,Rob Dillingham,MIN,1,4,1,1,0,3,5,1.6,3
Robert Williams III,Vít Krejčí,POR,1,3,0,2,1,1,4,1.5,2
Ja Morant,Vince Williams Jr.,MEM,1,3,1,2,0,1,4,1.5,2
Cam Spencer,Taj Gibson,MEM,3,1,3,0,0,1,4,1.5,2
Dejounte Murray,Karlo Matković,NOP,3,1,3,1,0,0,4,1.5,2
Moussa Diabaté,Tidjane Salaün,CHA,3,1,0,1,3,0,4,1.5,2
Kobe Bufkin,Nick Smith Jr.,LAL,3,1,1,0,2,1,4,1.5,2
Chris Youngblood,Kenrich Williams,OKC,1,3,0,0,1,3,4,1.5,2
Dejounte Murray,Yves Missi,NOP,3,1,3,1,0,0,4,1.5,2
Ethan Thompson,Tony Bradley,IND,3,1,3,1,0,0,4,1.5,2
Deandre Ayton,Jarred Vanderbilt,LAL,1,3,1,3,0,0,4,1.5,2
MarJon Beauchamp,VJ Edgecombe,PHI,1,3,0,1,1,2,4,1.5,2
Devin Booker,Nick Richards,PHX,3,1,3,1,0,0,4,1.5,2
Evan Mobley,Thomas Bryant,CLE,1,3,1,3,0,0,4,1.5,2
Jalen Wilson,Michael Porter Jr.,BKN,1,3,0,1,1,2,4,1.5,2
Gradey Dick,Ochai Agbaji,TOR,1,3,1,0,0,3,4,1.5,2
Keon Ellis,Larry Nance Jr.,CLE,3,1,2,0,1,1,4,1.5,2
Brice Sensabaugh,Jaren Jackson Jr.,UTA,1,3,1,2,0,1,4,1.5,2
Kadary Richmond,Sharife Cooper,WAS,3,1,3,0,0,1,4,1.5,2
Jabari Smith Jr.,JD Davison,HOU,1,3,0,1,1,2,4,1.5,2
Simone Fontecchio,Tyler Herro,MIA,1,3,0,2,1,1,4,1.5,2
DaRon Holmes II,Zeke Nnaji,DEN,1,3,1,1,0,2,4,1.5,2
Guerschon Yabusele,Leonard Miller,CHI,1,3,1,1,0,2,4,1.5,2
Ajay Mitchell,Ousmane Dieng,OKC,3,1,1,1,2,0,4,1.5,2
DeAndre Jordan,Dejounte Murray,NOP,1,3,1,3,0,0,4,1.5,2
Chaney Johnson,Drake Powell,BKN,3,1,3,1,0,0,4,1.5,2
Asa Newell,Mouhamed Gueye,ATL,1,3,1,1,0,2,4,1.5,2
Gary Payton II,Jonathan Kuminga,GSW,3,1,1,1,2,0,4,1.5,2
Cam Thomas,Pete Nance,MIL,3,1,1,0,2,1,4,1.5,2
Jonathan Isaac,Noah Penda,ORL,3,1,1,1,2,0,4,1.5,2
Collin Gillespie,Khaman Maluach,PHX,3,1,3,0,0,1,4,1.5,2
Collin Gillespie,Nigel Hayes-Davis,PHX,3,1,3,0,0,1,4,1.5,2
Jase Richardson,Wendell Carter Jr.,ORL,1,3,1,2,0,1,4,1.5,2
Devin Carter,Keon Ellis,SAC,3,1,2,1,1,0,4,1.5,2
AJ Johnson,Naji Marshall,DAL,3,1,3,1,0,0,4,1.5,2
AJ Johnson,John Poulakidas,DAL,3,1,2,0,1,1,4,1.5,2
Marcus Sasser,Tobias Harris,DET,3,1,2,0,1,1,4,1.5,2
Myron Gardner,Tyler Herro,MIA,3,1,2,0,1,1,4,1.5,2
Kristaps Porziņģis,Vít Krejčí,ATL,3,1,0,0,3,1,4,1.5,2
Giannis Antetokounmpo,Taurean Prince,MIL,3,1,1,1,2,0,4,1.5,2
Chris Paul,Yanic Konan Niederhäuser,LAC,3,1,3,1,0,0,4,1.5,2
John Konchar,Kevin Love,UTA,3,1,1,0,2,1,4,1.5,2
John Konchar,Svi Mykhailiuk,UTA,3,1,1,1,2,0,4,1.5,2
Obi Toppin,Taelon Peter,IND,3,1,0,0,3,1,4,1.5,2
Andrew Nembhard,Garrison Mathews,IND,3,1,0,1,3,0,4,1.5,2
Dorian Finney-Smith,Josh Okogie,HOU,1,3,1,0,0,3,4,1.5,2
Cam Spencer,Zach Edey,MEM,3,1,3,0,0,1,4,1.5,2
Elijah Harkless,Keyonte George,UTA,3,1,1,1,2,0,4,1.5,2
Taelon Peter,Tony Bradley,IND,3,1,2,0,1,1,4,1.5,2
Chris Paul,Kobe Sanders,LAC,3,1,1,0,2,1,4,1.5,2
Chet Holmgren,Ousmane Dieng,OKC,1,3,1,3,0,0,4,1.5,2
Clint Capela,Jae'Sean Tate,HOU,3,1,3,1,0,0,4,1.5,2
Caleb Martin,D'Angelo Russell,DAL,3,1,1,1,2,0,4,1.5,2
Isaiah Hartenstein,Jaylin Williams,OKC,1,3,0,3,1,0,4,1.5,2
Adama Bal,Tyler Burton,MEM,3,1,2,1,1,0,4,1.5,2
Andre Jackson Jr.,Cole Anthony,MIL,1,3,0,2,1,1,4,1.5,2
Anthony Edwards,Joan Beringer,MIN,3,1,3,0,0,1,4,1.5,2
Andre Jackson Jr.,Myles Turner,MIL,3,1,1,0,2,1,4,1.5,2
Danny Wolf,Grant Nelson,BKN,1,3,1,1,0,2,4,1.5,2
Bronny James,Maxi Kleber,LAL,3,1,1,0,2,1,4,1.5,2
Bilal Coulibaly,Julian Reese,WAS,3,1,3,0,0,1,4,1.5,2
Jase Richardson,Moritz Wagner,ORL,3,1,3,1,0,0,4,1.5,2
Christian Koloko,CJ McCollum,ATL,3,1,3,1,0,0,4,1.5,2
Bennedict Mathurin,Isaiah Jackson,IND,1,3,1,2,0,1,4,1.5,2
Lindy Waters III,Victor Wembanyama,SAS,3,1,2,0,1,1,4,1.5,2
Kel'el Ware,Myron Gardner,MIA,1,3,1,0,0,3,4,1.5,2
Bobby Portis,Pete Nance,MIL,3,1,2,1,1,0,4,1.5,2
Isaiah Jackson,Kawhi Leonard,LAC,3,1,2,1,1,0,4,1.5,2
Elijah Harkless,Kennedy Chandler,UTA,1,3,1,1,0,2,4,1.5,2
Josh Minott,Malachi Smith,BKN,1,3,1,0,0,3,4,1.5,2
Gui Santos,Malevy Leons,GSW,1,3,1,2,0,1,4,1.5,2
Lachlan Olbrich,Yuki Kawamura,CHI,1,3,0,2,1,1,4,1.5,2
Ariel Hukporti,Jose Alvarado,NYK,1,3,1,3,0,0,4,1.5,2
Malaki Branham,Tristan Vukcevic,WAS,1,3,1,1,0,2,4,1.5,2
Jarace Walker,Tony Bradley,IND,3,1,3,0,0,1,4,1.5,2
Jeremy Sochan,Tyler Kolek,NYK,1,3,0,3,1,0,4,1.5,2
E.J. Liddell,Jalen Wilson,BKN,1,3,1,1,0,2,4,1.5,2
Domantas Sabonis,Keon Ellis,SAC,3,1,1,1,2,0,4,1.5,2
Jeremy Sochan,Kelly Olynyk,SAS,1,3,0,2,1,1,4,1.5,2
Kon Knueppel,PJ Hall,CHA,3,1,3,1,0,0,4,1.5,2
Ty Jerome,Walter Clayton Jr.,MEM,3,1,2,1,1,0,4,1.5,2
Bilal Coulibaly,Malaki Branham,WAS,3,1,2,1,1,0,4,1.5,2
Jahmai Mashack,Olivier-Maxence Prosper,MEM,3,1,3,0,0,1,4,1.5,2
Leonard Miller,Matas Buzelis,CHI,3,1,1,1,2,0,4,1.5,2
Jock Landale,Ty Jerome,MEM,1,3,1,2,0,1,4,1.5,2
Dejounte Murray,Derik Queen,NOP,3,1,3,0,0,1,4,1.5,2
Alondes Williams,Kadary Richmond,WAS,3,1,3,0,0,1,4,1.5,2
Cormac Ryan,Gary Harris,MIL,1,3,0,1,1,2,4,1.5,2
Herbert Jones,Kevon Looney,NOP,1,3,1,1,0,2,4,1.5,2
Josh Okogie,Steven Adams,HOU,3,1,3,0,0,1,4,1.5,2
Dean Wade,Nae'Qwan Tomlin,CLE,3,1,2,1,1,0,4,1.5,2
Jaime Jaquez Jr.,Myron Gardner,MIA,3,1,1,0,2,1,4,1.5,2
Cam Christie,Yanic Konan Niederhäuser,LAC,3,1,3,0,0,1,4,1.5,2
Kristaps Porziņģis,LJ Cryer,GSW,3,1,1,1,2,0,4,1.5,2
Bruce Brown,DaRon Holmes II,DEN,3,1,1,1,2,0,4,1.5,2
Branden Carlson,Chris Youngblood,OKC,1,3,0,1,1,2,4,1.5,2
Franz Wagner,Jevon Carter,ORL,1,3,1,3,0,0,4,1.5,2
GG Jackson,Santi Aldama,MEM,1,3,0,1,1,2,4,1.5,2
Duop Reath,Jrue Holiday,POR,1,3,0,0,1,3,4,1.5,2
AJ Johnson,Malaki Branham,WAS,3,1,1,1,2,0,4,1.5,2
Jaren Jackson Jr.,Ty Jerome,MEM,1,3,1,1,0,2,4,1.5,2
Gradey Dick,RJ Barrett,TOR,1,3,1,2,0,1,4,1.5,2
KJ Simpson,Sion James,CHA,3,1,0,1,3,0,4,1.5,2
Cormac Ryan,Taurean Prince,MIL,1,3,0,0,1,3,4,1.5,2
Pat Connaughton,Ryan Kalkbrenner,CHA,3,1,3,0,0,1,4,1.5,2
Cam Spencer,Ty Jerome,MEM,1,3,1,1,0,2,4,1.5,2
Malachi Smith,Trevon Scott,BKN,3,1,2,1,1,0,4,1.5,2
Blake Wesley,Deni Avdija,POR,1,3,1,2,0,1,4,1.5,2
Kyle Filipowski,Oscar Tshiebwe,UTA,3,1,3,1,0,0,4,1.5,2
P.J. Washington,Tyus Jones,DAL,1,3,0,0,1,3,4,1.5,2
Jericho Sims,Pete Nance,MIL,1,3,0,3,1,0,4,1.5,2
Chris Youngblood,Ousmane Dieng,OKC,1,3,0,1,1,2,4,1.5,2
Jarrett Allen,Keon Ellis,CLE,1,3,1,3,0,0,4,1.5,2
Gary Payton II,LJ Cryer,GSW,1,3,0,1,1,2,4,1.5,2
Nick Richards,Tre Jones,CHI,1,3,1,3,0,0,4,1.5,2
Jamal Cain,Noah Penda,ORL,1,3,0,1,1,2,4,1.5,2
Bilal Coulibaly,Corey Kispert,WAS,3,1,1,0,2,1,4,1.5,2
Keon Ellis,Precious Achiuwa,SAC,1,3,0,2,1,1,4,1.5,2
Ben Sheppard,Jalen Slawson,IND,1,3,0,2,1,1,4,1.5,2
A.J. Lawson,Collin Murray-Boyles,TOR,1,2,1,1,0,1,3,1.3333333333333333,1
Brandon Williams,Ryan Nembhard,DAL,1,2,0,2,1,0,3,1.3333333333333333,1
Jaren Jackson Jr.,Olivier-Maxence Prosper,MEM,2,1,1,1,1,0,3,1.3333333333333333,1
Jock Landale,Mouhamed Gueye,ATL,2,1,1,0,1,1,3,1.3333333333333333,1
De'Anthony Melton,Nate Williams,GSW,1,2,1,1,0,1,3,1.3333333333333333,1
Dillon Brooks,Ryan Dunn,PHX,1,2,1,0,0,2,3,1.3333333333333333,1
Darius Garland,Tyrese Proctor,CLE,1,2,0,1,1,1,3,1.3333333333333333,1
Ethan Thompson,Ivica Zubac,IND,2,1,2,1,0,0,3,1.3333333333333333,1
DaRon Holmes II,Peyton Watson,DEN,1,2,1,0,0,2,3,1.3333333333333333,1
Adem Bona,Justin Edwards,PHI,2,1,0,1,2,0,3,1.3333333333333333,1
Dominick Barlow,MarJon Beauchamp,PHI,2,1,0,1,2,0,3,1.3333333333333333,1
Domantas Sabonis,Maxime Raynaud,SAC,2,1,2,1,0,0,3,1.3333333333333333,1
Ron Harper Jr.,Sam Hauser,BOS,1,2,0,1,1,1,3,1.3333333333333333,1
GG Jackson,Taylor Hendricks,MEM,1,2,0,1,1,1,3,1.3333333333333333,1
Anthony Gill,Kadary Richmond,WAS,1,2,1,2,0,0,3,1.3333333333333333,1
Cody Williams,Taylor Hendricks,UTA,1,2,0,1,1,1,3,1.3333333333333333,1
Cameron Payne,MarJon Beauchamp,PHI,2,1,2,0,0,1,3,1.3333333333333333,1
Luke Travers,Tyrese Proctor,CLE,1,2,0,2,1,0,3,1.3333333333333333,1
Aaron Gordon,Zeke Nnaji,DEN,2,1,1,1,1,0,3,1.3333333333333333,1
Andrew Wiggins,Myron Gardner,MIA,2,1,1,1,1,0,3,1.3333333333333333,1
Bronny James,Kobe Bufkin,LAL,2,1,1,0,1,1,3,1.3333333333333333,1
Kristaps Porziņģis,Will Richard,GSW,1,2,0,0,1,2,3,1.3333333333333333,1
Cooper Flagg,Dereck Lively II,DAL,2,1,2,1,0,0,3,1.3333333333333333,1
Isaiah Livers,Oso Ighodaro,PHX,2,1,2,1,0,0,3,1.3333333333333333,1
Ethan Thompson,Taelon Peter,IND,1,2,0,0,1,2,3,1.3333333333333333,1
Bennedict Mathurin,Yanic Konan Niederhäuser,LAC,2,1,2,1,0,0,3,1.3333333333333333,1
Mac McClung,Tre Jones,CHI,1,2,1,1,0,1,3,1.3333333333333333,1
Aaron Wiggins,Ousmane Dieng,OKC,1,2,0,0,1,2,3,1.3333333333333333,1
Guerschon Yabusele,Landry Shamet,NYK,2,1,0,0,2,1,3,1.3333333333333333,1
Bradley Beal,Ivica Zubac,LAC,2,1,2,0,0,1,3,1.3333333333333333,1
Bub Carrington,Trae Young,WAS,1,2,1,0,0,2,3,1.3333333333333333,1
Maxi Kleber,Rui Hachimura,LAL,2,1,1,1,1,0,3,1.3333333333333333,1
Gui Santos,Seth Curry,GSW,2,1,1,1,1,0,3,1.3333333333333333,1
LJ Cryer,Seth Curry,GSW,2,1,2,1,0,0,3,1.3333333333333333,1
John Konchar,Vince Williams Jr.,UTA,2,1,1,1,1,0,3,1.3333333333333333,1
D'Angelo Russell,Dereck Lively II,DAL,1,2,1,2,0,0,3,1.3333333333333333,1
Brook Lopez,Ivica Zubac,LAC,1,2,1,0,0,2,3,1.3333333333333333,1
John Collins,Yanic Konan Niederhäuser,LAC,2,1,2,0,0,1,3,1.3333333333333333,1
Bennedict Mathurin,Jeremiah Robinson-Earl,IND,1,2,0,1,1,1,3,1.3333333333333333,1
Anfernee Simons,Patrick Williams,CHI,1,2,1,0,0,2,3,1.3333333333333333,1
Matisse Thybulle,Vít Krejčí,POR,2,1,1,1,1,0,3,1.3333333333333333,1
Kon Knueppel,Liam McNeeley,CHA,2,1,1,0,1,1,3,1.3333333333333333,1
Isaiah Jackson,Kobe Sanders,LAC,1,2,0,2,1,0,3,1.3333333333333333,1
Anthony Davis,Caleb Martin,DAL,1,2,1,1,0,1,3,1.3333333333333333,1
Josh Minott,Ziaire Williams,BKN,1,2,1,0,0,2,3,1.3333333333333333,1
Klay Thompson,Miles Kelly,DAL,1,2,1,1,0,1,3,1.3333333333333333,1
GG Jackson,Rayan Rupert,MEM,2,1,1,1,1,0,3,1.3333333333333333,1
DeJon Jarreau,Olivier-Maxence Prosper,MEM,2,1,0,1,2,0,3,1.3333333333333333,1
Larry Nance Jr.,Sam Merrill,CLE,1,2,1,2,0,0,3,1.3333333333333333,1
Josh Minott,Ron Harper Jr.,BOS,2,1,0,0,2,1,3,1.3333333333333333,1
Alijah Martin,Jonathan Mogbo,TOR,2,1,2,1,0,0,3,1.3333333333333333,1
Jae'Sean Tate,Tari Eason,HOU,2,1,0,1,2,0,3,1.3333333333333333,1
Ace Bailey,Walker Kessler,UTA,2,1,2,0,0,1,3,1.3333333333333333,1
Christian Koloko,Santi Aldama,MEM,2,1,1,1,1,0,3,1.3333333333333333,1
Jalen Wilson,Noah Clowney,BKN,1,2,0,2,1,0,3,1.3333333333333333,1
Ace Bailey,Blake Hinson,UTA,1,2,0,2,1,0,3,1.3333333333333333,1
Julian Strawther,Spencer Jones,DEN,2,1,2,0,0,1,3,1.3333333333333333,1
Moritz Wagner,Tyus Jones,ORL,1,2,1,1,0,1,3,1.3333333333333333,1
Derik Queen,Kevon Looney,NOP,1,2,1,2,0,0,3,1.3333333333333333,1
Maxi Kleber,Nick Smith Jr.,LAL,2,1,0,0,2,1,3,1.3333333333333333,1
Jonathan Mogbo,Scottie Barnes,TOR,2,1,1,1,1,0,3,1.3333333333333333,1
Dariq Whitehead,Jahmai Mashack,MEM,1,2,0,0,1,2,3,1.3333333333333333,1
Aaron Holiday,Tari Eason,HOU,2,1,0,0,2,1,3,1.3333333333333333,1
Jarace Walker,Jeremiah Robinson-Earl,IND,2,1,0,1,2,0,3,1.3333333333333333,1
Jonas Valančiūnas,Spencer Jones,DEN,2,1,1,1,1,0,3,1.3333333333333333,1
Ja'Kobe Walter,Jamison Battle,TOR,1,2,0,0,1,2,3,1.3333333333333333,1
Keon Ellis,Maxime Raynaud,SAC,1,2,1,0,0,2,3,1.3333333333333333,1
Isaiah Stewart,Paul Reed,DET,1,2,1,1,0,1,3,1.3333333333333333,1
Luke Kennard,Trae Young,ATL,1,2,1,0,0,2,3,1.3333333333333333,1
Micah Potter,Tony Bradley,IND,2,1,2,0,0,1,3,1.3333333333333333,1
Josh Giddey,Lachlan Olbrich,CHI,2,1,2,0,0,1,3,1.3333333333333333,1
Rayan Rupert,Taylor Hendricks,MEM,2,1,1,1,1,0,3,1.3333333333333333,1
Cormac Ryan,Kyle Kuzma,MIL,2,1,1,0,1,1,3,1.3333333333333333,1
Rob Dillingham,Terrence Shannon Jr.,MIN,2,1,0,1,2,0,3,1.3333333333333333,1
Larry Nance Jr.,Riley Minix,CLE,1,2,0,0,1,2,3,1.3333333333333333,1
Alex Sarr,Malaki Branham,WAS,1,2,1,2,0,0,3,1.3333333333333333,1
Haywood Highsmith,Oso Ighodaro,PHX,1,2,1,0,0,2,3,1.3333333333333333,1
Danny Wolf,Tyrese Martin,BKN,2,1,1,1,1,0,3,1.3333333333333333,1
Josh Minott,Xavier Tillman,BOS,2,1,2,1,0,0,3,1.3333333333333333,1
De'Andre Hunter,Larry Nance Jr.,CLE,1,2,0,2,1,0,3,1.3333333333333333,1
Kyle Anderson,Kyle Filipowski,UTA,1,2,1,2,0,0,3,1.3333333333333333,1
Matas Buzelis,Zach Collins,CHI,1,2,1,2,0,0,3,1.3333333333333333,1
Khris Middleton,Tyus Jones,DAL,2,1,2,0,0,1,3,1.3333333333333333,1
Jonathan Isaac,Paolo Banchero,ORL,2,1,2,1,0,0,3,1.3333333333333333,1
Amari Williams,Ron Harper Jr.,BOS,2,1,1,1,1,0,3,1.3333333333333333,1
Cason Wallace,Nikola Topić,OKC,1,2,1,1,0,1,3,1.3333333333333333,1
Brooks Barnhizer,Ousmane Dieng,OKC,1,2,0,1,1,1,3,1.3333333333333333,1
Blake Wesley,Toumani Camara,POR,2,1,0,0,2,1,3,1.3333333333333333,1
Carter Bryant,Harrison Barnes,SAS,2,1,1,0,1,1,3,1.3333333333333333,1
Haywood Highsmith,Jalen Green,PHX,2,1,1,1,1,0,3,1.3333333333333333,1
Jalen Slawson,Micah Potter,IND,1,2,1,1,0,1,3,1.3333333333333333,1
Grayson Allen,Nick Richards,PHX,2,1,2,0,0,1,3,1.3333333333333333,1
Kevin McCullar Jr.,Tyler Kolek,NYK,1,2,1,1,0,1,3,1.3333333333333333,1
Jamir Watkins,Leaky Black,WAS,1,2,0,0,1,2,3,1.3333333333333333,1
DaRon Holmes II,Hunter Tyson,DEN,1,2,1,0,0,2,3,1.3333333333333333,1
Adou Thiero,Drew Timme,LAL,1,2,0,2,1,0,3,1.3333333333333333,1
DeAndre Jordan,Jeremiah Fears,NOP,1,2,0,2,1,0,3,1.3333333333333333,1
Guerschon Yabusele,Kevin McCullar Jr.,NYK,1,2,0,2,1,0,3,1.3333333333333333,1
Justin Champagnie,Malaki Branham,WAS,1,2,1,2,0,0,3,1.3333333333333333,1
Dariq Whitehead,Rayan Rupert,MEM,1,2,1,2,0,0,3,1.3333333333333333,1
Oscar Tshiebwe,Svi Mykhailiuk,UTA,2,1,2,1,0,0,3,1.3333333333333333,1
Grant Williams,Tre Mann,CHA,2,1,1,0,1,1,3,1.3333333333333333,1
Bismack Biyombo,Devin Vassell,SAS,2,1,0,1,2,0,3,1.3333333333333333,1
Jahmir Young,Kasparas Jakučionis,MIA,1,2,1,2,0,0,3,1.3333333333333333,1
Chaz Lanier,Isaiah Stewart,DET,2,1,1,0,1,1,3,1.3333333333333333,1
Matisse Thybulle,Toumani Camara,POR,1,2,0,0,1,2,3,1.3333333333333333,1
Coby White,Yuki Kawamura,CHI,1,2,1,2,0,0,3,1.3333333333333333,1
Ivica Zubac,Jordan Miller,LAC,1,2,0,2,1,0,3,1.3333333333333333,1
Jett Howard,Jonathan Isaac,ORL,2,1,1,1,1,0,3,1.3333333333333333,1
Bronny James,LeBron James,LAL,1,2,1,0,0,2,3,1.3333333333333333,1
Coby White,Zach Collins,CHI,1,2,0,1,1,1,3,1.3333333333333333,1
Payton Pritchard,Xavier Tillman,BOS,1,2,0,0,1,2,3,1.3333333333333333,1
Alijah Martin,Jamal Shead,TOR,2,1,0,0,2,1,3,1.3333333333333333,1
Aaron Holiday,Dorian Finney-Smith,HOU,1,2,0,1,1,1,3,1.3333333333333333,1
Jarrett Allen,Tyrese Proctor,CLE,1,2,0,2,1,0,3,1.3333333333333333,1
Corey Kispert,Gabe Vincent,ATL,1,2,1,1,0,1,3,1.3333333333333333,1
Luguentz Dort,Ousmane Dieng,OKC,1,2,0,1,1,1,3,1.3333333333333333,1
Julian Strawther,Tyus Jones,DEN,1,2,0,0,1,2,3,1.3333333333333333,1
AJ Johnson,Ryan Nembhard,DAL,2,1,1,1,1,0,3,1.3333333333333333,1
Anthony Gill,Tristan Vukcevic,WAS,1,2,0,2,1,0,3,1.3333333333333333,1
Danny Wolf,E.J. Liddell,BKN,1,2,0,0,1,2,3,1.3333333333333333,1
John Poulakidas,Klay Thompson,DAL,1,2,0,1,1,1,3,1.3333333333333333,1
Blake Wesley,Sidy Cissoko,POR,1,2,1,1,0,1,3,1.3333333333333333,1
Cam Thomas,Tyrese Martin,BKN,2,1,0,0,2,1,3,1.3333333333333333,1
Johnny Juzang,Leonard Miller,MIN,2,1,2,0,0,1,3,1.3333333333333333,1
Isaiah Livers,Rasheer Fleming,PHX,2,1,0,1,2,0,3,1.3333333333333333,1
Dalton Knecht,Gabe Vincent,LAL,2,1,0,0,2,1,3,1.3333333333333333,1
Isaiah Crawford,Jeff Green,HOU,1,2,0,2,1,0,3,1.3333333333333333,1
Jarred Vanderbilt,Kobe Bufkin,LAL,1,2,1,1,0,1,3,1.3333333333333333,1
Amir Coffey,Jamaree Bouyea,PHX,2,1,1,0,1,1,3,1.3333333333333333,1
Goga Bitadze,Tyus Jones,ORL,2,1,2,1,0,0,3,1.3333333333333333,1
Ben Sheppard,Johnny Furphy,IND,1,2,1,1,0,1,3,1.3333333333333333,1
Josh Minott,Neemias Queta,BOS,2,1,2,0,0,1,3,1.3333333333333333,1
Bones Hyland,Joe Ingles,MIN,1,2,0,0,1,2,3,1.3333333333333333,1
Kasparas Jakučionis,Vladislav Goldin,MIA,2,1,2,0,0,1,3,1.3333333333333333,1
Drew Eubanks,Killian Hayes,SAC,1,2,0,2,1,0,3,1.3333333333333333,1
Jamal Cain,Moritz Wagner,ORL,2,1,2,0,0,1,3,1.3333333333333333,1
Andre Jackson Jr.,Ousmane Dieng,MIL,1,2,1,0,0,2,3,1.3333333333333333,1
Amir Coffey,Ryan Rollins,MIL,1,2,0,1,1,1,3,1.3333333333333333,1
Blake Hinson,Svi Mykhailiuk,UTA,1,2,0,1,1,1,3,1.3333333333333333,1
Amari Williams,Payton Pritchard,BOS,1,2,0,2,1,0,3,1.3333333333333333,1
Nae'Qwan Tomlin,Sam Merrill,CLE,2,1,1,1,1,0,3,1.3333333333333333,1
Immanuel Quickley,Jonathan Mogbo,TOR,1,2,1,2,0,0,3,1.3333333333333333,1
Garrett Temple,Gradey Dick,TOR,2,1,1,0,1,1,3,1.3333333333333333,1
Baylor Scheierman,Josh Minott,BOS,2,1,1,0,1,1,3,1.3333333333333333,1
CJ McCollum,Jamir Watkins,WAS,2,1,0,1,2,0,3,1.3333333333333333,1
Adama Bal,Dariq Whitehead,MEM,2,1,1,0,1,1,3,1.3333333333333333,1
Jerami Grant,Matisse Thybulle,POR,2,1,1,0,1,1,3,1.3333333333333333,1
Jaden Ivey,Patrick Williams,CHI,2,1,1,0,1,1,3,1.3333333333333333,1
Julian Reese,Tre Johnson,WAS,1,2,1,2,0,0,3,1.3333333333333333,1
DaRon Holmes II,Julian Strawther,DEN,1,2,1,2,0,0,3,1.3333333333333333,1
Cam Whitmore,Marvin Bagley III,WAS,1,2,1,1,0,1,3,1.3333333333333333,1
Branden Carlson,Brooks Barnhizer,OKC,2,1,2,0,0,1,3,1.3333333333333333,1
Cameron Payne,Tyrese Maxey,PHI,2,1,1,1,1,0,3,1.3333333333333333,1
Dillon Brooks,Nick Richards,PHX,2,1,2,1,0,0,3,1.3333333333333333,1
Dillon Brooks,Isaiah Livers,PHX,1,2,0,1,1,1,3,1.3333333333333333,1
Brice Sensabaugh,Walker Kessler,UTA,1,2,1,1,0,1,3,1.3333333333333333,1
Collin Murray-Boyles,Jamison Battle,TOR,1,2,1,2,0,0,3,1.3333333333333333,1
Aaron Gordon,Hunter Tyson,DEN,1,2,0,1,1,1,3,1.3333333333333333,1
Ben Sheppard,RayJ Dennis,IND,2,1,1,1,1,0,3,1.3333333333333333,1
Aaron Gordon,Jonas Valančiūnas,DEN,1,2,1,1,0,1,3,1.3333333333333333,1
Cole Anthony,Myles Turner,MIL,1,2,0,1,1,1,3,1.3333333333333333,1
Jamaree Bouyea,Koby Brea,PHX,2,1,0,1,2,0,3,1.3333333333333333,1
Jabari Walker,MarJon Beauchamp,PHI,2,1,2,0,0,1,3,1.3333333333333333,1
Hugo González,Josh Minott,BOS,2,1,1,1,1,0,3,1.3333333333333333,1
Adama Bal,Cedric Coward,MEM,2,1,1,0,1,1,3,1.3333333333333333,1
Jalen Slawson,Obi Toppin,IND,1,2,1,1,0,1,3,1.3333333333333333,1
Gradey Dick,Jakob Poeltl,TOR,1,2,1,2,0,0,3,1.3333333333333333,1
Cedric Coward,Taj Gibson,MEM,1,2,1,2,0,0,3,1.3333333333333333,1
Jeremy Sochan,Jose Alvarado,NYK,2,1,2,1,0,0,3,1.3333333333333333,1
Lucas Williamson,Walter Clayton Jr.,MEM,1,2,0,1,1,1,3,1.3333333333333333,1
Jaren Jackson Jr.,Lauri Markkanen,UTA,2,1,0,1,2,0,3,1.3333333333333333,1
Caleb Houstan,Mouhamed Gueye,ATL,1,2,1,0,0,2,3,1.3333333333333333,1
Justin Champagnie,Khris Middleton,WAS,1,2,1,2,0,0,3,1.3333333333333333,1
Jalen Williams,Jared McCain,OKC,2,1,0,1,2,0,3,1.3333333333333333,1
Christian Koloko,Keaton Wallace,ATL,1,2,0,2,1,0,3,1.3333333333333333,1
De'Andre Hunter,Tyrese Proctor,CLE,2,1,0,1,2,0,3,1.3333333333333333,1
Leonard Miller,Patrick Williams,CHI,1,2,0,2,1,0,3,1.3333333333333333,1
Jose Alvarado,Tyler Kolek,NYK,2,1,1,0,1,1,3,1.3333333333333333,1
Donovan Clingan,Rayan Rupert,POR,1,2,1,0,0,2,3,1.3333333333333333,1
Jordan McLaughlin,Stephon Castle,SAS,2,1,0,0,2,1,3,1.3333333333333333,1
Dalen Terry,Tyrese Martin,PHI,2,1,2,0,0,1,3,1.3333333333333333,1
Aaron Wiggins,Brooks Barnhizer,OKC,1,2,0,0,1,2,3,1.3333333333333333,1
Jahmai Mashack,Scotty Pippen Jr.,MEM,1,2,1,2,0,0,3,1.3333333333333333,1
Dillon Brooks,Jamaree Bouyea,PHX,1,2,0,1,1,1,3,1.3333333333333333,1
Lachlan Olbrich,Tre Jones,CHI,2,1,2,1,0,0,3,1.3333333333333333,1
Jaden McDaniels,Terrence Shannon Jr.,MIN,1,2,1,2,0,0,3,1.3333333333333333,1
Nate Williams,Omer Yurtseven,GSW,1,2,1,1,0,1,3,1.3333333333333333,1
Jared McCain,Kelly Oubre Jr.,PHI,2,1,1,0,1,1,3,1.3333333333333333,1
Ochai Agbaji,Terance Mann,BKN,1,2,0,0,1,2,3,1.3333333333333333,1
Koby Brea,Ryan Dunn,PHX,1,2,0,0,1,2,3,1.3333333333333333,1
Al Horford,Jonathan Kuminga,GSW,1,2,0,1,1,1,3,1.3333333333333333,1
Rayan Rupert,Scotty Pippen Jr.,MEM,2,1,1,1,1,0,3,1.3333333333333333,1
Ben Sheppard,Ethan Thompson,IND,2,1,0,0,2,1,3,1.3333333333333333,1
Bez Mbeng,Blake Hinson,UTA,2,1,0,1,2,0,3,1.3333333333333333,1
Liam McNeeley,Moussa Diabaté,CHA,1,2,1,0,0,2,3,1.3333333333333333,1
Harrison Barnes,Jeremy Sochan,SAS,1,2,1,2,0,0,3,1.3333333333333333,1
Isaiah Livers,Ryan Dunn,PHX,2,1,0,0,2,1,3,1.3333333333333333,1
LJ Cryer,Omer Yurtseven,GSW,1,2,1,1,0,1,3,1.3333333333333333,1
Dylan Cardwell,Isaiah Stevens,SAC,1,2,1,2,0,0,3,1.3333333333333333,1
David Jones Garcia,Dylan Harper,SAS,2,1,1,1,1,0,3,1.3333333333333333,1
Cooper Flagg,Jaden Hardy,DAL,2,1,1,1,1,0,3,1.3333333333333333,1
Drake Powell,E.J. Liddell,BKN,2,1,0,0,2,1,3,1.3333333333333333,1
Jaden Hardy,Max Christie,DAL,1,2,0,0,1,2,3,1.3333333333333333,1
Jalen Wilson,Ziaire Williams,BKN,2,1,2,1,0,0,3,1.3333333333333333,1
Jeff Green,Josh Okogie,HOU,2,1,1,1,1,0,3,1.3333333333333333,1
Daeqwon Plowden,Drew Eubanks,SAC,2,1,2,1,0,0,3,1.3333333333333333,1
Franz Wagner,Jase Richardson,ORL,2,1,0,1,2,0,3,1.3333333333333333,1
Ausar Thompson,Marcus Sasser,DET,2,1,1,1,1,0,3,1.3333333333333333,1
Lachlan Olbrich,Leonard Miller,CHI,2,1,0,1,2,0,3,1.3333333333333333,1
Nae'Qwan Tomlin,Riley Minix,CLE,1,1,0,1,1,0,2,1,0
Jahmir Young,Pelle Larsson,MIA,1,1,0,0,1,1,2,1,0
Dorian Finney-Smith,Jeff Green,HOU,1,1,0,1,1,0,2,1,0
Deandre Ayton,Drew Timme,LAL,1,1,1,1,0,0,2,1,0
GG Jackson,PJ Hall,MEM,1,1,1,1,0,0,2,1,0
Marcus Smart,Nick Smith Jr.,LAL,1,1,0,1,1,0,2,1,0
Isaac Okoro,Lachlan Olbrich,CHI,1,1,1,0,0,1,2,1,0
DaRon Holmes II,Tim Hardaway Jr.,DEN,1,1,0,1,1,0,2,1,0
Andrew Nembhard,Jalen Slawson,IND,1,1,0,0,1,1,2,1,0
Garrison Mathews,Jarace Walker,IND,1,1,1,1,0,0,2,1,0
Ayo Dosunmu,Lachlan Olbrich,CHI,1,1,1,0,0,1,2,1,0
Josh Green,Liam McNeeley,CHA,1,1,1,0,0,1,2,1,0
Guerschon Yabusele,Jaden Ivey,CHI,1,1,0,0,1,1,2,1,0
GG Jackson,Zach Edey,MEM,1,1,1,1,0,0,2,1,0
Cedric Coward,Dariq Whitehead,MEM,1,1,0,1,1,0,2,1,0
Jordan McLaughlin,Julian Champagnie,SAS,1,1,0,0,1,1,2,1,0
Dylan Harper,Jordan McLaughlin,SAS,1,1,0,1,1,0,2,1,0
Chris Boucher,Derrick White,BOS,1,1,1,1,0,0,2,1,0
Dwight Powell,Tyler Smith,DAL,1,1,0,1,1,0,2,1,0
Nolan Traore,Tyson Etienne,BKN,1,1,0,1,1,0,2,1,0
Dwight Powell,Miles Kelly,DAL,1,1,1,1,0,0,2,1,0
Jevon Carter,Patrick Williams,CHI,1,1,0,0,1,1,2,1,0
Al Horford,LJ Cryer,GSW,1,1,0,0,1,1,2,1,0
Myles Turner,Taurean Prince,MIL,1,1,0,1,1,0,2,1,0
Bronny James,Nick Smith Jr.,LAL,1,1,0,0,1,1,2,1,0
Nique Clifford,Patrick Baldwin Jr.,SAC,1,1,1,1,0,0,2,1,0
Isaiah Crawford,JD Davison,HOU,1,1,1,0,0,1,2,1,0
Brandon Miller,Liam McNeeley,CHA,1,1,1,0,0,1,2,1,0
Khaman Maluach,Rasheer Fleming,PHX,1,1,0,1,1,0,2,1,0
Nigel Hayes-Davis,Rasheer Fleming,PHX,1,1,0,0,1,1,2,1,0
Mason Plumlee,Tidjane Salaün,CHA,1,1,1,1,0,0,2,1,0
Andersson Garcia,Kyle Filipowski,UTA,1,1,0,1,1,0,2,1,0
Grayson Allen,Isaiah Livers,PHX,1,1,0,0,1,1,2,1,0
Asa Newell,Christian Koloko,ATL,1,1,1,0,0,1,2,1,0
Amen Thompson,JD Davison,HOU,1,1,1,1,0,0,2,1,0
Liam McNeeley,Tre Mann,CHA,1,1,0,0,1,1,2,1,0
Jaylon Tyson,Larry Nance Jr.,CLE,1,1,0,1,1,0,2,1,0
Charles Bassey,Draymond Green,GSW,1,1,1,1,0,0,2,1,0
Cam Thomas,Giannis Antetokounmpo,MIL,1,1,1,1,0,0,2,1,0
De'Andre Hunter,Russell Westbrook,SAC,1,1,0,0,1,1,2,1,0
Anfernee Simons,Tre Jones,CHI,1,1,1,1,0,0,2,1,0
Jaren Jackson Jr.,Jusuf Nurkić,UTA,1,1,1,1,0,0,2,1,0
Jordan Hawkins,Trey Alexander,NOP,1,1,1,1,0,0,2,1,0
Julian Phillips,Matas Buzelis,CHI,1,1,1,1,0,0,2,1,0
PJ Hall,Tidjane Salaün,CHA,1,1,1,1,0,0,2,1,0
Jayson Tatum,Nikola Vučević,BOS,1,1,1,0,0,1,2,1,0
Cam Christie,Sean Pedulla,LAC,1,1,0,1,1,0,2,1,0
Dalton Knecht,Rui Hachimura,LAL,1,1,1,1,0,0,2,1,0
Austin Reaves,Bronny James,LAL,1,1,1,1,0,0,2,1,0
Johnny Furphy,Kam Jones,IND,1,1,1,1,0,0,2,1,0
Daeqwon Plowden,Isaiah Stevens,SAC,1,1,1,0,0,1,2,1,0
Jahmir Young,Kel'el Ware,MIA,1,1,1,0,0,1,2,1,0
James Wiseman,Quenton Jackson,IND,1,1,1,1,0,0,2,1,0
Jarred Vanderbilt,Maxi Kleber,LAL,1,1,1,0,0,1,2,1,0
Jeremiah Robinson-Earl,Tony Bradley,IND,1,1,1,1,0,0,2,1,0
Chaney Johnson,Jalen Wilson,BKN,1,1,1,0,0,1,2,1,0
Ben Saraf,Tyrese Martin,BKN,1,1,0,1,1,0,2,1,0
Dariq Whitehead,Lucas Williamson,MEM,1,1,0,1,1,0,2,1,0
Jose Alvarado,Trey Alexander,NOP,1,1,1,0,0,1,2,1,0
Orlando Robinson,Tristan da Silva,ORL,1,1,1,0,0,1,2,1,0
Rayan Rupert,Robert Williams III,POR,1,1,0,1,1,0,2,1,0
Malevy Leons,Will Richard,GSW,1,1,1,1,0,0,2,1,0
Devin Vassell,Jordan McLaughlin,SAS,1,1,0,1,1,0,2,1,0
Isaiah Jackson,Monté Morris,IND,1,1,1,1,0,0,2,1,0
Bismack Biyombo,Jordan McLaughlin,SAS,1,1,0,1,1,0,2,1,0
Liam McNeeley,PJ Hall,CHA,1,1,1,0,0,1,2,1,0
De'Aaron Fox,Jordan McLaughlin,SAS,1,1,0,1,1,0,2,1,0
Isaiah Jackson,Nicolas Batum,LAC,1,1,0,1,1,0,2,1,0
JD Davison,Kevin Durant,HOU,1,1,1,0,0,1,2,1,0
Jamir Watkins,Malaki Branham,WAS,1,1,1,0,0,1,2,1,0
Doug McDermott,Russell Westbrook,SAC,1,1,0,0,1,1,2,1,0
Alex Caruso,Kenrich Williams,OKC,1,1,1,1,0,0,2,1,0
Lucas Williamson,Rayan Rupert,MEM,1,1,0,0,1,1,2,1,0
AJ Johnson,Tyler Smith,DAL,1,1,0,0,1,1,2,1,0
Bones Hyland,Joan Beringer,MIN,1,1,1,0,0,1,2,1,0
Caleb Love,Matisse Thybulle,POR,1,1,0,1,1,0,2,1,0
Jaylen Clark,Julian Phillips,MIN,1,1,1,1,0,0,2,1,0
Jalen Wilson,Trevon Scott,BKN,1,1,1,0,0,1,2,1,0
Aaron Wiggins,Nikola Topić,OKC,1,1,1,0,0,1,2,1,0
DeAndre Jordan,Trey Murphy III,NOP,1,1,0,1,1,0,2,1,0
Brooks Barnhizer,Isaiah Hartenstein,OKC,1,1,1,1,0,0,2,1,0
James Harden,Nae'Qwan Tomlin,CLE,1,1,0,0,1,1,2,1,0
Daniel Gafford,Tyus Jones,DAL,1,1,1,1,0,0,2,1,0
De'Anthony Melton,Seth Curry,GSW,1,1,0,0,1,1,2,1,0
Ariel Hukporti,Karl-Anthony Towns,NYK,1,1,1,1,0,0,2,1,0
Sharife Cooper,Tre Johnson,WAS,1,1,0,0,1,1,2,1,0
Lachlan Olbrich,Patrick Williams,CHI,1,1,0,1,1,0,2,1,0
Andre Jackson Jr.,Thanasis Antetokounmpo,MIL,1,1,1,0,0,1,2,1,0
KJ Simpson,Pat Connaughton,CHA,1,1,1,0,0,1,2,1,0
Aaron Nesmith,Jeremiah Robinson-Earl,IND,1,1,1,1,0,0,2,1,0
Cedric Coward,Tyler Burton,MEM,1,1,0,1,1,0,2,1,0
Jared McCain,Kenrich Williams,OKC,1,1,1,0,0,1,2,1,0
Javon Small,Lawson Lovering,MEM,1,1,1,0,0,1,2,1,0
Lucas Williamson,Taylor Hendricks,MEM,1,1,0,0,1,1,2,1,0
Branden Carlson,Jalen Williams,OKC,1,1,1,0,0,1,2,1,0
Emanuel Miller,Josh Giddey,CHI,1,1,1,0,0,1,2,1,0
Andersson Garcia,Kevin Love,UTA,1,1,0,1,1,0,2,1,0
Caleb Houstan,Vít Krejčí,ATL,1,1,1,0,0,1,2,1,0
Christian Koloko,Jaylen Wells,MEM,1,1,0,1,1,0,2,1,0
Ariel Hukporti,Guerschon Yabusele,NYK,1,1,0,1,1,0,2,1,0
Chaz Lanier,Ronald Holland II,DET,1,1,1,0,0,1,2,1,0
Keshad Johnson,Pelle Larsson,MIA,1,1,0,1,1,0,2,1,0
Lachlan Olbrich,Mac McClung,CHI,1,1,1,1,0,0,2,1,0
Garrison Mathews,Johnny Furphy,IND,1,1,1,0,0,1,2,1,0
GG Jackson,Jock Landale,MEM,1,1,1,1,0,0,2,1,0
Leaky Black,Trae Young,WAS,1,1,0,0,1,1,2,1,0
Jevon Carter,Matas Buzelis,CHI,1,1,0,0,1,1,2,1,0
Quinten Post,Seth Curry,GSW,1,1,1,1,0,0,2,1,0
Terance Mann,Tyson Etienne,BKN,1,1,0,1,1,0,2,1,0
Lauri Markkanen,Taylor Hendricks,UTA,1,1,0,1,1,0,2,1,0
Brooks Barnhizer,Jaylin Williams,OKC,1,1,0,0,1,1,2,1,0
Ben Saraf,Grant Nelson,BKN,1,1,1,1,0,0,2,1,0
Ryan Kalkbrenner,Tidjane Salaün,CHA,1,1,1,1,0,0,2,1,0
Jahmai Mashack,Ty Jerome,MEM,1,1,0,0,1,1,2,1,0
Jeremy Sochan,Lindy Waters III,SAS,1,1,0,1,1,0,2,1,0
Collin Gillespie,Haywood Highsmith,PHX,1,1,0,0,1,1,2,1,0
Jeff Green,Reed Sheppard,HOU,1,1,1,0,0,1,2,1,0
Jared McCain,Nikola Topić,OKC,1,1,1,0,0,1,2,1,0
Cedric Coward,Scotty Pippen Jr.,MEM,1,1,1,1,0,0,2,1,0
Kentavious Caldwell-Pope,Zach Edey,MEM,1,1,1,1,0,0,2,1,0
Ivica Zubac,Obi Toppin,IND,1,1,0,1,1,0,2,1,0
Hunter Tyson,Zeke Nnaji,DEN,1,1,1,1,0,0,2,1,0
Branden Carlson,Jared McCain,OKC,1,1,0,0,1,1,2,1,0
Jamaree Bouyea,Mark Williams,PHX,1,1,1,0,0,1,2,1,0
Dean Wade,Larry Nance Jr.,CLE,1,1,0,1,1,0,2,1,0
Bronny James,Marcus Smart,LAL,1,1,0,1,1,0,2,1,0
Bruce Brown,Hunter Tyson,DEN,1,1,0,1,1,0,2,1,0
Andre Drummond,Tyrese Martin,PHI,1,1,1,1,0,0,2,1,0
Jahmai Mashack,Kentavious Caldwell-Pope,MEM,1,1,0,1,1,0,2,1,0
Josh Giddey,Yuki Kawamura,CHI,1,1,0,0,1,1,2,1,0
Leonard Miller,Nick Richards,CHI,1,1,1,1,0,0,2,1,0
Jusuf Nurkić,Kevin Love,UTA,1,1,1,1,0,0,2,1,0
Moussa Diabaté,Pat Connaughton,CHA,1,1,0,1,1,0,2,1,0
Jay Huff,Jeremiah Robinson-Earl,IND,1,1,0,0,1,1,2,1,0
Jamal Cain,Tyus Jones,ORL,1,1,1,1,0,0,2,1,0
Derrick White,Xavier Tillman,BOS,1,1,1,1,0,0,2,1,0
Ja'Kobe Walter,Jonathan Mogbo,TOR,1,1,1,0,0,1,2,1,0
Dillon Jones,Tyler Kolek,NYK,1,1,1,0,0,1,2,1,0
Corey Kispert,Luke Kennard,ATL,1,1,0,0,1,1,2,1,0
Cam Christie,Nicolas Batum,LAC,1,1,1,0,0,1,2,1,0
John Konchar,Keyonte George,UTA,1,1,0,0,1,1,2,1,0
GG Jackson,Taj Gibson,MEM,1,1,0,0,1,1,2,1,0
Jaden Ivey,Rob Dillingham,CHI,1,1,1,1,0,0,2,1,0
LaMelo Ball,Mason Plumlee,CHA,1,1,1,0,0,1,2,1,0
Dean Wade,Tyrese Proctor,CLE,1,1,0,1,1,0,2,1,0
Javon Small,Vince Williams Jr.,MEM,1,1,0,0,1,1,2,1,0
Nick Richards,Ryan Dunn,PHX,1,1,1,1,0,0,2,1,0
Alijah Martin,Immanuel Quickley,TOR,1,1,1,0,0,1,2,1,0
Joan Beringer,Terrence Shannon Jr.,MIN,1,1,1,1,0,0,2,1,0
Malaki Branham,Tre Johnson,WAS,1,1,0,1,1,0,2,1,0
Eric Gordon,Quentin Grimes,PHI,1,1,1,0,0,1,2,1,0
Adama Bal,DeJon Jarreau,MEM,1,1,1,0,0,1,2,1,0
Javon Small,PJ Hall,MEM,1,1,1,1,0,0,2,1,0
DeMar DeRozan,Doug McDermott,SAC,1,1,0,1,1,0,2,1,0
Chaz Lanier,Kevin Huerter,DET,1,1,1,0,0,1,2,1,0
Jay Huff,Micah Potter,IND,1,1,1,0,0,1,2,1,0
Larry Nance Jr.,Tristan Enaruna,CLE,1,1,1,0,0,1,2,1,0
Jalen Brunson,Pacôme Dadiet,NYK,1,1,0,1,1,0,2,1,0
Josh Green,Tidjane Salaün,CHA,1,1,1,0,0,1,2,1,0
Caleb Martin,Khris Middleton,DAL,1,1,0,1,1,0,2,1,0
Jeremy Sochan,Karl-Anthony Towns,NYK,1,1,1,1,0,0,2,1,0
Doug McDermott,Maxime Raynaud,SAC,1,1,1,0,0,1,2,1,0
Devin Carter,Keegan Murray,SAC,1,1,1,1,0,0,2,1,0
Isaac Okoro,Leonard Miller,CHI,1,1,0,1,1,0,2,1,0
Emanuel Miller,Jevon Carter,CHI,1,1,1,1,0,0,2,1,0
Draymond Green,Nate Williams,GSW,1,1,0,0,1,1,2,1,0
Caris LeVert,Chaz Lanier,DET,1,1,0,1,1,0,2,1,0
Jordan Clarkson,Pacôme Dadiet,NYK,1,1,0,0,1,1,2,1,0
Kennedy Chandler,Svi Mykhailiuk,UTA,1,1,0,1,1,0,2,1,0
AJ Johnson,Justin Champagnie,WAS,1,1,1,1,0,0,2,1,0
Ayo Dosunmu,Yuki Kawamura,CHI,1,1,0,1,1,0,2,1,0
Emanuel Miller,Julian Phillips,CHI,1,1,1,1,0,0,2,1,0
Blake Wesley,Rayan Rupert,POR,1,1,0,1,1,0,2,1,0
Marvin Bagley III,Sharife Cooper,WAS,1,1,1,1,0,0,2,1,0
Kristaps Porziņģis,Mouhamed Gueye,ATL,1,1,0,0,1,1,2,1,0
Brooks Barnhizer,Cason Wallace,OKC,1,1,1,0,0,1,2,1,0
Monté Morris,Taelon Peter,IND,1,1,0,1,1,0,2,1,0
AJ Johnson,Skal Labissiere,WAS,1,1,1,0,0,1,2,1,0
Christian Koloko,Nickeil Alexander-Walker,ATL,1,1,0,0,1,1,2,1,0
Cam Whitmore,Will Riley,WAS,1,1,1,1,0,0,2,1,0
Garrison Mathews,Isaiah Jackson,IND,1,1,1,0,0,1,2,1,0
Anthony Davis,Dereck Lively II,DAL,1,1,1,1,0,0,2,1,0
Eric Gordon,Tyrese Maxey,PHI,1,1,1,1,0,0,2,1,0
Vít Krejčí,Zaccharie Risacher,ATL,1,1,0,1,1,0,2,1,0
Anthony Edwards,Rob Dillingham,MIN,1,1,0,1,1,0,2,1,0
Jeremy Sochan,Pacôme Dadiet,NYK,1,1,0,1,1,0,2,1,0
Cam Christie,John Collins,LAC,1,1,1,1,0,0,2,1,0
Garrett Temple,Trayce Jackson-Davis,TOR,1,1,1,0,0,1,2,1,0
Drake Powell,Malachi Smith,BKN,1,1,0,1,1,0,2,1,0
Duncan Robinson,Kevin Huerter,DET,1,1,1,1,0,0,2,1,0
Jevon Carter,Trentyn Flowers,CHI,1,1,1,1,0,0,2,1,0
Dalano Banton,TyTy Washington Jr.,LAC,1,1,0,1,1,0,2,1,0
Kentavious Caldwell-Pope,Scotty Pippen Jr.,MEM,1,1,1,1,0,0,2,1,0
Grant Nelson,Ochai Agbaji,BKN,1,1,1,1,0,0,2,1,0
Kobe Brown,Kris Dunn,LAC,1,1,0,1,1,0,2,1,0
Cade Cunningham,Tolu Smith,DET,1,1,1,0,0,1,2,1,0
Dario Šarić,Dennis Schröder,SAC,1,1,1,0,0,1,2,1,0
Collin Sexton,Ryan Kalkbrenner,CHA,17,0,17,0,0,0,17,0,17
Jaylon Tyson,Lonzo Ball,CLE,0,17,0,5,0,12,17,0,17
Ajay Mitchell,Branden Carlson,OKC,16,0,11,0,5,0,16,0,16
Craig Porter Jr.,Thomas Bryant,CLE,14,0,11,0,3,0,14,0,14
Taylor Hendricks,Walter Clayton Jr.,MEM,0,14,0,7,0,7,14,0,14
Dennis Schröder,Thomas Bryant,CLE,14,0,9,0,5,0,14,0,14
Leonard Miller,Rob Dillingham,CHI,0,14,0,10,0,4,14,0,14
Egor Dëmin,Ziaire Williams,BKN,13,0,2,0,11,0,13,0,13
Jordan Clarkson,Jose Alvarado,NYK,0,12,0,7,0,5,12,0,12
Deandre Ayton,Gabe Vincent,LAL,0,12,0,12,0,0,12,0,12
Jimmy Butler III,Trayce Jackson-Davis,GSW,12,0,12,0,0,0,12,0,12
Grayson Allen,Rasheer Fleming,PHX,11,0,5,0,6,0,11,0,11
Dennis Schröder,Sam Merrill,CLE,11,0,2,0,9,0,11,0,11
Isaiah Jackson,T.J. McConnell,IND,0,11,0,11,0,0,11,0,11
Oso Ighodaro,Rasheer Fleming,PHX,11,0,6,0,5,0,11,0,11
Bradley Beal,James Harden,LAC,0,11,0,6,0,5,11,0,11
Guerschon Yabusele,Rob Dillingham,CHI,0,10,0,3,0,7,10,0,10
Cole Anthony,Gary Trent Jr.,MIL,10,0,2,0,8,0,10,0,10
Bub Carrington,Corey Kispert,WAS,10,0,1,0,9,0,10,0,10
Asa Newell,Jalen Johnson,ATL,0,10,0,8,0,2,10,0,10
Ace Bailey,Kyle Anderson,UTA,0,10,0,7,0,3,10,0,10
Kobe Brown,T.J. McConnell,IND,0,10,0,4,0,6,10,0,10
GG Jackson,Vince Williams Jr.,MEM,0,9,0,4,0,5,9,0,9
Kam Jones,Pascal Siakam,IND,9,0,6,0,3,0,9,0,9
Julian Champagnie,Kelly Olynyk,SAS,0,9,0,4,0,5,9,0,9
Khris Middleton,Marvin Bagley III,WAS,9,0,9,0,0,0,9,0,9
Immanuel Quickley,Jamison Battle,TOR,9,0,1,0,8,0,9,0,9
Blake Wesley,Vít Krejčí,POR,9,0,4,0,5,0,9,0,9
A.J. Lawson,Jamal Shead,TOR,0,8,0,2,0,6,8,0,8
James Harden,Max Strus,CLE,8,0,0,0,8,0,8,0,8
Moussa Diabaté,Sion James,CHA,0,8,0,7,0,1,8,0,8
Jared McCain,Shai Gilgeous-Alexander,OKC,0,8,0,3,0,5,8,0,8
Bub Carrington,Jaden Hardy,WAS,8,0,2,0,6,0,8,0,8
Ben Saraf,Josh Minott,BKN,8,0,2,0,6,0,8,0,8
Jordan Poole,Kevon Looney,NOP,0,8,0,3,0,5,8,0,8
Bogdan Bogdanović,Brook Lopez,LAC,8,0,3,0,5,0,8,0,8
Domantas Sabonis,Nique Clifford,SAC,8,0,5,0,3,0,8,0,8
Jaxson Hayes,Rui Hachimura,LAL,8,0,5,0,3,0,8,0,8
Keshad Johnson,Simone Fontecchio,MIA,0,7,0,3,0,4,7,0,7
DeJon Jarreau,Taylor Hendricks,MEM,7,0,2,0,5,0,7,0,7
Jordan McLaughlin,Keldon Johnson,SAS,7,0,6,0,1,0,7,0,7
Jordan Goodwin,Rasheer Fleming,PHX,7,0,3,0,4,0,7,0,7
Dalton Knecht,Jarred Vanderbilt,LAL,0,7,0,4,0,3,7,0,7
Asa Newell,Trae Young,ATL,0,7,0,2,0,5,7,0,7
Clint Capela,JD Davison,HOU,0,7,0,7,0,0,7,0,7
Rob Dillingham,Rudy Gobert,MIN,7,0,7,0,0,0,7,0,7
Kon Knueppel,Pat Connaughton,CHA,6,0,1,0,5,0,6,0,6
Marvin Bagley III,Tyus Jones,DAL,0,6,0,4,0,2,6,0,6
Blake Hinson,Elijah Harkless,UTA,0,6,0,1,0,5,6,0,6
Jordan Hawkins,Jose Alvarado,NOP,0,6,0,3,0,3,6,0,6
Cole Anthony,Gary Harris,MIL,6,0,3,0,3,0,6,0,6
Dru Smith,Keshad Johnson,MIA,6,0,3,0,3,0,6,0,6
Joel Embiid,Justin Edwards,PHI,6,0,3,0,3,0,6,0,6
Jalen Wilson,Josh Minott,BKN,0,6,0,3,0,3,6,0,6
Cole Anthony,Jericho Sims,MIL,6,0,6,0,0,0,6,0,6
LJ Cryer,Pat Spencer,GSW,0,6,0,1,0,5,6,0,6
Caleb Love,Duop Reath,POR,6,0,1,0,5,0,6,0,6
Dennis Schröder,Max Strus,CLE,6,0,0,0,6,0,6,0,6
Jarace Walker,Kobe Brown,IND,6,0,4,0,2,0,6,0,6
Elijah Harkless,Isaiah Collier,UTA,0,6,0,1,0,5,6,0,6
Blake Wesley,Yang Hansen,POR,6,0,6,0,0,0,6,0,6
Dalton Knecht,LeBron James,LAL,0,6,0,2,0,4,6,0,6
Cam Spencer,Rayan Rupert,MEM,6,0,4,0,2,0,6,0,6
Bronny James,Rui Hachimura,LAL,6,0,4,0,2,0,6,0,6
Cole Anthony,Taurean Prince,MIL,6,0,0,0,6,0,6,0,6
Blake Wesley,Robert Williams III,POR,6,0,5,0,1,0,6,0,6
Ben Saraf,Noah Clowney,BKN,6,0,5,0,1,0,6,0,6
Jamal Shead,Jonathan Mogbo,TOR,6,0,6,0,0,0,6,0,6
Corey Kispert,Khris Middleton,WAS,0,5,0,2,0,3,5,0,5
Josh Minott,Tyson Etienne,BKN,0,5,0,3,0,2,5,0,5
Chris Paul,Nicolas Batum,LAC,5,0,0,0,5,0,5,0,5
Asa Newell,Keaton Wallace,ATL,0,5,0,3,0,2,5,0,5
Jaden McDaniels,Joan Beringer,MIN,5,0,5,0,0,0,5,0,5
Christian Koloko,Javon Small,MEM,0,5,0,5,0,0,5,0,5
DaRon Holmes II,KJ Simpson,DEN,0,5,0,3,0,2,5,0,5
Kenrich Williams,Nikola Topić,OKC,0,5,0,3,0,2,5,0,5
Leonard Miller,Yuki Kawamura,CHI,0,5,0,5,0,0,5,0,5
Ja Morant,John Konchar,MEM,5,0,3,0,2,0,5,0,5
Bez Mbeng,Brice Sensabaugh,UTA,5,0,3,0,2,0,5,0,5
Nick Smith Jr.,Rui Hachimura,LAL,5,0,2,0,3,0,5,0,5
Guerschon Yabusele,Tyler Kolek,NYK,0,5,0,3,0,2,5,0,5
Bogdan Bogdanović,John Collins,LAC,5,0,1,0,4,0,5,0,5
Aaron Nesmith,Tony Bradley,IND,0,5,0,3,0,2,5,0,5
Jalen Green,Rasheer Fleming,PHX,5,0,3,0,2,0,5,0,5
Jeremy Sochan,Stephon Castle,SAS,0,5,0,5,0,0,5,0,5
CJ McCollum,Tristan Vukcevic,WAS,5,0,4,0,1,0,5,0,5
Jase Richardson,Tyus Jones,ORL,0,5,0,3,0,2,5,0,5
Elijah Harkless,Lauri Markkanen,UTA,5,0,4,0,1,0,5,0,5
Cam Thomas,Ziaire Williams,BKN,5,0,1,0,4,0,5,0,5
DeMar DeRozan,Isaiah Stevens,SAC,0,5,0,3,0,2,5,0,5
Andre Jackson Jr.,Taurean Prince,MIL,0,5,0,2,0,3,5,0,5
Moritz Wagner,Paolo Banchero,ORL,0,5,0,2,0,3,5,0,5
Ace Bailey,Vince Williams Jr.,UTA,0,5,0,3,0,2,5,0,5
LaMelo Ball,Pat Connaughton,CHA,5,0,2,0,3,0,5,0,5
Cameron Johnson,Jalen Pickett,DEN,0,5,0,2,0,3,5,0,5
Dwight Powell,John Poulakidas,DAL,5,0,1,0,4,0,5,0,5
Gui Santos,Trayce Jackson-Davis,GSW,5,0,5,0,0,0,5,0,5
Branden Carlson,Nikola Topić,OKC,0,5,0,4,0,1,5,0,5
Bradley Beal,Derrick Jones Jr.,LAC,5,0,3,0,2,0,5,0,5
Max Strus,Thomas Bryant,CLE,5,0,5,0,0,0,5,0,5
Jrue Holiday,Rayan Rupert,POR,5,0,1,0,4,0,5,0,5
Jaren Jackson Jr.,John Konchar,MEM,0,5,0,2,0,3,5,0,5
Andre Jackson Jr.,Gary Harris,MIL,4,0,1,0,3,0,4,0,4
Kasparas Jakučionis,Keshad Johnson,MIA,4,0,3,0,1,0,4,0,4
A.J. Lawson,Scottie Barnes,TOR,0,4,0,2,0,2,4,0,4
Dennis Schröder,Nae'Qwan Tomlin,CLE,4,0,3,0,1,0,4,0,4
AJ Johnson,Bub Carrington,WAS,0,4,0,3,0,1,4,0,4
Keon Ellis,Zach LaVine,SAC,0,4,0,1,0,3,4,0,4
Jeremiah Robinson-Earl,T.J. McConnell,IND,0,4,0,1,0,3,4,0,4
Chris Boucher,Josh Minott,BOS,0,4,0,3,0,1,4,0,4
Joan Beringer,Rob Dillingham,MIN,0,4,0,4,0,0,4,0,4
Hunter Tyson,Tim Hardaway Jr.,DEN,4,0,0,0,4,0,4,0,4
Josh Minott,Nolan Traore,BKN,0,4,0,2,0,2,4,0,4
Sion James,Xavier Tillman,CHA,4,0,4,0,0,0,4,0,4
Cooper Flagg,John Poulakidas,DAL,4,0,0,0,4,0,4,0,4
Christian Koloko,Ja Morant,MEM,0,4,0,4,0,0,4,0,4
Aaron Holiday,Jeff Green,HOU,4,0,1,0,3,0,4,0,4
Christian Koloko,Jalen Johnson,ATL,0,4,0,4,0,0,4,0,4
Jaime Jaquez Jr.,Keshad Johnson,MIA,4,0,3,0,1,0,4,0,4
Hugo González,Nikola Vučević,BOS,0,4,0,3,0,1,4,0,4
Jalen Slawson,Taelon Peter,IND,4,0,0,0,4,0,4,0,4
Jalen Slawson,Kam Jones,IND,0,4,0,3,0,1,4,0,4
Collin Sexton,Jaden Ivey,CHI,0,4,0,4,0,0,4,0,4
Jevon Carter,Tre Jones,CHI,0,4,0,0,0,4,4,0,4
DaRon Holmes II,Spencer Jones,DEN,4,0,2,0,2,0,4,0,4
Miles Bridges,Tidjane Salaün,CHA,4,0,1,0,3,0,4,0,4
Dalen Terry,Jabari Walker,PHI,4,0,0,0,4,0,4,0,4
A.J. Lawson,Immanuel Quickley,TOR,0,4,0,2,0,2,4,0,4
D'Angelo Russell,Moussa Cisse,DAL,4,0,4,0,0,0,4,0,4
Paul Reed,Tobias Harris,DET,0,4,0,3,0,1,4,0,4
Gary Harris,Myles Turner,MIL,4,0,3,0,1,0,4,0,4
Domantas Sabonis,Dylan Cardwell,SAC,4,0,4,0,0,0,4,0,4
Egor Dëmin,Jalen Wilson,BKN,4,0,1,0,3,0,4,0,4
Ariel Hukporti,Kevin McCullar Jr.,NYK,0,4,0,4,0,0,4,0,4
Kyle Anderson,Taylor Hendricks,UTA,4,0,3,0,1,0,4,0,4
Nick Richards,Rob Dillingham,CHI,0,4,0,4,0,0,4,0,4
Dylan Cardwell,Keon Ellis,SAC,4,0,1,0,3,0,4,0,4
Julian Phillips,Nikola Vučević,CHI,0,4,0,3,0,1,4,0,4
Max Christie,Tyus Jones,DAL,0,4,0,4,0,0,4,0,4
Kyle Anderson,Rudy Gobert,MIN,4,0,4,0,0,0,4,0,4
Jabari Walker,Trendon Watford,PHI,0,4,0,4,0,0,4,0,4
Andre Drummond,Cameron Payne,PHI,0,4,0,4,0,0,4,0,4
PJ Hall,Sion James,CHA,0,4,0,3,0,1,4,0,4
Jaden McDaniels,Kyle Anderson,MIN,0,4,0,3,0,1,4,0,4
Bones Hyland,Rob Dillingham,MIN,4,0,3,0,1,0,4,0,4
Jamison Battle,Jonathan Mogbo,TOR,0,4,0,3,0,1,4,0,4
Bobi Klintman,Paul Reed,DET,4,0,3,0,1,0,4,0,4
Blake Hinson,Brice Sensabaugh,UTA,0,4,0,1,0,3,4,0,4
Jayson Tatum,Luka Garza,BOS,4,0,2,0,2,0,4,0,4
Kobe Brown,Pascal Siakam,IND,0,4,0,1,0,3,4,0,4
Rasheer Fleming,Ryan Dunn,PHX,0,4,0,1,0,3,4,0,4
Alperen Sengun,Clint Capela,HOU,4,0,4,0,0,0,4,0,4
Cam Spencer,Lucas Williamson,MEM,4,0,0,0,4,0,4,0,4
JD Davison,Jeff Green,HOU,4,0,2,0,2,0,4,0,4
LJ Cryer,Will Richard,GSW,0,4,0,1,0,3,4,0,4
Jared McCain,Trendon Watford,PHI,0,4,0,2,0,2,4,0,4
David Jones Garcia,Jeremy Sochan,SAS,4,0,4,0,0,0,4,0,4
Jaylen Wells,Zach Edey,MEM,4,0,3,0,1,0,4,0,4
Grayson Allen,Haywood Highsmith,PHX,4,0,1,0,3,0,4,0,4
Jalen Suggs,Jonathan Isaac,ORL,4,0,3,0,1,0,4,0,4
Jaden Ivey,Yuki Kawamura,CHI,0,3,0,2,0,1,3,0,3
Franz Wagner,Jett Howard,ORL,3,0,0,0,3,0,3,0,3
Darius Garland,Kobe Sanders,LAC,3,0,1,0,2,0,3,0,3
DeAndre Jordan,Zion Williamson,NOP,3,0,3,0,0,0,3,0,3
Charles Bassey,De'Anthony Melton,GSW,0,3,0,3,0,0,3,0,3
Dereck Lively II,P.J. Washington,DAL,3,0,2,0,1,0,3,0,3
Jaden Ivey,Matas Buzelis,CHI,3,0,0,0,3,0,3,0,3
Chaney Johnson,Ochai Agbaji,BKN,3,0,2,0,1,0,3,0,3
AJ Johnson,Marvin Bagley III,WAS,3,0,3,0,0,0,3,0,3
Blake Hinson,Isaiah Collier,UTA,0,3,0,0,0,3,3,0,3
Malevy Leons,Omer Yurtseven,GSW,3,0,3,0,0,0,3,0,3
Elijah Harkless,Kevin Love,UTA,3,0,0,0,3,0,3,0,3
AJ Johnson,Tristan Vukcevic,WAS,3,0,2,0,1,0,3,0,3
Jake LaRavia,Nick Smith Jr.,LAL,0,3,0,2,0,1,3,0,3
Collin Murray-Boyles,Ochai Agbaji,TOR,3,0,2,0,1,0,3,0,3
Andre Drummond,Jared McCain,PHI,0,3,0,2,0,1,3,0,3
Caleb Martin,Marvin Bagley III,DAL,3,0,3,0,0,0,3,0,3
Jeremy Sochan,Jordan Clarkson,NYK,0,3,0,3,0,0,3,0,3
Jae'Sean Tate,JD Davison,HOU,0,3,0,3,0,0,3,0,3
Kyle Lowry,Tyrese Maxey,PHI,3,0,2,0,1,0,3,0,3
KJ Simpson,Ryan Kalkbrenner,CHA,3,0,3,0,0,0,3,0,3
De'Anthony Melton,Kristaps Porziņģis,GSW,3,0,3,0,0,0,3,0,3
Kyle Kuzma,Taurean Prince,MIL,3,0,2,0,1,0,3,0,3
Guerschon Yabusele,Yuki Kawamura,CHI,0,3,0,3,0,0,3,0,3
Dean Wade,Thomas Bryant,CLE,3,0,2,0,1,0,3,0,3
Jaylen Clark,Joan Beringer,MIN,3,0,3,0,0,0,3,0,3
Jordan Walsh,Nikola Vučević,BOS,0,3,0,2,0,1,3,0,3
Jake LaRavia,Maxi Kleber,LAL,3,0,2,0,1,0,3,0,3
Isaiah Jackson,Kam Jones,IND,0,3,0,3,0,0,3,0,3
Luke Travers,Nae'Qwan Tomlin,CLE,3,0,3,0,0,0,3,0,3
Gabe Vincent,Jake LaRavia,LAL,0,3,0,0,0,3,3,0,3
Tre Mann,Xavier Tillman,CHA,0,3,0,1,0,2,3,0,3
Brandon Miller,Tre Mann,CHA,0,3,0,1,0,2,3,0,3
Johnny Furphy,Quenton Jackson,IND,0,3,0,0,0,3,3,0,3
Cam Christie,James Harden,LAC,0,3,0,3,0,0,3,0,3
Garrett Temple,Jamison Battle,TOR,3,0,1,0,2,0,3,0,3
KJ Simpson,Moussa Diabaté,CHA,3,0,3,0,0,0,3,0,3
Bogdan Bogdanović,Yanic Konan Niederhäuser,LAC,3,0,3,0,0,0,3,0,3
Dalen Terry,Yuki Kawamura,CHI,0,3,0,1,0,2,3,0,3
Bennedict Mathurin,Micah Potter,IND,0,3,0,3,0,0,3,0,3
Hugo González,Neemias Queta,BOS,3,0,3,0,0,0,3,0,3
Collin Sexton,PJ Hall,CHA,3,0,3,0,0,0,3,0,3
Dalton Knecht,Maxi Kleber,LAL,0,3,0,2,0,1,3,0,3
Isaiah Stewart,Marcus Sasser,DET,0,3,0,1,0,2,3,0,3
Jock Landale,Olivier-Maxence Prosper,MEM,0,3,0,2,0,1,3,0,3
Kevin Porter Jr.,Taurean Prince,MIL,3,0,1,0,2,0,3,0,3
Jaylin Williams,Nikola Topić,OKC,0,3,0,1,0,2,3,0,3
Dylan Cardwell,Killian Hayes,SAC,0,3,0,3,0,0,3,0,3
Caleb Martin,Tyus Jones,DAL,0,3,0,2,0,1,3,0,3
Andersson Garcia,Cody Williams,UTA,3,0,2,0,1,0,3,0,3
Kyle Anderson,Svi Mykhailiuk,UTA,3,0,2,0,1,0,3,0,3
Jalen Slawson,T.J. McConnell,IND,0,3,0,1,0,2,3,0,3
Chaz Lanier,Marcus Sasser,DET,0,3,0,3,0,0,3,0,3
Asa Newell,Corey Kispert,ATL,3,0,2,0,1,0,3,0,3
Donte DiVincenzo,Terrence Shannon Jr.,MIN,3,0,2,0,1,0,3,0,3
Amari Williams,Derrick White,BOS,0,3,0,3,0,0,3,0,3
Haywood Highsmith,Rasheer Fleming,PHX,3,0,0,0,3,0,3,0,3
AJ Johnson,Max Christie,DAL,3,0,2,0,1,0,3,0,3
Marcus Smart,Maxi Kleber,LAL,0,3,0,1,0,2,3,0,3
Darius Garland,Thomas Bryant,CLE,3,0,0,0,3,0,3,0,3
Craig Porter Jr.,Tristan Enaruna,CLE,3,0,2,0,1,0,3,0,3
Kevon Looney,Zion Williamson,NOP,3,0,3,0,0,0,3,0,3
Malaki Branham,Sharife Cooper,WAS,0,3,0,0,0,3,3,0,3
Christian Koloko,Luke Kennard,ATL,0,3,0,3,0,0,3,0,3
Markelle Fultz,Sandro Mamukelashvili,TOR,3,0,0,0,3,0,3,0,3
Aaron Holiday,Steven Adams,HOU,0,3,0,0,0,3,3,0,3
Justin Edwards,Kelly Oubre Jr.,PHI,3,0,2,0,1,0,3,0,3
Quinten Post,Trayce Jackson-Davis,GSW,0,3,0,1,0,2,3,0,3
Collin Sexton,Grant Williams,CHA,0,3,0,0,0,3,3,0,3
Adem Bona,Jared McCain,PHI,0,3,0,2,0,1,3,0,3
Keldon Johnson,Lindy Waters III,SAS,0,3,0,2,0,1,3,0,3
Josh Minott,Terance Mann,BKN,0,3,0,2,0,1,3,0,3
Ryan Nembhard,Tyler Smith,DAL,3,0,2,0,1,0,3,0,3
Josh Minott,Nic Claxton,BKN,0,3,0,0,0,3,3,0,3
Kam Jones,T.J. McConnell,IND,0,3,0,3,0,0,3,0,3
Sam Merrill,Thomas Bryant,CLE,3,0,3,0,0,0,3,0,3
Gary Harris,Pete Nance,MIL,3,0,0,0,3,0,3,0,3
Javon Small,Jock Landale,MEM,3,0,1,0,2,0,3,0,3
Jaren Jackson Jr.,Vince Williams Jr.,UTA,0,3,0,1,0,2,3,0,3
Joan Beringer,Naz Reid,MIN,0,3,0,3,0,0,3,0,3
Alondes Williams,Jaden Hardy,WAS,3,0,0,0,3,0,3,0,3
Aaron Nesmith,Ivica Zubac,IND,0,3,0,2,0,1,3,0,3
Miles McBride,Mohamed Diawara,NYK,0,3,0,0,0,3,3,0,3
Miles McBride,Mitchell Robinson,NYK,0,3,0,1,0,2,3,0,3
Guerschon Yabusele,Josh Hart,NYK,0,3,0,1,0,2,3,0,3
Cam Thomas,Myles Turner,MIL,3,0,1,0,2,0,3,0,3
Anthony Gill,Malaki Branham,WAS,0,3,0,1,0,2,3,0,3
KJ Simpson,Tre Mann,CHA,0,3,0,1,0,2,3,0,3
Rocco Zikarsky,Terrence Shannon Jr.,MIN,0,3,0,3,0,0,3,0,3
Blake Hinson,Kennedy Chandler,UTA,0,3,0,2,0,1,3,0,3
Kobe Brown,Taelon Peter,IND,3,0,1,0,2,0,3,0,3
Jaden Hardy,Leaky Black,WAS,0,3,0,1,0,2,3,0,3
Sam Merrill,Tyrese Proctor,CLE,3,0,1,0,2,0,3,0,3
Khaman Maluach,Koby Brea,PHX,0,3,0,3,0,0,3,0,3
AJ Green,Cam Thomas,MIL,0,3,0,0,0,3,3,0,3
Cole Anthony,Thanasis Antetokounmpo,MIL,3,0,3,0,0,0,3,0,3
Dalen Terry,Julian Phillips,CHI,3,0,3,0,0,0,3,0,3
Kyle Anderson,Ty Jerome,MEM,0,3,0,3,0,0,3,0,3
Dillon Brooks,Jalen Green,PHX,0,3,0,1,0,2,3,0,3
Jayson Kent,Matisse Thybulle,POR,0,3,0,2,0,1,3,0,3
TyTy Washington Jr.,Yanic Konan Niederhäuser,LAC,3,0,3,0,0,0,3,0,3
Ben Sheppard,Garrison Mathews,IND,3,0,0,0,3,0,3,0,3
Jae'Sean Tate,Jeff Green,HOU,3,0,1,0,2,0,3,0,3
Norchad Omier,Sean Pedulla,LAC,0,3,0,3,0,0,3,0,3
Jahmai Mashack,Toby Okani,MEM,3,0,1,0,2,0,3,0,3
T.J. McConnell,Tony Bradley,IND,3,0,3,0,0,0,3,0,3
Corey Kispert,Tristan Vukcevic,WAS,3,0,2,0,1,0,3,0,3
Chris Paul,Kobe Brown,LAC,3,0,0,0,3,0,3,0,3
John Poulakidas,Ryan Nembhard,DAL,0,3,0,1,0,2,3,0,3
Isaiah Jackson,Quenton Jackson,IND,0,3,0,3,0,0,3,0,3
Mason Plumlee,Miles Bridges,CHA,3,0,1,0,2,0,3,0,3
Austin Reaves,Nick Smith Jr.,LAL,3,0,1,0,2,0,3,0,3
Anthony Black,Moritz Wagner,ORL,3,0,2,0,1,0,3,0,3
Devin Vassell,Kelly Olynyk,SAS,3,0,1,0,2,0,3,0,3
Chris Paul,Ivica Zubac,LAC,3,0,3,0,0,0,3,0,3
Harrison Barnes,Jordan McLaughlin,SAS,0,3,0,2,0,1,3,0,3
Micah Peavy,Trey Alexander,NOP,0,3,0,1,0,2,3,0,3
Ajay Mitchell,Jared McCain,OKC,3,0,1,0,2,0,3,0,3
E.J. Liddell,Ochai Agbaji,BKN,3,0,2,0,1,0,3,0,3
Julian Phillips,Terrence Shannon Jr.,MIN,0,3,0,0,0,3,3,0,3
Adou Thiero,Nick Smith Jr.,LAL,3,0,1,0,2,0,3,0,3
Amari Williams,Hugo González,BOS,3,0,1,0,2,0,3,0,3
Guerschon Yabusele,Mikal Bridges,NYK,0,3,0,0,0,3,3,0,3
Jayson Tatum,Jordan Walsh,BOS,3,0,3,0,0,0,3,0,3
Rayan Rupert,Toby Okani,MEM,3,0,2,0,1,0,3,0,3
Derrick White,Ron Harper Jr.,BOS,3,0,0,0,3,0,3,0,3
Elijah Harkless,Kyle Filipowski,UTA,3,0,0,0,3,0,3,0,3
Sharife Cooper,Skal Labissiere,WAS,2,0,1,0,1,0,2,0,2
Adem Bona,Joel Embiid,PHI,0,2,0,2,0,0,2,0,2
Drew Timme,Jarred Vanderbilt,LAL,0,2,0,2,0,0,2,0,2
Gary Payton II,Omer Yurtseven,GSW,0,2,0,1,0,1,2,0,2
Svi Mykhailiuk,Walker Kessler,UTA,0,2,0,0,0,2,2,0,2
Anthony Black,Jamal Cain,ORL,2,0,1,0,1,0,2,0,2
Andersson Garcia,Oscar Tshiebwe,UTA,2,0,2,0,0,0,2,0,2
Malachi Smith,Ochai Agbaji,BKN,2,0,2,0,0,0,2,0,2
Jeremy Sochan,Landry Shamet,NYK,2,0,1,0,1,0,2,0,2
Eric Gordon,Kyle Lowry,PHI,0,2,0,0,0,2,2,0,2
De'Anthony Melton,Malevy Leons,GSW,0,2,0,0,0,2,2,0,2
Christian Koloko,Kentavious Caldwell-Pope,MEM,2,0,1,0,1,0,2,0,2
Drew Timme,Kobe Bufkin,LAL,2,0,2,0,0,0,2,0,2
Trey Jemison III,Tyler Kolek,NYK,0,2,0,2,0,0,2,0,2
Jaylen Clark,Rob Dillingham,MIN,0,2,0,1,0,1,2,0,2
Jamaree Bouyea,Nigel Hayes-Davis,PHX,2,0,1,0,1,0,2,0,2
James Harden,Kobe Brown,LAC,2,0,2,0,0,0,2,0,2
Charles Bassey,Max Shulga,BOS,0,2,0,2,0,0,2,0,2
Liam McNeeley,Ryan Kalkbrenner,CHA,2,0,2,0,0,0,2,0,2
A.J. Lawson,Jakob Poeltl,TOR,0,2,0,1,0,1,2,0,2
Luka Dončić,Nick Smith Jr.,LAL,2,0,0,0,2,0,2,0,2
Amir Coffey,Andre Jackson Jr.,MIL,0,2,0,0,0,2,2,0,2
Amir Coffey,Ryan Dunn,PHX,0,2,0,2,0,0,2,0,2
Jordan Miller,Norchad Omier,LAC,2,0,2,0,0,0,2,0,2
Brandon Miller,PJ Hall,CHA,2,0,2,0,0,0,2,0,2
Bobi Klintman,Caris LeVert,DET,0,2,0,1,0,1,2,0,2
Cam Spencer,Kyle Anderson,MEM,2,0,1,0,1,0,2,0,2
Kevin Huerter,Lachlan Olbrich,CHI,0,2,0,1,0,1,2,0,2
Isaiah Collier,Oscar Tshiebwe,UTA,2,0,2,0,0,0,2,0,2
Coby White,Pat Connaughton,CHA,2,0,0,0,2,0,2,0,2
Mac McClung,RayJ Dennis,IND,0,2,0,1,0,1,2,0,2
Jaylen Clark,Rudy Gobert,MIN,0,2,0,1,0,1,2,0,2
Dylan Cardwell,Zach LaVine,SAC,2,0,0,0,2,0,2,0,2
Naji Marshall,Tyus Jones,DAL,0,2,0,1,0,1,2,0,2
Aaron Holiday,Clint Capela,HOU,2,0,2,0,0,0,2,0,2
Jamir Watkins,Marvin Bagley III,WAS,0,2,0,1,0,1,2,0,2
Day'Ron Sharpe,Josh Minott,BKN,2,0,1,0,1,0,2,0,2
Doug McDermott,Isaiah Stevens,SAC,0,2,0,0,0,2,2,0,2
Jonathan Isaac,Moritz Wagner,ORL,2,0,2,0,0,0,2,0,2
Kobe Sanders,Norchad Omier,LAC,0,2,0,1,0,1,2,0,2
Santi Aldama,Ty Jerome,MEM,0,2,0,1,0,1,2,0,2
Malevy Leons,Seth Curry,GSW,2,0,1,0,1,0,2,0,2
Jaden Hardy,Klay Thompson,DAL,0,2,0,2,0,0,2,0,2
Pat Connaughton,PJ Hall,CHA,2,0,2,0,0,0,2,0,2
Julian Phillips,Patrick Williams,CHI,0,2,0,0,0,2,2,0,2
Draymond Green,Seth Curry,GSW,2,0,1,0,1,0,2,0,2
John Poulakidas,Marvin Bagley III,DAL,2,0,1,0,1,0,2,0,2
Andersson Garcia,Bez Mbeng,UTA,0,2,0,1,0,1,2,0,2
Chris Youngblood,Jaylin Williams,OKC,0,2,0,1,0,1,2,0,2
Nate Williams,Quinten Post,GSW,0,2,0,1,0,1,2,0,2
Keyonte George,Oscar Tshiebwe,UTA,2,0,2,0,0,0,2,0,2
Amari Williams,Anfernee Simons,BOS,2,0,0,0,2,0,2,0,2
Franz Wagner,Moritz Wagner,ORL,2,0,0,0,2,0,2,0,2
Jordan McLaughlin,Luke Kornet,SAS,0,2,0,1,0,1,2,0,2
Hunter Tyson,Julian Strawther,DEN,0,2,0,0,0,2,2,0,2
Kevin Love,Vince Williams Jr.,UTA,0,2,0,0,0,2,2,0,2
Khris Middleton,Will Riley,WAS,2,0,1,0,1,0,2,0,2
Eric Gordon,VJ Edgecombe,PHI,0,2,0,0,0,2,2,0,2
Jonathan Mogbo,Markelle Fultz,TOR,0,2,0,2,0,0,2,0,2
Derrick Jones Jr.,Yanic Konan Niederhäuser,LAC,2,0,2,0,0,0,2,0,2
Jabari Walker,Paul George,PHI,0,2,0,0,0,2,2,0,2
Josh Green,KJ Simpson,CHA,0,2,0,0,0,2,2,0,2
Darius Garland,Yanic Konan Niederhäuser,LAC,2,0,2,0,0,0,2,0,2
Cedric Coward,Jahmai Mashack,MEM,2,0,1,0,1,0,2,0,2
Jonathan Mogbo,Trayce Jackson-Davis,TOR,2,0,2,0,0,0,2,0,2
Jeremiah Robinson-Earl,Ryan Nembhard,DAL,0,2,0,1,0,1,2,0,2
Duop Reath,Sidy Cissoko,POR,0,2,0,0,0,2,2,0,2
AJ Johnson,Dwight Powell,DAL,2,0,2,0,0,0,2,0,2
Chris Livingston,Thomas Bryant,CLE,0,2,0,2,0,0,2,0,2
Corey Kispert,Vít Krejčí,ATL,0,2,0,1,0,1,2,0,2
DaQuan Jeffries,Malik Monk,SAC,0,2,0,2,0,0,2,0,2
Jahmai Mashack,Lucas Williamson,MEM,2,0,1,0,1,0,2,0,2
Ethan Thompson,Kobe Brown,IND,2,0,2,0,0,0,2,0,2
Bryce McGowens,Dejounte Murray,NOP,0,2,0,2,0,0,2,0,2
KJ Simpson,Tidjane Salaün,CHA,2,0,1,0,1,0,2,0,2
Kevon Looney,Micah Peavy,NOP,2,0,1,0,1,0,2,0,2
Jaden Hardy,P.J. Washington,DAL,0,2,0,0,0,2,2,0,2
Chaz Lanier,Javonte Green,DET,2,0,1,0,1,0,2,0,2
Jevon Carter,Noah Penda,ORL,0,2,0,1,0,1,2,0,2
Adou Thiero,Dalton Knecht,LAL,2,0,0,0,2,0,2,0,2
Garrison Mathews,Tony Bradley,IND,2,0,2,0,0,0,2,0,2
Khaman Maluach,Royce O'Neale,PHX,0,2,0,2,0,0,2,0,2
Bennedict Mathurin,TyTy Washington Jr.,LAC,0,2,0,2,0,0,2,0,2
Jamison Battle,RJ Barrett,TOR,0,2,0,1,0,1,2,0,2
Herbert Jones,Jordan Hawkins,NOP,2,0,1,0,1,0,2,0,2
Asa Newell,Caleb Houstan,ATL,2,0,1,0,1,0,2,0,2
Craig Porter Jr.,James Harden,CLE,0,2,0,1,0,1,2,0,2
Amir Coffey,Oso Ighodaro,PHX,0,2,0,2,0,0,2,0,2
Isaiah Jackson,RayJ Dennis,IND,2,0,1,0,1,0,2,0,2
Bradley Beal,Kris Dunn,LAC,0,2,0,1,0,1,2,0,2
Keshad Johnson,Vladislav Goldin,MIA,0,2,0,2,0,0,2,0,2
Amir Coffey,Jericho Sims,MIL,0,2,0,2,0,0,2,0,2
Bobi Klintman,Tolu Smith,DET,0,2,0,1,0,1,2,0,2
DaQuan Jeffries,Devin Carter,SAC,0,2,0,1,0,1,2,0,2
Alondes Williams,Bilal Coulibaly,WAS,0,2,0,1,0,1,2,0,2
Charles Bassey,Pat Spencer,GSW,0,2,0,2,0,0,2,0,2
Cody Williams,Kyle Anderson,UTA,0,2,0,1,0,1,2,0,2
Rasheer Fleming,Royce O'Neale,PHX,0,2,0,2,0,0,2,0,2
Jarrett Allen,Max Strus,CLE,0,2,0,2,0,0,2,0,2
Chaney Johnson,E.J. Liddell,BKN,0,2,0,1,0,1,2,0,2
Jalen Smith,Zach Collins,CHI,2,0,2,0,0,0,2,0,2
Anthony Gill,Kyshawn George,WAS,2,0,2,0,0,0,2,0,2
Luke Kennard,Nick Smith Jr.,LAL,2,0,0,0,2,0,2,0,2
Bennedict Mathurin,Cam Christie,LAC,0,2,0,1,0,1,2,0,2
CJ McCollum,Malaki Branham,WAS,0,2,0,1,0,1,2,0,2
Blake Hinson,Kevin Love,UTA,2,0,0,0,2,0,2,0,2
Jonathan Mogbo,Sandro Mamukelashvili,TOR,0,2,0,2,0,0,2,0,2
Devin Carter,Killian Hayes,SAC,0,2,0,2,0,0,2,0,2
David Jones Garcia,Kelly Olynyk,SAS,2,0,2,0,0,0,2,0,2
D'Angelo Russell,Miles Kelly,DAL,2,0,2,0,0,0,2,0,2
Grayson Allen,Nigel Hayes-Davis,PHX,0,2,0,0,0,2,2,0,2
Kyle Anderson,Terrence Shannon Jr.,MIN,2,0,2,0,0,0,2,0,2
Kon Knueppel,Xavier Tillman,CHA,0,2,0,0,0,2,2,0,2
DeAndre Jordan,Saddiq Bey,NOP,2,0,1,0,1,0,2,0,2
Aaron Gordon,Julian Strawther,DEN,2,0,0,0,2,0,2,0,2
Lucas Williamson,Olivier-Maxence Prosper,MEM,2,0,1,0,1,0,2,0,2
Drew Timme,Maxi Kleber,LAL,2,0,2,0,0,0,2,0,2
Cam Christie,Kawhi Leonard,LAC,2,0,0,0,2,0,2,0,2
Amir Coffey,Bobby Portis,MIL,2,0,2,0,0,0,2,0,2
Franz Wagner,Noah Penda,ORL,2,0,2,0,0,0,2,0,2
Kyle Filipowski,Walker Kessler,UTA,2,0,2,0,0,0,2,0,2
Jalen Williams,Ousmane Dieng,OKC,2,0,0,0,2,0,2,0,2
DeJon Jarreau,GG Jackson,MEM,2,0,2,0,0,0,2,0,2
Bones Hyland,Johnny Juzang,MIN,2,0,1,0,1,0,2,0,2
GG Jackson,Kyle Anderson,MEM,0,2,0,0,0,2,2,0,2
Antonio Reeves,KJ Simpson,CHA,0,2,0,1,0,1,2,0,2
Chaz Lanier,Wendell Moore Jr.,DET,0,2,0,0,0,2,2,0,2
Eric Gordon,Hunter Sallis,PHI,0,2,0,0,0,2,2,0,2
Joe Ingles,Zyon Pullin,MIN,0,2,0,1,0,1,2,0,2
James Wiseman,T.J. McConnell,IND,0,2,0,2,0,0,2,0,2
Coby White,Julian Phillips,CHI,2,0,0,0,2,0,2,0,2
Aaron Nesmith,RayJ Dennis,IND,0,2,0,2,0,0,2,0,2
Harrison Ingram,Jordan McLaughlin,SAS,0,2,0,2,0,0,2,0,2
Chaz Lanier,Jalen Duren,DET,2,0,2,0,0,0,2,0,2
Liam McNeeley,Mason Plumlee,CHA,0,2,0,0,0,2,2,0,2
Miles Kelly,Tyus Jones,DAL,2,0,0,0,2,0,2,0,2
Ousmane Dieng,Shai Gilgeous-Alexander,OKC,2,0,1,0,1,0,2,0,2
Alijah Martin,Gradey Dick,TOR,2,0,1,0,1,0,2,0,2
Jonas Valančiūnas,Nikola Jokić,DEN,0,2,0,2,0,0,2,0,2
Jerami Grant,Yang Hansen,POR,0,2,0,0,0,2,2,0,2
Landry Shamet,Mitchell Robinson,NYK,0,2,0,0,0,2,2,0,2
Jalen Slawson,Pascal Siakam,IND,2,0,2,0,0,0,2,0,2
Joe Ingles,Terrence Shannon Jr.,MIN,2,0,1,0,1,0,2,0,2
Franz Wagner,Jonathan Isaac,ORL,2,0,1,0,1,0,2,0,2
Amir Coffey,Koby Brea,PHX,2,0,0,0,2,0,2,0,2
Leonard Miller,Mac McClung,CHI,0,2,0,2,0,0,2,0,2
Danny Wolf,Josh Minott,BKN,2,0,1,0,1,0,2,0,2
Malachi Smith,Nolan Traore,BKN,2,0,1,0,1,0,2,0,2
Jordan Clarkson,Kevin McCullar Jr.,NYK,0,2,0,0,0,2,2,0,2
Carter Bryant,Julian Champagnie,SAS,0,2,0,0,0,2,2,0,2
Bennedict Mathurin,Quenton Jackson,IND,2,0,2,0,0,0,2,0,2
Ethan Thompson,Isaiah Jackson,IND,2,0,2,0,0,0,2,0,2
Kobe Sanders,Sean Pedulla,LAC,2,0,1,0,1,0,2,0,2
Alijah Martin,Sandro Mamukelashvili,TOR,0,2,0,2,0,0,2,0,2
DeJon Jarreau,Taj Gibson,MEM,2,0,1,0,1,0,2,0,2
Ronald Holland II,Wendell Moore Jr.,DET,0,2,0,1,0,1,2,0,2
Curtis Jones,Tim Hardaway Jr.,DEN,2,0,1,0,1,0,2,0,2
Leaky Black,Tre Johnson,WAS,0,2,0,1,0,1,2,0,2
JD Davison,Steven Adams,HOU,2,0,2,0,0,0,2,0,2
Bismack Biyombo,Kelly Olynyk,SAS,0,2,0,2,0,0,2,0,2
Jarace Walker,Monté Morris,IND,0,2,0,1,0,1,2,0,2
Bryce McGowens,Trey Alexander,NOP,2,0,1,0,1,0,2,0,2
Grant Williams,Moussa Diabaté,CHA,2,0,2,0,0,0,2,0,2
Gabe Vincent,Mouhamed Gueye,ATL,0,2,0,1,0,1,2,0,2
AJ Johnson,Jamir Watkins,WAS,2,0,1,0,1,0,2,0,2
Lindy Waters III,Stephon Castle,SAS,0,2,0,0,0,2,2,0,2
Jaylen Clark,Zyon Pullin,MIN,0,2,0,0,0,2,2,0,2
LJ Cryer,Nate Williams,GSW,2,0,1,0,1,0,2,0,2
Monté Morris,Tony Bradley,IND,2,0,2,0,0,0,2,0,2
Mohamed Diawara,Pacôme Dadiet,NYK,0,2,0,2,0,0,2,0,2
Keegan Murray,Nique Clifford,SAC,2,0,0,0,2,0,2,0,2
Jalen Brunson,Kevin McCullar Jr.,NYK,2,0,2,0,0,0,2,0,2
Andre Jackson Jr.,Cormac Ryan,MIL,2,0,0,0,2,0,2,0,2
Josh Green,Pat Connaughton,CHA,0,2,0,1,0,1,2,0,2
Corey Kispert,Justin Champagnie,WAS,0,2,0,2,0,0,2,0,2
Myron Gardner,Norman Powell,MIA,2,0,1,0,1,0,2,0,2
Keaton Wallace,RayJ Dennis,ATL,0,2,0,2,0,0,2,0,2
Nikola Jović,Tyler Herro,MIA,2,0,2,0,0,0,2,0,2
Anfernee Simons,Josh Giddey,CHI,0,2,0,1,0,1,2,0,2
Curtis Jones,Jalen Pickett,DEN,0,2,0,1,0,1,2,0,2
Justin Champagnie,Leaky Black,WAS,2,0,1,0,1,0,2,0,2
RayJ Dennis,Taelon Peter,IND,0,2,0,0,0,2,2,0,2
Anfernee Simons,Nick Richards,CHI,2,0,1,0,1,0,2,0,2
Bennedict Mathurin,RayJ Dennis,IND,0,2,0,2,0,0,2,0,2
Gary Trent Jr.,Thanasis Antetokounmpo,MIL,0,2,0,0,0,2,2,0,2
Danny Wolf,Tyson Etienne,BKN,2,0,0,0,2,0,2,0,2
Adama Bal,Cam Spencer,MEM,0,2,0,1,0,1,2,0,2
Bogdan Bogdanović,Kawhi Leonard,LAC,0,2,0,1,0,1,2,0,2
Drake Powell,Ochai Agbaji,BKN,2,0,1,0,1,0,2,0,2
Jevon Carter,Lachlan Olbrich,CHI,0,2,0,0,0,2,2,0,2
KJ Simpson,Tim Hardaway Jr.,DEN,2,0,1,0,1,0,2,0,2
Ace Bailey,Andersson Garcia,UTA,0,2,0,0,0,2,2,0,2
Duop Reath,Javonte Cooke,POR,0,2,0,2,0,0,2,0,2
Aaron Wiggins,Chris Youngblood,OKC,0,2,0,1,0,1,2,0,2
Asa Newell,RayJ Dennis,ATL,0,2,0,2,0,0,2,0,2
Chet Holmgren,Jared McCain,OKC,2,0,2,0,0,0,2,0,2
Ethan Thompson,Obi Toppin,IND,2,0,2,0,0,0,2,0,2
Antonio Reeves,Miles Bridges,CHA,0,2,0,0,0,2,2,0,2
Ja Morant,Olivier-Maxence Prosper,MEM,2,0,1,0,1,0,2,0,2
Jamir Watkins,Keshon Gilbert,WAS,0,2,0,1,0,1,2,0,2
Dalton Knecht,Drew Timme,LAL,2,0,1,0,1,0,2,0,2
Marcus Sasser,Tolu Smith,DET,0,2,0,0,0,2,2,0,2
Ben Sheppard,Tony Bradley,IND,2,0,2,0,0,0,2,0,2
Jaden McDaniels,Joe Ingles,MIN,0,2,0,2,0,0,2,0,2
MarJon Beauchamp,Tyrese Maxey,PHI,2,0,1,0,1,0,2,0,2
Kobe Sanders,Yanic Konan Niederhäuser,LAC,2,0,2,0,0,0,2,0,2
Lucas Williamson,Toby Okani,MEM,2,0,0,0,2,0,2,0,2
Isaiah Joe,Nikola Topić,OKC,2,0,0,0,2,0,2,0,2
Kyshawn George,Malaki Branham,WAS,2,0,1,0,1,0,2,0,2
Gary Trent Jr.,Ousmane Dieng,MIL,0,2,0,2,0,0,2,0,2
Pat Spencer,Stephen Curry,GSW,0,2,0,0,0,2,2,0,2
Isaiah Collier,Mo Bamba,UTA,2,0,2,0,0,0,2,0,2
Cam Thomas,Ryan Rollins,MIL,0,2,0,1,0,1,2,0,2
Keshad Johnson,Norman Powell,MIA,0,2,0,1,0,1,2,0,2
Clint Capela,Dorian Finney-Smith,HOU,2,0,1,0,1,0,2,0,2
Devin Carter,Domantas Sabonis,SAC,2,0,2,0,0,0,2,0,2
Dean Wade,Dennis Schröder,CLE,2,0,1,0,1,0,2,0,2
Anthony Edwards,Kyle Anderson,MIN,0,2,0,0,0,2,2,0,2
Dalton Knecht,Kobe Bufkin,LAL,0,2,0,0,0,2,2,0,2
Nick Richards,Oso Ighodaro,PHX,0,2,0,2,0,0,2,0,2
Jakob Poeltl,Jamison Battle,TOR,2,0,1,0,1,0,2,0,2
Isaiah Jackson,Johnny Furphy,IND,2,0,2,0,0,0,2,0,2
Adem Bona,Dominick Barlow,PHI,0,2,0,2,0,0,2,0,2
Isaiah Livers,Jamaree Bouyea,PHX,2,0,2,0,0,0,2,0,2
LJ Cryer,Malevy Leons,GSW,1,0,1,0,0,0,1,0,1
Caleb Houstan,Zaccharie Risacher,ATL,0,1,0,0,0,1,1,0,1
Dwight Powell,Tyus Jones,DAL,0,1,0,0,0,1,1,0,1
Bryce McGowens,DeAndre Jordan,NOP,0,1,0,1,0,0,1,0,1
Chaz Lanier,Duncan Robinson,DET,1,0,0,0,1,0,1,0,1
Cam Spencer,Lawson Lovering,MEM,1,0,1,0,0,0,1,0,1
Donovan Mitchell,Luke Travers,CLE,0,1,0,0,0,1,1,0,1
Jevon Carter,Zach Collins,CHI,1,0,1,0,0,0,1,0,1
Garrett Temple,Sandro Mamukelashvili,TOR,1,0,1,0,0,0,1,0,1
Al Horford,Malevy Leons,GSW,0,1,0,1,0,0,1,0,1
Cooper Flagg,Tyler Smith,DAL,1,0,1,0,0,0,1,0,1
Harrison Barnes,Mason Plumlee,SAS,0,1,0,0,0,1,1,0,1
Karl-Anthony Towns,Pacôme Dadiet,NYK,0,1,0,1,0,0,1,0,1
Brandon Clarke,Santi Aldama,MEM,0,1,0,1,0,0,1,0,1
Taurean Prince,Thanasis Antetokounmpo,MIL,0,1,0,1,0,0,1,0,1
Drew Eubanks,Keegan Murray,SAC,1,0,1,0,0,0,1,0,1
Blake Hinson,Keyonte George,UTA,0,1,0,0,0,1,1,0,1
Matisse Thybulle,Robert Williams III,POR,1,0,1,0,0,0,1,0,1
Amir Coffey,Jordan Goodwin,PHX,0,1,0,1,0,0,1,0,1
Kadary Richmond,Will Riley,WAS,0,1,0,0,0,1,1,0,1
Dominick Barlow,Kyle Lowry,PHI,1,0,0,0,1,0,1,0,1
Khris Middleton,Moussa Cisse,DAL,1,0,1,0,0,0,1,0,1
Taj Gibson,Toby Okani,MEM,0,1,0,1,0,0,1,0,1
Caleb Houstan,Christian Koloko,ATL,1,0,1,0,0,0,1,0,1
Guerschon Yabusele,Lachlan Olbrich,CHI,0,1,0,0,0,1,1,0,1
Josh Minott,Luka Garza,BOS,1,0,1,0,0,0,1,0,1
Rayan Rupert,Tyler Burton,MEM,1,0,0,0,1,0,1,0,1
Rayan Rupert,Scoot Henderson,POR,0,1,0,0,0,1,1,0,1
Isaiah Livers,Nigel Hayes-Davis,PHX,0,1,0,0,0,1,1,0,1
LJ Cryer,Quinten Post,GSW,0,1,0,0,0,1,1,0,1
Miles Kelly,Naji Marshall,DAL,0,1,0,0,0,1,1,0,1
Bruce Brown,Curtis Jones,DEN,1,0,1,0,0,0,1,0,1
John Poulakidas,P.J. Washington,DAL,1,0,0,0,1,0,1,0,1
Antonio Reeves,Liam McNeeley,CHA,0,1,0,1,0,0,1,0,1
Chris Mañon,Drew Timme,LAL,1,0,0,0,1,0,1,0,1
Miles Kelly,Moussa Cisse,DAL,1,0,1,0,0,0,1,0,1
Alondes Williams,Tre Johnson,WAS,0,1,0,0,0,1,1,0,1
Charles Bassey,Trendon Watford,PHI,0,1,0,1,0,0,1,0,1
Kris Murray,Yang Hansen,POR,1,0,1,0,0,0,1,0,1
Antonio Reeves,Tre Mann,CHA,1,0,1,0,0,0,1,0,1
Grayson Allen,Jamaree Bouyea,PHX,0,1,0,0,0,1,1,0,1
Jeremiah Fears,Josh Oduro,NOP,1,0,1,0,0,0,1,0,1
Ben Sheppard,Monté Morris,IND,0,1,0,1,0,0,1,0,1
Charles Bassey,Ja Morant,MEM,0,1,0,1,0,0,1,0,1
Dalano Banton,Ron Harper Jr.,BOS,1,0,0,0,1,0,1,0,1
David Jones Garcia,Riley Minix,SAS,1,0,0,0,1,0,1,0,1
Ajay Mitchell,Chris Youngblood,OKC,1,0,0,0,1,0,1,0,1
Nigel Hayes-Davis,Royce O'Neale,PHX,1,0,0,0,1,0,1,0,1
Kobe Sanders,Patrick Baldwin Jr.,LAC,1,0,0,0,1,0,1,0,1
Bryce McGowens,Kevon Looney,NOP,0,1,0,0,0,1,1,0,1
Kevin Huerter,Tolu Smith,DET,1,0,1,0,0,0,1,0,1
Grant Nelson,Ziaire Williams,BKN,0,1,0,1,0,0,1,0,1
Amir Coffey,Giannis Antetokounmpo,MIL,1,0,1,0,0,0,1,0,1
Isaiah Hartenstein,Kenrich Williams,OKC,1,0,0,0,1,0,1,0,1
Adama Bal,Rayan Rupert,MEM,0,1,0,1,0,0,1,0,1
Anthony Davis,Daniel Gafford,DAL,1,0,1,0,0,0,1,0,1
Joan Beringer,Leonard Miller,MIN,0,1,0,1,0,0,1,0,1
Javon Small,John Konchar,MEM,0,1,0,0,0,1,1,0,1
Cam Spencer,PJ Hall,MEM,1,0,0,0,1,0,1,0,1
Dejounte Murray,Jordan Poole,NOP,1,0,1,0,0,0,1,0,1
Aaron Wiggins,Payton Sandfort,OKC,1,0,0,0,1,0,1,0,1
Cason Wallace,Ousmane Dieng,OKC,1,0,0,0,1,0,1,0,1
Isaiah Jackson,Taelon Peter,IND,1,0,0,0,1,0,1,0,1
Adou Thiero,Austin Reaves,LAL,0,1,0,1,0,0,1,0,1
Jalen Wilson,Malachi Smith,BKN,0,1,0,0,0,1,1,0,1
Isaac Okoro,Nick Richards,CHI,1,0,1,0,0,0,1,0,1
Kyle Lowry,Paul George,PHI,1,0,0,0,1,0,1,0,1
Johni Broome,Kyle Lowry,PHI,0,1,0,1,0,0,1,0,1
Jonathan Mogbo,Ochai Agbaji,TOR,1,0,1,0,0,0,1,0,1
Drew Eubanks,Keon Ellis,SAC,0,1,0,1,0,0,1,0,1
Joan Beringer,Kyle Anderson,MIN,0,1,0,1,0,0,1,0,1
Colby Jones,Tolu Smith,DET,1,0,1,0,0,0,1,0,1
AJ Johnson,Miles Kelly,DAL,0,1,0,1,0,0,1,0,1
Ace Bailey,Jaren Jackson Jr.,UTA,1,0,1,0,0,0,1,0,1
Gary Harris,Thanasis Antetokounmpo,MIL,0,1,0,0,0,1,1,0,1
Anthony Black,Orlando Robinson,ORL,1,0,1,0,0,0,1,0,1
A.J. Lawson,Jamison Battle,TOR,1,0,0,0,1,0,1,0,1
Saddiq Bey,Trey Alexander,NOP,0,1,0,1,0,0,1,0,1
Jakob Poeltl,Ochai Agbaji,TOR,1,0,1,0,0,0,1,0,1
Joan Beringer,Julius Randle,MIN,1,0,0,0,1,0,1,0,1
Ayo Dosunmu,Terrence Shannon Jr.,MIN,1,0,0,0,1,0,1,0,1
Brandin Podziemski,Seth Curry,GSW,1,0,0,0,1,0,1,0,1
Chaz Lanier,Isaac Jones,DET,1,0,1,0,0,0,1,0,1
Jericho Sims,Mark Sears,MIL,1,0,0,0,1,0,1,0,1
Jonas Valančiūnas,Tyus Jones,DEN,1,0,1,0,0,0,1,0,1
Cody Williams,Walker Kessler,UTA,1,0,0,0,1,0,1,0,1
Dariq Whitehead,Olivier-Maxence Prosper,MEM,1,0,1,0,0,0,1,0,1
Jaren Jackson Jr.,Keyonte George,UTA,0,1,0,1,0,0,1,0,1
Alex Morales,Jevon Carter,ORL,1,0,0,0,1,0,1,0,1
Jahmai Mashack,Santi Aldama,MEM,1,0,1,0,0,0,1,0,1
Dennis Schröder,Tristan Enaruna,CLE,1,0,1,0,0,0,1,0,1
Mark Sears,Thanasis Antetokounmpo,MIL,1,0,1,0,0,0,1,0,1
Bilal Coulibaly,Jaden Hardy,WAS,1,0,1,0,0,0,1,0,1
Jalen Duren,Paul Reed,DET,1,0,1,0,0,0,1,0,1
Collin Murray-Boyles,Garrett Temple,TOR,0,1,0,1,0,0,1,0,1
Kyshawn George,Sharife Cooper,WAS,0,1,0,0,0,1,1,0,1
Jordan McLaughlin,Riley Minix,SAS,1,0,1,0,0,0,1,0,1
David Jones Garcia,Lindy Waters III,SAS,1,0,0,0,1,0,1,0,1
Ivica Zubac,Taelon Peter,IND,0,1,0,1,0,0,1,0,1
Jordan Miller,Kobe Brown,LAC,1,0,1,0,0,0,1,0,1
Grant Williams,Tidjane Salaün,CHA,0,1,0,1,0,0,1,0,1
CJ McCollum,Vít Krejčí,ATL,1,0,1,0,0,0,1,0,1
Buddy Hield,Malevy Leons,GSW,0,1,0,0,0,1,1,0,1
AJ Green,Cormac Ryan,MIL,1,0,0,0,1,0,1,0,1
Isaiah Livers,Royce O'Neale,PHX,1,0,0,0,1,0,1,0,1
Chris Mañon,Dalton Knecht,LAL,1,0,1,0,0,0,1,0,1
Chaney Johnson,Danny Wolf,BKN,0,1,0,1,0,0,1,0,1
David Jones Garcia,Luke Kornet,SAS,1,0,1,0,0,0,1,0,1
Mac McClung,Patrick Williams,CHI,1,0,1,0,0,0,1,0,1
Drew Timme,Jake LaRavia,LAL,1,0,1,0,0,0,1,0,1
Jase Richardson,Jevon Carter,ORL,0,1,0,1,0,0,1,0,1
Ronald Holland II,Tolu Smith,DET,0,1,0,1,0,0,1,0,1
Isaiah Jackson,TyTy Washington Jr.,LAC,0,1,0,1,0,0,1,0,1
James Harden,Tyrese Proctor,CLE,0,1,0,0,0,1,1,0,1
Derik Queen,Josh Oduro,NOP,0,1,0,1,0,0,1,0,1
Jaxson Hayes,Kobe Bufkin,LAL,0,1,0,1,0,0,1,0,1
Cody Martin,Jeremiah Robinson-Earl,IND,1,0,1,0,0,0,1,0,1
Grant Williams,Miles Bridges,CHA,0,1,0,0,0,1,1,0,1
Kris Murray,Matisse Thybulle,POR,1,0,0,0,1,0,1,0,1
Ousmane Dieng,Thanasis Antetokounmpo,MIL,0,1,0,1,0,0,1,0,1
Leaky Black,Tristan Vukcevic,WAS,1,0,0,0,1,0,1,0,1
Jordan Poole,Trey Alexander,NOP,0,1,0,0,0,1,1,0,1
Jaden Ivey,Jalen Smith,CHI,1,0,1,0,0,0,1,0,1
Buddy Hield,Zaccharie Risacher,ATL,0,1,0,1,0,0,1,0,1
John Poulakidas,Max Christie,DAL,0,1,0,0,0,1,1,0,1
Koby Brea,Rasheer Fleming,PHX,1,0,0,0,1,0,1,0,1
Jeremy Sochan,Jordan McLaughlin,SAS,0,1,0,1,0,0,1,0,1
Jordan Walsh,Ron Harper Jr.,BOS,0,1,0,0,0,1,1,0,1
Cam Spencer,Dariq Whitehead,MEM,1,0,0,0,1,0,1,0,1
Dalen Terry,VJ Edgecombe,PHI,1,0,1,0,0,0,1,0,1
Kevin McCullar Jr.,Landry Shamet,NYK,1,0,0,0,1,0,1,0,1
Sam Hauser,Xavier Tillman,BOS,1,0,0,0,1,0,1,0,1
Baylor Scheierman,Max Shulga,BOS,1,0,1,0,0,0,1,0,1
Kelly Olynyk,Stanley Umude,SAS,1,0,1,0,0,0,1,0,1
Jaylen Wells,John Konchar,MEM,1,0,1,0,0,0,1,0,1
Cameron Payne,Joel Embiid,PHI,1,0,1,0,0,0,1,0,1
Jose Alvarado,Miles McBride,NYK,0,1,0,0,0,1,1,0,1
Carter Bryant,Jeremy Sochan,SAS,0,1,0,0,0,1,1,0,1
Grant Williams,Liam McNeeley,CHA,1,0,1,0,0,0,1,0,1
Caleb Love,Scoot Henderson,POR,0,1,0,0,0,1,1,0,1
Max Christie,Moussa Cisse,DAL,1,0,1,0,0,0,1,0,1
Antonio Reeves,Collin Sexton,CHA,1,0,0,0,1,0,1,0,1
Max Strus,Nae'Qwan Tomlin,CLE,1,0,1,0,0,0,1,0,1
Javon Small,Lucas Williamson,MEM,1,0,1,0,0,0,1,0,1
Cormac Ryan,Ryan Rollins,MIL,0,1,0,0,0,1,1,0,1
Dylan Cardwell,Patrick Baldwin Jr.,SAC,1,0,1,0,0,0,1,0,1
Jahmai Mashack,Taj Gibson,MEM,1,0,0,0,1,0,1,0,1
Moussa Cisse,P.J. Washington,DAL,0,1,0,1,0,0,1,0,1
GG Jackson,Lawson Lovering,MEM,0,1,0,1,0,0,1,0,1
Elijah Harkless,Kyle Anderson,UTA,1,0,1,0,0,0,1,0,1
Miles Bridges,Pat Connaughton,CHA,0,1,0,0,0,1,1,0,1
E.J. Liddell,Trevon Scott,BKN,0,1,0,0,0,1,1,0,1
Franz Wagner,Orlando Robinson,ORL,1,0,1,0,0,0,1,0,1
Alex Sarr,Cam Whitmore,WAS,1,0,1,0,0,0,1,0,1
Hunter Sallis,Kyle Lowry,PHI,1,0,0,0,1,0,1,0,1
Collin Sexton,Jalen Smith,CHI,1,0,1,0,0,0,1,0,1
Kentavious Caldwell-Pope,Kyle Anderson,MEM,0,1,0,1,0,0,1,0,1
Coby White,Tre Mann,CHA,0,1,0,0,0,1,1,0,1
Jahmir Young,Nikola Jović,MIA,0,1,0,1,0,0,1,0,1
Jevon Carter,Nikola Vučević,CHI,0,1,0,0,0,1,1,0,1
Coby White,Lachlan Olbrich,CHI,1,0,1,0,0,0,1,0,1
Brice Sensabaugh,Vince Williams Jr.,UTA,1,0,1,0,0,0,1,0,1
Julian Reese,Trae Young,WAS,1,0,1,0,0,0,1,0,1
Patrick Williams,Zach Collins,CHI,0,1,0,1,0,0,1,0,1
Thomas Bryant,Tristan Enaruna,CLE,0,1,0,1,0,0,1,0,1
Amir Coffey,Jalen Green,PHX,1,0,1,0,0,0,1,0,1
Ja Morant,PJ Hall,MEM,1,0,1,0,0,0,1,0,1
Jamir Watkins,Khris Middleton,WAS,0,1,0,1,0,0,1,0,1
Daniss Jenkins,Wendell Moore Jr.,DET,1,0,1,0,0,0,1,0,1
Brook Lopez,Kobe Brown,LAC,0,1,0,1,0,0,1,0,1
Spencer Jones,Zeke Nnaji,DEN,0,1,0,0,0,1,1,0,1
Kevin Love,Oscar Tshiebwe,UTA,0,1,0,0,0,1,1,0,1
Chris Boucher,Payton Pritchard,BOS,0,1,0,0,0,1,1,0,1
Bez Mbeng,Isaiah Collier,UTA,1,0,1,0,0,0,1,0,1
Mason Plumlee,Tre Mann,CHA,1,0,1,0,0,0,1,0,1
Caleb Martin,Miles Kelly,DAL,1,0,0,0,1,0,1,0,1
KJ Simpson,Mason Plumlee,CHA,0,1,0,0,0,1,1,0,1
Emanuel Miller,Matas Buzelis,CHI,0,1,0,1,0,0,1,0,1
Cameron Payne,Kelly Oubre Jr.,PHI,1,0,0,0,1,0,1,0,1
Pascal Siakam,Taelon Peter,IND,0,1,0,1,0,0,1,0,1
Marcus Sasser,Wendell Moore Jr.,DET,1,0,1,0,0,0,1,0,1
Chris Youngblood,Sidy Cissoko,POR,0,1,0,0,0,1,1,0,1
Joe Ingles,Leonard Miller,MIN,1,0,1,0,0,0,1,0,1
Brandon Clarke,Jaren Jackson Jr.,MEM,1,0,0,0,1,0,1,0,1
Jeff Green,Kevin Durant,HOU,1,0,0,0,1,0,1,0,1
Dennis Schröder,Doug McDermott,SAC,1,0,0,0,1,0,1,0,1
Christian Braun,Jalen Pickett,DEN,1,0,0,0,1,0,1,0,1
Bradley Beal,Kawhi Leonard,LAC,0,1,0,1,0,0,1,0,1
De'Aaron Fox,Mason Plumlee,SAS,0,1,0,1,0,0,1,0,1
Andre Jackson Jr.,Mark Sears,MIL,1,0,0,0,1,0,1,0,1
Bennedict Mathurin,Obi Toppin,IND,1,0,1,0,0,0,1,0,1
Chris Boucher,Sam Hauser,BOS,1,0,0,0,1,0,1,0,1
Lawson Lovering,Ty Jerome,MEM,0,1,0,1,0,0,1,0,1
Trendon Watford,Tyrese Martin,PHI,0,1,0,1,0,0,1,0,1
Jevon Carter,Julian Phillips,CHI,1,0,0,0,1,0,1,0,1
DeJon Jarreau,Ty Jerome,MEM,1,0,1,0,0,0,1,0,1
Andre Jackson Jr.,Kyle Kuzma,MIL,0,1,0,1,0,0,1,0,1
Jordan Goodwin,Nigel Hayes-Davis,PHX,1,0,1,0,0,0,1,0,1
Jahmai Mashack,Tyler Burton,MEM,0,1,0,1,0,0,1,0,1
E.J. Liddell,Ziaire Williams,BKN,1,0,0,0,1,0,1,0,1
Blake Wesley,Chris Youngblood,POR,1,0,0,0,1,0,1,0,1
Nae'Qwan Tomlin,Tristan Enaruna,CLE,0,1,0,1,0,0,1,0,1
Adama Bal,Toby Okani,MEM,0,1,0,0,0,1,1,0,1
Jarrett Allen,Luke Travers,CLE,1,0,1,0,0,0,1,0,1
De'Andre Hunter,Luke Travers,CLE,1,0,0,0,1,0,1,0,1
Javon Small,Tyler Burton,MEM,1,0,0,0,1,0,1,0,1
Jaylen Wells,Lawson Lovering,MEM,1,0,1,0,0,0,1,0,1
Khaman Maluach,Ryan Dunn,PHX,0,1,0,1,0,0,1,0,1
Charles Bassey,Jaren Jackson Jr.,MEM,0,1,0,1,0,0,1,0,1
Joe Ingles,Naz Reid,MIN,1,0,1,0,0,0,1,0,1
Dariq Whitehead,Taj Gibson,MEM,0,1,0,0,0,1,1,0,1
Brandon Ingram,Jonathan Mogbo,TOR,0,1,0,0,0,1,1,0,1
Alondes Williams,Jamir Watkins,WAS,1,0,1,0,0,0,1,0,1
Kawhi Leonard,Kobe Brown,LAC,1,0,0,0,1,0,1,0,1
Trey Alexander,Zion Williamson,NOP,0,1,0,0,0,1,1,0,1
Jeremy Sochan,Trey Jemison III,NYK,0,1,0,1,0,0,1,0,1
Hunter Tyson,Jonas Valančiūnas,DEN,0,1,0,0,0,1,1,0,1
Jahmir Young,Myron Gardner,MIA,1,0,0,0,1,0,1,0,1
Bennedict Mathurin,Dalano Banton,LAC,0,1,0,1,0,0,1,0,1
Hunter Tyson,Spencer Jones,DEN,1,0,0,0,1,0,1,0,1
Al Horford,Kristaps Porziņģis,GSW,1,0,1,0,0,0,1,0,1
Bradley Beal,Nicolas Batum,LAC,1,0,0,0,1,0,1,0,1
Caleb Houstan,Jacob Toppin,ATL,0,1,0,0,0,1,1,0,1
Cedric Coward,Christian Koloko,MEM,0,1,0,1,0,0,1,0,1
Charles Bassey,Gary Payton II,GSW,0,1,0,1,0,0,1,0,1
Chaney Johnson,Trevon Scott,BKN,1,0,1,0,0,0,1,0,1
Draymond Green,Trayce Jackson-Davis,GSW,0,1,0,0,0,1,1,0,1
Christian Koloko,Dyson Daniels,ATL,0,1,0,1,0,0,1,0,1
Cam Christie,Kris Dunn,LAC,0,1,0,1,0,0,1,0,1
Drew Peterson,Miles Bridges,CHA,0,1,0,1,0,0,1,0,1
Jamal Cain,Orlando Robinson,ORL,0,1,0,1,0,0,1,0,1
Jevon Carter,Jonathan Isaac,ORL,1,0,1,0,0,0,1,0,1
Giannis Antetokounmpo,Pete Nance,MIL,1,0,0,0,1,0,1,0,1
Duop Reath,Robert Williams III,POR,0,1,0,0,0,1,1,0,1
Ausar Thompson,Tolu Smith,DET,0,1,0,1,0,0,1,0,1
Nigel Hayes-Davis,Oso Ighodaro,PHX,1,0,1,0,0,0,1,0,1
DeMar DeRozan,Patrick Baldwin Jr.,SAC,0,1,0,1,0,0,1,0,1
Justin Edwards,Kyle Lowry,PHI,1,0,0,0,1,0,1,0,1
Anfernee Simons,Xavier Tillman,BOS,1,0,0,0,1,0,1,0,1
Andre Drummond,Kyle Lowry,PHI,0,1,0,0,0,1,1,0,1
Kentavious Caldwell-Pope,Walter Clayton Jr.,MEM,0,1,0,0,0,1,1,0,1
Dalen Terry,Kelly Oubre Jr.,PHI,1,0,1,0,0,0,1,0,1
Drew Peterson,LaMelo Ball,CHA,1,0,0,0,1,0,1,0,1
David Jones Garcia,Devin Vassell,SAS,1,0,1,0,0,0,1,0,1
Adou Thiero,LeBron James,LAL,0,1,0,1,0,0,1,0,1
Cason Wallace,Chris Youngblood,OKC,1,0,0,0,1,0,1,0,1
Charles Bassey,LJ Cryer,GSW,1,0,0,0,1,0,1,0,1
Gabe Vincent,Maxi Kleber,LAL,0,1,0,0,0,1,1,0,1
Kel'el Ware,Keshad Johnson,MIA,0,1,0,1,0,0,1,0,1
De'Andre Hunter,DeMar DeRozan,SAC,0,1,0,0,0,1,1,0,1
Cody Martin,Pascal Siakam,IND,0,1,0,1,0,0,1,0,1
Charles Bassey,Stephen Curry,GSW,0,1,0,1,0,0,1,0,1
Antonio Reeves,Tidjane Salaün,CHA,1,0,0,0,1,0,1,0,1
Kevin Love,Taylor Hendricks,UTA,1,0,0,0,1,0,1,0,1
Omer Yurtseven,Seth Curry,GSW,1,0,1,0,0,0,1,0,1
Duncan Robinson,Tolu Smith,DET,0,1,0,0,0,1,1,0,1
Julian Reese,Justin Champagnie,WAS,0,1,0,1,0,0,1,0,1
Keshon Gilbert,Will Riley,WAS,1,0,1,0,0,0,1,0,1
Franz Wagner,Jamal Cain,ORL,1,0,0,0,1,0,1,0,1
Blake Wesley,Duop Reath,POR,1,0,0,0,1,0,1,0,1
Alex Sarr,Leaky Black,WAS,0,1,0,0,0,1,1,0,1
CJ Huntley,Rasheer Fleming,PHX,1,0,1,0,0,0,1,0,1
Chris Youngblood,Shai Gilgeous-Alexander,OKC,1,0,1,0,0,0,1,0,1
Nicolas Batum,Yanic Konan Niederhäuser,LAC,1,0,1,0,0,0,1,0,1
AJ Johnson,Khris Middleton,DAL,0,1,0,0,0,1,1,0,1
Anfernee Simons,Jalen Smith,CHI,0,1,0,0,0,1,1,0,1
Cam Christie,Derrick Jones Jr.,LAC,0,1,0,0,0,1,1,0,1
Bobi Klintman,Jalen Duren,DET,1,0,1,0,0,0,1,0,1
A.J. Lawson,Ja'Kobe Walter,TOR,0,1,0,1,0,0,1,0,1
AJ Johnson,Tre Johnson,WAS,1,0,0,0,1,0,1,0,1
Aaron Holiday,Isaiah Crawford,HOU,1,0,1,0,0,0,1,0,1
Jaylen Wells,Rayan Rupert,MEM,1,0,0,0,1,0,1,0,1
Josh Green,PJ Hall,CHA,1,0,1,0,0,0,1,0,1
Dillon Jones,Kevin McCullar Jr.,NYK,1,0,1,0,0,0,1,0,1
Blake Hinson,Mo Bamba,UTA,0,1,0,0,0,1,1,0,1
Garrison Mathews,Jeremiah Robinson-Earl,IND,0,1,0,0,0,1,1,0,1
Michael Porter Jr.,Ochai Agbaji,BKN,1,0,1,0,0,0,1,0,1
Jahmai Mashack,John Konchar,MEM,0,1,0,0,0,1,1,0,1
Buddy Boeheim,Jaylin Williams,OKC,0,1,0,0,0,1,1,0,1
Drew Timme,Luka Dončić,LAL,0,1,0,0,0,1,1,0,1
Cam Whitmore,Malaki Branham,WAS,0,1,0,1,0,0,1,0,1
Buddy Hield,Caleb Houstan,ATL,1,0,1,0,0,0,1,0,1
Ethan Thompson,Garrison Mathews,IND,1,0,0,0,1,0,1,0,1
Andrew Nembhard,Ivica Zubac,IND,1,0,1,0,0,0,1,0,1
Justin Edwards,Paul George,PHI,0,1,0,0,0,1,1,0,1
De'Anthony Melton,Jonathan Kuminga,GSW,1,0,1,0,0,0,1,0,1
Omer Yurtseven,Pat Spencer,GSW,1,0,0,0,1,0,1,0,1
Ariel Hukporti,Trey Jemison III,NYK,0,1,0,1,0,0,1,0,1
Ariel Hukporti,Landry Shamet,NYK,1,0,0,0,1,0,1,0,1
Coby White,Xavier Tillman,CHA,0,1,0,0,0,1,1,0,1
Clint Capela,Jeff Green,HOU,1,0,0,0,1,0,1,0,1
Davion Mitchell,Keshad Johnson,MIA,1,0,1,0,0,0,1,0,1
Jaylen Clark,Kyle Anderson,MIN,0,1,0,0,0,1,1,0,1
Craig Porter Jr.,Max Strus,CLE,0,1,0,0,0,1,1,0,1
Kevin McCullar Jr.,Pacôme Dadiet,NYK,0,1,0,1,0,0,1,0,1
Moussa Cisse,Tyus Jones,DAL,0,1,0,1,0,0,1,0,1
Jonathan Kuminga,Seth Curry,GSW,1,0,1,0,0,0,1,0,1
Buddy Hield,Keaton Wallace,ATL,1,0,0,0,1,0,1,0,1
Ja'Kobe Walter,Ochai Agbaji,TOR,1,0,1,0,0,0,1,0,1
Dwight Powell,Marvin Bagley III,DAL,0,1,0,1,0,0,1,0,1
Christian Koloko,Corey Kispert,ATL,1,0,1,0,0,0,1,0,1
Chucky Hepburn,Scottie Barnes,TOR,1,0,1,0,0,0,1,0,1
Ja Morant,Zach Edey,MEM,1,0,1,0,0,0,1,0,1
Javonte Cooke,Yang Hansen,POR,0,1,0,1,0,0,1,0,1
Cooper Flagg,Tyus Jones,DAL,1,0,1,0,0,0,1,0,1
Jonathan Kuminga,Onyeka Okongwu,ATL,1,0,1,0,0,0,1,0,1
Alex Morales,Noah Penda,ORL,1,0,0,0,1,0,1,0,1
Drew Eubanks,Maxime Raynaud,SAC,1,0,1,0,0,0,1,0,1
Clint Capela,Isaiah Crawford,HOU,0,1,0,1,0,0,1,0,1
Davion Mitchell,Dru Smith,MIA,0,1,0,1,0,0,1,0,1
DeAndre Jordan,Derik Queen,NOP,0,1,0,1,0,0,1,0,1
Brooks Barnhizer,Jared McCain,OKC,1,0,0,0,1,0,1,0,1
Carter Bryant,David Jones Garcia,SAS,0,1,0,1,0,0,1,0,1
John Poulakidas,Naji Marshall,DAL,0,1,0,0,0,1,1,0,1
Mark Sears,Pete Nance,MIL,0,1,0,0,0,1,1,0,1
Daeqwon Plowden,Keegan Murray,SAC,0,1,0,0,0,1,1,0,1
Andrew Nembhard,Monté Morris,IND,1,0,0,0,1,0,1,0,1
Antonio Reeves,Mason Plumlee,CHA,0,1,0,0,0,1,1,0,1
Josh Oduro,Micah Peavy,NOP,0,1,0,1,0,0,1,0,1
Isaac Okoro,Mac McClung,CHI,1,0,1,0,0,0,1,0,1
Rayan Rupert,Yang Hansen,POR,0,1,0,0,0,1,1,0,1
Jalen Brunson,Trey Jemison III,NYK,0,1,0,1,0,0,1,0,1
Isaiah Hartenstein,Nikola Topić,OKC,0,1,0,1,0,0,1,0,1
Ayo Dosunmu,Jaylen Clark,MIN,1,0,0,0,1,0,1,0,1
Nate Williams,Will Richard,GSW,1,0,1,0,0,0,1,0,1
Nick Richards,Patrick Williams,CHI,0,1,0,1,0,0,1,0,1
Guerschon Yabusele,Trey Jemison III,NYK,1,0,1,0,0,0,1,0,1
David Jones Garcia,Keldon Johnson,SAS,1,0,0,0,1,0,1,0,1
Bobi Klintman,Cade Cunningham,DET,0,1,0,0,0,1,1,0,1
Cam Thomas,Gary Harris,MIL,0,1,0,1,0,0,1,0,1
Ben Sheppard,Mac McClung,IND,1,0,1,0,0,0,1,0,1
Amari Williams,Jaylen Brown,BOS,1,0,0,0,1,0,1,0,1
Kris Dunn,Yanic Konan Niederhäuser,LAC,1,0,1,0,0,0,1,0,1
Karl-Anthony Towns,Kevin McCullar Jr.,NYK,1,0,1,0,0,0,1,0,1
Toby Okani,Walter Clayton Jr.,MEM,0,1,0,0,0,1,1,0,1
Mac McClung,Quenton Jackson,IND,1,0,1,0,0,0,1,0,1
Kevin Huerter,Yuki Kawamura,CHI,0,1,0,1,0,0,1,0,1
Julian Strawther,Peyton Watson,DEN,1,0,1,0,0,0,1,0,1
Isaiah Jackson,Sean Pedulla,LAC,0,1,0,1,0,0,1,0,1
Jalen Pickett,Tyus Jones,DEN,0,1,0,0,0,1,1,0,1
Jalen Smith,Julian Phillips,CHI,1,0,1,0,0,0,1,0,1
Charles Bassey,Seth Curry,GSW,0,1,0,1,0,0,1,0,1
Andersson Garcia,Blake Hinson,UTA,1,0,1,0,0,0,1,0,1
Matisse Thybulle,Shaedon Sharpe,POR,1,0,0,0,1,0,1,0,1
Kristaps Porziņģis,Moses Moody,GSW,1,0,0,0,1,0,1,0,1
Isaac Okoro,Jevon Carter,CHI,0,1,0,0,0,1,1,0,1
Jaylon Tyson,Luke Travers,CLE,0,1,0,0,0,1,1,0,1
Joe Ingles,Mike Conley,MIN,0,1,0,1,0,0,1,0,1
Lindy Waters III,Luke Kornet,SAS,1,0,1,0,0,0,1,0,1
Bronny James,Deandre Ayton,LAL,1,0,1,0,0,0,1,0,1
Julian Phillips,Kevin Huerter,CHI,1,0,0,0,1,0,1,0,1
Adem Bona,Jabari Walker,PHI,0,1,0,1,0,0,1,0,1
Brandon Williams,Miles Kelly,DAL,1,0,0,0,1,0,1,0,1
Keldon Johnson,Mason Plumlee,SAS,0,1,0,1,0,0,1,0,1
Chris Youngblood,Kris Murray,POR,1,0,1,0,0,0,1,0,1
Cam Christie,Jahmyl Telfort,LAC,0,1,0,0,0,1,1,0,1
JD Davison,Reed Sheppard,HOU,0,1,0,0,0,1,1,0,1
Baylor Scheierman,Charles Bassey,BOS,1,0,1,0,0,0,1,0,1
E.J. Liddell,Josh Minott,BKN,1,0,0,0,1,0,1,0,1
Alex Sarr,Anthony Gill,WAS,1,0,1,0,0,0,1,0,1
Pete Nance,Thanasis Antetokounmpo,MIL,0,1,0,0,0,1,1,0,1
AJ Green,Amir Coffey,MIL,1,0,1,0,0,0,1,0,1
Collin Sexton,Mac McClung,CHI,0,1,0,1,0,0,1,0,1
Liam McNeeley,Xavier Tillman,CHA,0,1,0,0,0,1,1,0,1
Keshad Johnson,Nikola Jović,MIA,0,1,0,1,0,0,1,0,1
Killian Hayes,Patrick Baldwin Jr.,SAC,1,0,0,0,1,0,1,0,1
Killian Hayes,Russell Westbrook,SAC,0,1,0,1,0,0,1,0,1
Gary Payton II,Malevy Leons,GSW,0,1,0,1,0,0,1,0,1
Jaden Hardy,Julian Reese,WAS,0,1,0,1,0,0,1,0,1
Devin Carter,Zach LaVine,SAC,0,1,0,1,0,0,1,0,1
Anthony Edwards,Johnny Juzang,MIN,1,0,0,0,1,0,1,0,1
DeJon Jarreau,Jahmai Mashack,MEM,1,0,1,0,0,0,1,0,1
Grayson Allen,Khaman Maluach,PHX,1,0,1,0,0,0,1,0,1
Bradley Beal,Brook Lopez,LAC,1,0,1,0,0,0,1,0,1
Ben Sheppard,Jeremiah Robinson-Earl,IND,1,0,1,0,0,0,1,0,1
CJ Huntley,Jamaree Bouyea,PHX,0,1,0,1,0,0,1,0,1
Larry Nance Jr.,Thomas Bryant,CLE,1,0,0,0,1,0,1,0,1
Johnny Furphy,RayJ Dennis,IND,0,1,0,1,0,0,1,0,1
Jrue Holiday,Yang Hansen,POR,1,0,1,0,0,0,1,0,1
Khris Middleton,Tyler Smith,DAL,1,0,0,0,1,0,1,0,1
Kobe Bufkin,Rui Hachimura,LAL,1,0,1,0,0,0,1,0,1
Jacob Toppin,Zaccharie Risacher,ATL,0,1,0,1,0,0,1,0,1
Dennis Schröder,Isaac Jones,SAC,0,1,0,1,0,0,1,0,1
Jamir Watkins,Kadary Richmond,WAS,0,1,0,1,0,0,1,0,1
Liam McNeeley,Pat Connaughton,CHA,1,0,1,0,0,0,1,0,1
Ivica Zubac,Jalen Slawson,IND,0,1,0,1,0,0,1,0,1
Amir Coffey,Royce O'Neale,PHX,1,0,0,0,1,0,1,0,1
Chris Paul,James Harden,LAC,1,0,0,0,1,0,1,0,1
Amen Thompson,Jeff Green,HOU,1,0,1,0,0,0,1,0,1
Bobi Klintman,Kevin Huerter,DET,0,1,0,0,0,1,1,0,1
Al Horford,Quinten Post,GSW,0,1,0,0,0,1,1,0,1
Harrison Ingram,Stanley Umude,SAS,0,1,0,1,0,0,1,0,1
Ariel Hukporti,Josh Hart,NYK,1,0,1,0,0,0,1,0,1
Caleb Houstan,Dyson Daniels,ATL,0,1,0,0,0,1,1,0,1
Brandon Williams,Dereck Lively II,DAL,1,0,1,0,0,0,1,0,1
Christian Koloko,Jaren Jackson Jr.,MEM,1,0,1,0,0,0,1,0,1
Jake LaRavia,Kobe Bufkin,LAL,1,0,1,0,0,0,1,0,1
De'Anthony Melton,LJ Cryer,GSW,0,1,0,0,0,1,1,0,1
Cam Thomas,Taurean Prince,MIL,1,0,0,0,1,0,1,0,1
Elijah Harkless,Mo Bamba,UTA,1,0,1,0,0,0,1,0,1
Ryan Rollins,Thanasis Antetokounmpo,MIL,0,1,0,0,0,1,1,0,1
Cedric Coward,Charles Bassey,MEM,0,1,0,1,0,0,1,0,1
Amir Coffey,Myles Turner,MIL,0,1,0,0,0,1,1,0,1
Brandon Miller,Mason Plumlee,CHA,1,0,1,0,0,0,1,0,1
Collin Sexton,Mason Plumlee,CHA,1,0,1,0,0,0,1,0,1
Maxime Raynaud,Patrick Baldwin Jr.,SAC,0,1,0,1,0,0,1,0,1
Tyson Etienne,Ziaire Williams,BKN,0,1,0,0,0,1,1,0,1
Dariq Whitehead,Toby Okani,MEM,0,1,0,0,0,1,1,0,1
John Poulakidas,Khris Middleton,DAL,0,1,0,0,0,1,1,0,1
Alijah Martin,Jamison Battle,TOR,1,0,1,0,0,0,1,0,1
Javonte Cooke,Jerami Grant,POR,0,1,0,1,0,0,1,0,1
Keshad Johnson,Trevor Keels,MIA,1,0,0,0,1,0,1,0,1
Dillon Brooks,Rasheer Fleming,PHX,0,1,0,0,0,1,1,0,1
Jamir Watkins,Julian Reese,WAS,1,0,1,0,0,0,1,0,1
Eric Gordon,Jabari Walker,PHI,1,0,1,0,0,0,1,0,1
Curtis Jones,Hunter Tyson,DEN,1,0,1,0,0,0,1,0,1
GG Jackson,Lucas Williamson,MEM,0,1,0,1,0,0,1,0,1
Colin Castleton,Jamal Cain,ORL,1,0,1,0,0,0,1,0,1
Gary Payton II,Nate Williams,GSW,1,0,1,0,0,0,1,0,1
Kobe Brown,TyTy Washington Jr.,LAC,1,0,1,0,0,0,1,0,1
Dereck Lively II,Max Christie,DAL,0,1,0,1,0,0,1,0,1
Devin Booker,Haywood Highsmith,PHX,1,0,0,0,1,0,1,0,1
Scottie Barnes,Trayce Jackson-Davis,TOR,0,1,0,1,0,0,1,0,1
Coby White,Liam McNeeley,CHA,1,0,1,0,0,0,1,0,1
Malachi Smith,Ziaire Williams,BKN,1,0,1,0,0,0,1,0,1
Chaz Lanier,Tobias Harris,DET,0,1,0,0,0,1,1,0,1
Gui Santos,Omer Yurtseven,GSW,1,0,1,0,0,0,1,0,1
Harrison Ingram,Kelly Olynyk,SAS,1,0,1,0,0,0,1,0,1
Kobe Brown,Patrick Baldwin Jr.,LAC,1,0,0,0,1,0,1,0,1
Alex Antetokounmpo,Cormac Ryan,MIL,0,1,0,1,0,0,1,0,1
Caleb Houstan,Onyeka Okongwu,ATL,0,1,0,1,0,0,1,0,1
Drew Timme,Marcus Smart,LAL,1,0,1,0,0,0,1,0,1
Anfernee Simons,Yuki Kawamura,CHI,1,0,0,0,1,0,1,0,1
Anfernee Simons,Chris Boucher,BOS,0,1,0,0,0,1,1,0,1
AJ Johnson,Moussa Cisse,DAL,1,0,1,0,0,0,1,0,1
Collin Murray-Boyles,Jakob Poeltl,TOR,1,0,1,0,0,0,1,0,1
Jordan Goodwin,Khaman Maluach,PHX,1,0,1,0,0,0,1,0,1
Kevin McCullar Jr.,Mitchell Robinson,NYK,1,0,1,0,0,0,1,0,1
Dalen Terry,Isaac Okoro,CHI,1,0,1,0,0,0,1,0,1
Jared McCain,Luguentz Dort,OKC,1,0,0,0,1,0,1,0,1
AJ Johnson,Anthony Gill,WAS,1,0,0,0,1,0,1,0,1
AJ Johnson,Tyus Jones,DAL,1,0,1,0,0,0,1,0,1
Emanuel Miller,Lachlan Olbrich,CHI,0,1,0,0,0,1,1,0,1
Bismack Biyombo,Lindy Waters III,SAS,0,1,0,1,0,0,1,0,1
Bismack Biyombo,Harrison Barnes,SAS,1,0,0,0,1,0,1,0,1
Joan Beringer,Mike Conley,MIN,1,0,0,0,1,0,1,0,1
Javonte Cooke,Robert Williams III,POR,1,0,1,0,0,0,1,0,1
Dariq Whitehead,GG Jackson,MEM,1,0,1,0,0,0,1,0,1
Guerschon Yabusele,Mac McClung,CHI,0,1,0,0,0,1,1,0,1
Dalen Terry,Quentin Grimes,PHI,0,1,0,0,0,1,1,0,1
Anfernee Simons,Collin Sexton,CHI,1,0,1,0,0,0,1,0,1
Drew Peterson,Kon Knueppel,CHA,1,0,1,0,0,0,1,0,1
Alex Morales,Colin Castleton,ORL,1,0,1,0,0,0,1,0,1
Gui Santos,Jonathan Kuminga,GSW,0,1,0,0,0,1,1,0,1
Antonio Reeves,Josh Green,CHA,0,1,0,0,0,1,1,0,1
Adama Bal,Taylor Hendricks,MEM,1,0,0,0,1,0,1,0,1
Jericho Sims,Thanasis Antetokounmpo,MIL,1,0,1,0,0,0,1,0,1
Joe Ingles,Rob Dillingham,MIN,1,0,0,0,1,0,1,0,1
Caleb Martin,Moussa Cisse,DAL,1,0,1,0,0,0,1,0,1
Bruce Brown,Tyus Jones,DEN,0,1,0,0,0,1,1,0,1
Asa Newell,Jacob Toppin,ATL,1,0,1,0,0,0,1,0,1
Cedric Coward,DeJon Jarreau,MEM,0,1,0,1,0,0,1,0,1
Trae Young,Tristan Vukcevic,WAS,0,1,0,1,0,0,1,0,1
Jaren Jackson Jr.,Kyle Filipowski,UTA,0,1,0,0,0,1,1,0,1
Elijah Harkless,Jusuf Nurkić,UTA,0,1,0,0,0,1,1,0,1
Ausar Thompson,Bobi Klintman,DET,1,0,1,0,0,0,1,0,1
Christian Koloko,Olivier-Maxence Prosper,MEM,1,0,0,0,1,0,1,0,1
A.J. Lawson,Jonathan Mogbo,TOR,0,1,0,0,0,1,1,0,1
Duop Reath,Jerami Grant,POR,0,1,0,0,0,1,1,0,1
Hunter Sallis,Johni Broome,PHI,0,1,0,1,0,0,1,0,1
Josh Minott,Sam Hauser,BOS,0,1,0,0,0,1,1,0,1
Brice Sensabaugh,Mo Bamba,UTA,1,0,1,0,0,0,1,0,1
Cam Spencer,Christian Koloko,MEM,0,1,0,0,0,1,1,0,1
DeAndre Jordan,Jordan Hawkins,NOP,0,1,0,1,0,0,1,0,1
Bismack Biyombo,Riley Minix,SAS,0,1,0,1,0,0,1,0,1
Jordan Hawkins,Kevon Looney,NOP,0,1,0,1,0,0,1,0,1
Antonio Reeves,Kon Knueppel,CHA,0,1,0,0,0,1,1,0,1
Dario Šarić,Zach LaVine,SAC,1,0,0,0,1,0,1,0,1
Guerschon Yabusele,OG Anunoby,NYK,0,1,0,0,0,1,1,0,1
Jeremiah Robinson-Earl,Miles Kelly,DAL,1,0,0,0,1,0,1,0,1
Olivier-Maxence Prosper,PJ Hall,MEM,1,0,1,0,0,0,1,0,1
Guerschon Yabusele,Pacôme Dadiet,NYK,1,0,1,0,0,0,1,0,1
Javonte Green,Tolu Smith,DET,0,1,0,0,0,1,1,0,1
John Tonje,Jordan Walsh,BOS,1,0,0,0,1,0,1,0,1
Alex Antetokounmpo,Thanasis Antetokounmpo,MIL,1,0,1,0,0,0,1,0,1
AJ Johnson,Sharife Cooper,WAS,1,0,0,0,1,0,1,0,1
Alondes Williams,Will Riley,WAS,0,1,0,1,0,0,1,0,1
Keshad Johnson,Tyler Herro,MIA,0,1,0,1,0,0,1,0,1
Cody Martin,Monté Morris,IND,1,0,0,0,1,0,1,0,1
Marvin Bagley III,Tyler Smith,DAL,0,1,0,1,0,0,1,0,1
AJ Johnson,Marvin Bagley III,DAL,1,0,0,0,1,0,1,0,1
Brandin Podziemski,Charles Bassey,GSW,1,0,1,0,0,0,1,0,1
Jevon Carter,Kevin Huerter,CHI,0,1,0,1,0,0,1,0,1
Isaiah Crawford,Kevin Durant,HOU,1,0,1,0,0,0,1,0,1
Ethan Thompson,James Wiseman,IND,0,1,0,0,0,1,1,0,1
Asa Newell,Kristaps Porziņģis,ATL,1,0,0,0,1,0,1,0,1
David Jones Garcia,Harrison Ingram,SAS,1,0,0,0,1,0,1,0,1
GG Jackson,Tyler Burton,MEM,1,0,1,0,0,0,1,0,1
Max Christie,Tyler Smith,DAL,1,0,0,0,1,0,1,0,1
Bobi Klintman,Daniss Jenkins,DET,1,0,1,0,0,0,1,0,1
Elijah Harkless,Walker Kessler,UTA,1,0,0,0,1,0,1,0,1
Dru Smith,Jahmir Young,MIA,1,0,1,0,0,0,1,0,1
Grant Nelson,Josh Minott,BKN,0,1,0,1,0,0,1,0,1
Isaiah Jackson,Obi Toppin,IND,0,1,0,1,0,0,1,0,1
Charles Bassey,Nate Williams,GSW,0,1,0,1,0,0,1,0,1
Duop Reath,Kris Murray,POR,0,1,0,1,0,0,1,0,1
E.J. Liddell,Tyrese Martin,BKN,0,1,0,0,0,1,1,0,1
KJ Simpson,Spencer Jones,DEN,1,0,0,0,1,0,1,0,1
Jabari Smith Jr.,Jeff Green,HOU,1,0,1,0,0,0,1,0,1
Eric Gordon,Joel Embiid,PHI,0,1,0,0,0,1,1,0,1
Cole Anthony,Kevin Porter Jr.,MIL,0,1,0,0,0,1,1,0,1
Cody Williams,Vince Williams Jr.,UTA,1,0,0,0,1,0,1,0,1
Kyle Lowry,VJ Edgecombe,PHI,1,0,1,0,0,0,1,0,1
David Jones Garcia,Julian Champagnie,SAS,1,0,1,0,0,0,1,0,1
Markelle Fultz,RJ Barrett,TOR,1,0,1,0,0,0,1,0,1
Brandon Ingram,Chucky Hepburn,TOR,0,1,0,0,0,1,1,0,1
PJ Hall,Tre Mann,CHA,1,0,0,0,1,0,1,0,1
Jordan Miller,Sean Pedulla,LAC,1,0,0,0,1,0,1,0,1
AJ Johnson,Daniel Gafford,DAL,1,0,1,0,0,0,1,0,1
Jaylen Clark,Leonard Miller,MIN,1,0,1,0,0,0,1,0,1
Malachi Smith,Noah Clowney,BKN,1,0,0,0,1,0,1,0,1
DaRon Holmes II,David Roddy,DEN,0,1,0,1,0,0,1,0,1
Cameron Johnson,Tyus Jones,DEN,0,1,0,0,0,1,1,0,1
De'Andre Hunter,Domantas Sabonis,SAC,0,1,0,1,0,0,1,0,1
Derik Queen,Trey Alexander,NOP,1,0,0,0,1,0,1,0,1
Kyle Lowry,MarJon Beauchamp,PHI,1,0,0,0,1,0,1,0,1
Jonathan Kuminga,Mouhamed Gueye,ATL,1,0,0,0,1,0,1,0,1
Jahmir Young,Keshad Johnson,MIA,1,0,1,0,0,0,1,0,1
Khris Middleton,Miles Kelly,DAL,0,1,0,1,0,0,1,0,1
Taylor Hendricks,Tyler Burton,MEM,1,0,0,0,1,0,1,0,1
Jose Alvarado,Pacôme Dadiet,NYK,1,0,1,0,0,0,1,0,1
Jaxson Hayes,Nick Smith Jr.,LAL,0,1,0,1,0,0,1,0,1
Hunter Dickinson,Jeremiah Fears,NOP,0,1,0,1,0,0,1,0,1
Cam Spencer,Charles Bassey,MEM,0,1,0,0,0,1,1,0,1
Day'Ron Sharpe,E.J. Liddell,BKN,1,0,1,0,0,0,1,0,1
Kobe Brown,Nicolas Batum,LAC,0,1,0,0,0,1,1,0,1
Jarrett Allen,Larry Nance Jr.,CLE,0,1,0,1,0,0,1,0,1
Bennedict Mathurin,Tony Bradley,IND,0,1,0,0,0,1,1,0,1
Chris Livingston,Donovan Mitchell,CLE,0,1,0,1,0,0,1,0,1
David Roddy,Jalen Pickett,DEN,1,0,0,0,1,0,1,0,1
Chet Holmgren,Nikola Topić,OKC,0,1,0,1,0,0,1,0,1
Javon Small,Toby Okani,MEM,1,0,1,0,0,0,1,0,1
Dalano Banton,Jordan Walsh,BOS,1,0,0,0,1,0,1,0,1
Jordan Walsh,Xavier Tillman,BOS,1,0,1,0,0,0,1,0,1
Alex Morales,Jamal Cain,ORL,1,0,1,0,0,0,1,0,1
Brandon Miller,Xavier Tillman,CHA,0,1,0,1,0,0,1,0,1
Bradley Beal,Cam Christie,LAC,1,0,1,0,0,0,1,0,1
De'Anthony Melton,Trayce Jackson-Davis,GSW,0,1,0,0,0,1,1,0,1
Curtis Jones,DaRon Holmes II,DEN,1,0,0,0,1,0,1,0,1
Joan Beringer,Johnny Juzang,MIN,0,1,0,1,0,0,1,0,1
Khaman Maluach,Nick Richards,PHX,0,1,0,1,0,0,1,0,1
Kadary Richmond,Tristan Vukcevic,WAS,1,0,1,0,0,0,1,0,1
Dalen Terry,Kyle Lowry,PHI,1,0,0,0,1,0,1,0,1
Donte DiVincenzo,Julian Phillips,MIN,0,1,0,0,0,1,1,0,1
Amir Coffey,Devin Booker,PHX,0,1,0,0,0,1,1,0,1
Brandon Williams,Tyus Jones,DAL,0,1,0,0,0,1,1,0,1
DaRon Holmes II,Tyus Jones,DEN,0,1,0,1,0,0,1,0,1
Jahmir Young,Simone Fontecchio,MIA,1,0,0,0,1,0,1,0,1
Jahmai Mashack,Lawson Lovering,MEM,0,1,0,1,0,0,1,0,1
Hunter Tyson,Peyton Watson,DEN,1,0,0,0,1,0,1,0,1
Hunter Tyson,Nikola Jokić,DEN,1,0,1,0,0,0,1,0,1
Bobi Klintman,Colby Jones,DET,0,1,0,1,0,0,1,0,1
Mike Conley,Zyon Pullin,MIN,1,0,1,0,0,0,1,0,1
John Konchar,Olivier-Maxence Prosper,MEM,0,1,0,0,0,1,1,0,1
Corey Kispert,Jamir Watkins,WAS,1,0,1,0,0,0,1,0,1
Bilal Coulibaly,Cam Whitmore,WAS,1,0,0,0,1,0,1,0,1
Collin Murray-Boyles,Markelle Fultz,TOR,0,1,0,1,0,0,1,0,1
Keaton Wallace,N'Faly Dante,ATL,1,0,1,0,0,0,1,0,1
Dominick Barlow,Hunter Sallis,PHI,0,1,0,0,0,1,1,0,1
Keon Ellis,Nae'Qwan Tomlin,CLE,1,0,1,0,0,0,1,0,1
Jeremiah Robinson-Earl,RayJ Dennis,IND,0,1,0,1,0,0,1,0,1
Andersson Garcia,Isaiah Collier,UTA,1,0,0,0,1,0,1,0,1
Olivier-Maxence Prosper,Taj Gibson,MEM,1,0,1,0,0,0,1,0,1
Jabari Walker,Johni Broome,PHI,0,1,0,1,0,0,1,0,1
Donte DiVincenzo,Joe Ingles,MIN,0,1,0,1,0,0,1,0,1
Andre Drummond,Dalen Terry,PHI,0,1,0,1,0,0,1,0,1
Joan Beringer,Julian Phillips,MIN,1,0,1,0,0,0,1,0,1
Darius Garland,Nicolas Batum,LAC,1,0,0,0,1,0,1,0,1
Dennis Schröder,Devin Carter,SAC,1,0,0,0,1,0,1,0,1
John Poulakidas,Tyler Smith,DAL,0,1,0,0,0,1,1,0,1
Kevin McCullar Jr.,Miles McBride,NYK,1,0,0,0,1,0,1,0,1
John Collins,Kobe Brown,LAC,0,1,0,1,0,0,1,0,1
Ariel Hukporti,Pacôme Dadiet,NYK,0,1,0,1,0,0,1,0,1
Kobe Bufkin,Maxi Kleber,LAL,0,1,0,0,0,1,1,0,1
AJ Johnson,Caleb Martin,DAL,1,0,1,0,0,0,1,0,1
Norchad Omier,TyTy Washington Jr.,LAC,0,1,0,1,0,0,1,0,1
DeAndre Jordan,Jordan Poole,NOP,0,1,0,1,0,0,1,0,1
Isaiah Collier,Vince Williams Jr.,UTA,1,0,0,0,1,0,1,0,1
Pat Connaughton,Tidjane Salaün,CHA,0,1,0,0,0,1,1,0,1
Blake Hinson,Vince Williams Jr.,UTA,0,1,0,0,0,1,1,0,1
Alijah Martin,Trayce Jackson-Davis,TOR,0,1,0,0,0,1,1,0,1
Jordan Hawkins,Josh Oduro,NOP,1,0,1,0,0,0,1,0,1
Brandon Miller,Pat Connaughton,CHA,1,0,0,0,1,0,1,0,1
Gradey Dick,Markelle Fultz,TOR,0,1,0,1,0,0,1,0,1
Dalen Terry,Zach Collins,CHI,0,1,0,1,0,0,1,0,1
Andersson Garcia,John Konchar,UTA,1,0,1,0,0,0,1,0,1
D'Angelo Russell,Dwight Powell,DAL,0,1,0,1,0,0,1,0,1
Kristaps Porziņģis,Malevy Leons,GSW,1,0,0,0,1,0,1,0,1
Day'Ron Sharpe,Tyson Etienne,BKN,1,0,0,0,1,0,1,0,1
Craig Porter Jr.,Luke Travers,CLE,0,1,0,1,0,0,1,0,1
Mason Plumlee,Pat Connaughton,CHA,0,1,0,1,0,0,1,0,1
Jonathan Mogbo,RJ Barrett,TOR,1,0,0,0,1,0,1,0,1
Javonte Cooke,Shaedon Sharpe,POR,1,0,1,0,0,0,1,0,1
Gary Harris,Ousmane Dieng,MIL,1,0,1,0,0,0,1,0,1
Devin Vassell,Lindy Waters III,SAS,1,0,0,0,1,0,1,0,1
Jett Howard,Orlando Robinson,ORL,0,1,0,1,0,0,1,0,1
Julian Phillips,Lachlan Olbrich,CHI,0,1,0,0,0,1,1,0,1
Larry Nance Jr.,Max Strus,CLE,0,1,0,1,0,0,1,0,1
Deni Avdija,Yang Hansen,POR,0,1,0,1,0,0,1,0,1
Jahmir Young,Trevor Keels,MIA,1,0,0,0,1,0,1,0,1
Jaden Hardy,Moussa Cisse,DAL,1,0,1,0,0,0,1,0,1
Ayo Dosunmu,Emanuel Miller,CHI,1,0,1,0,0,0,1,0,1
Alex Sarr,Sharife Cooper,WAS,1,0,0,0,1,0,1,0,1
James Wiseman,Kam Jones,IND,1,0,0,0,1,0,1,0,1
Malevy Leons,Quinten Post,GSW,1,0,1,0,0,0,1,0,1
Markelle Fultz,Scottie Barnes,TOR,0,1,0,1,0,0,1,0,1
Cam Whitmore,Justin Champagnie,WAS,0,1,0,1,0,0,1,0,1
Lachlan Olbrich,Matas Buzelis,CHI,1,0,1,0,0,0,1,0,1
Josh Minott,Trevon Scott,BKN,0,1,0,0,0,1,1,0,1
Jarace Walker,Mac McClung,IND,1,0,1,0,0,0,1,0,1
Brandon Williams,Tyler Smith,DAL,1,0,0,0,1,0,1,0,1
Monté Morris,Pascal Siakam,IND,1,0,0,0,1,0,1,0,1
Liam McNeeley,Tidjane Salaün,CHA,1,0,0,0,1,0,1,0,1
Charles Bassey,Payton Pritchard,BOS,0,1,0,1,0,0,1,0,1
Darius Garland,Larry Nance Jr.,CLE,1,0,1,0,0,0,1,0,1
Antonio Reeves,Pat Connaughton,CHA,0,1,0,0,0,1,1,0,1
Monté Morris,RayJ Dennis,IND,1,0,1,0,0,0,1,0,1
Devin Carter,Drew Eubanks,SAC,1,0,1,0,0,0,1,0,1
Noah Clowney,Ochai Agbaji,BKN,0,1,0,1,0,0,1,0,1
John Konchar,Zach Edey,MEM,1,0,1,0,0,0,1,0,1
Harrison Barnes,Lindy Waters III,SAS,1,0,0,0,1,0,1,0,1
Christian Braun,Jonas Valančiūnas,DEN,1,0,0,0,1,0,1,0,1
GG Jackson,Ja Morant,MEM,0,1,0,0,0,1,1,0,1
Jordan Clarkson,Trey Jemison III,NYK,1,0,1,0,0,0,1,0,1
Bismack Biyombo,Dylan Harper,SAS,1,0,0,0,1,0,1,0,1
Amen Thompson,Isaiah Crawford,HOU,1,0,0,0,1,0,1,0,1
Chris Livingston,Jaylon Tyson,CLE,1,0,1,0,0,0,1,0,1
CJ McCollum,Gabe Vincent,ATL,0,1,0,1,0,0,1,0,1
Drake Powell,Josh Minott,BKN,1,0,0,0,1,0,1,0,1
A.J. Lawson,Brandon Ingram,TOR,0,1,0,0,0,1,1,0,1
Eric Gordon,Johni Broome,PHI,0,1,0,1,0,0,1,0,1
Dwight Powell,Jeremiah Robinson-Earl,DAL,1,0,1,0,0,0,1,0,1
Amari Williams,Baylor Scheierman,BOS,0,1,0,1,0,0,1,0,1
Ariel Hukporti,Dillon Jones,NYK,0,1,0,1,0,0,1,0,1
Dereck Lively II,Jaden Hardy,DAL,1,0,1,0,0,0,1,0,1
Christian Koloko,Vince Williams Jr.,MEM,1,0,0,0,1,0,1,0,1
Emanuel Miller,Tre Jones,CHI,1,0,1,0,0,0,1,0,1
Brooks Barnhizer,Buddy Boeheim,OKC,1,0,0,0,1,0,1,0,1
AJ Green,Thanasis Antetokounmpo,MIL,0,1,0,0,0,1,1,0,1
Eric Gordon,Kelly Oubre Jr.,PHI,0,1,0,1,0,0,1,0,1
Alijah Martin,Brandon Ingram,TOR,0,1,0,1,0,0,1,0,1
Elijah Harkless,Walter Clayton Jr.,UTA,0,1,0,0,0,1,1,0,1
James Wiseman,Obi Toppin,IND,0,1,0,1,0,0,1,0,1
Mac McClung,Tony Bradley,IND,0,1,0,1,0,0,1,0,1
Amir Coffey,Mark Sears,MIL,0,1,0,0,0,1,1,0,1
Johni Broome,Justin Edwards,PHI,1,0,1,0,0,0,1,0,1
Dalen Terry,Dominick Barlow,PHI,1,0,1,0,0,0,1,0,1
Kobe Sanders,TyTy Washington Jr.,LAC,0,1,0,1,0,0,1,0,1
Bogdan Bogdanović,Isaiah Jackson,LAC,1,0,1,0,0,0,1,0,1
Dillon Jones,Mohamed Diawara,NYK,1,0,0,0,1,0,1,0,1
DaQuan Jeffries,Dylan Cardwell,SAC,0,1,0,0,0,1,1,0,1
Brandon Clarke,Cedric Coward,MEM,0,1,0,1,0,0,1,0,1
Asa Newell,CJ McCollum,ATL,0,1,0,1,0,0,1,0,1
Khris Middleton,Tristan Vukcevic,WAS,1,0,0,0,1,0,1,0,1
Ben Sheppard,Ivica Zubac,IND,0,1,0,1,0,0,1,0,1
Javonte Cooke,Kris Murray,POR,1,0,1,0,0,0,1,0,1
Kobe Bufkin,LeBron James,LAL,0,1,0,0,0,1,1,0,1
Anthony Gill,Trae Young,WAS,0,1,0,1,0,0,1,0,1
Mac McClung,Yuki Kawamura,CHI,1,0,0,0,1,0,1,0,1
Julian Champagnie,Lindy Waters III,SAS,1,0,0,0,1,0,1,0,1
Christian Braun,Spencer Jones,DEN,1,0,1,0,0,0,1,0,1
Myles Turner,Pete Nance,MIL,0,1,0,0,0,1,1,0,1
Jamaree Bouyea,Nick Richards,PHX,1,0,1,0,0,0,1,0,1
Jayson Tatum,Ron Harper Jr.,BOS,0,1,0,0,0,1,1,0,1
Isaac Okoro,Yuki Kawamura,CHI,0,1,0,1,0,0,1,0,1
Trevon Scott,Tyson Etienne,BKN,0,1,0,1,0,0,1,0,1
Kris Murray,Rayan Rupert,POR,0,1,0,1,0,0,1,0,1
Jaden McDaniels,Leonard Miller,MIN,0,1,0,1,0,0,1,0,1
Jeremiah Robinson-Earl,Monté Morris,IND,1,0,1,0,0,0,1,0,1
Jabari Walker,Kyle Lowry,PHI,0,1,0,0,0,1,1,0,1
