player,player_id,age,team,pos,g,gs,mp,g_percent,stl,blk,tov,defensive_fouls,stl_per_36,blk_per_36,tov_per_36,stocks_per_36,def_fouls_per_36,stock_to_def_foul_ratio_per_36,stl_plus_tov_per_36
Precious Achiuwa,achiupr01,26,SAC,C,73,57,1745,0.8902439024390244,65,50,65,115,1.340974212034384,1.031518624641834,1.340974212034384,2.372492836676218,2.3724928366762175,1.0000000000000002,2.681948424068768
Steven Adams,adamsst01,32,HOU,C,32,11,730,0.3902439024390244,22,20,35,46,1.084931506849315,0.9863013698630136,1.7260273972602738,2.0712328767123287,2.2684931506849315,0.9130434782608695,2.810958904109589
Bam Adebayo,adebaba01,28,MIA,C,73,73,2365,0.8902439024390244,86,49,120,113,1.309090909090909,0.7458773784355179,1.8266384778012685,2.0549682875264272,1.7200845665961946,1.1946902654867257,3.1357293868921774
Ochai Agbaji,agbajoc01,25,2TM,SG,62,13,973,0.7560975609756098,24,17,31,89,0.8879753340184995,0.6289825282631037,1.1469681397738951,1.5169578622816031,3.292908530318602,0.46067415730337075,2.034943473792395
Santi Aldama,aldamsa01,25,MEM,PF,43,11,1198,0.524390243902439,37,31,55,64,1.1118530884808013,0.9315525876460768,1.6527545909849748,2.043405676126878,1.9232053422370619,1.0624999999999998,2.764607679465776
Nickeil Alexander-Walker,alexani01,27,ATL,SG,78,71,2603,0.9512195121951219,102,42,162,168,1.4106799846331155,0.580868228966577,2.2404917402996545,1.9915482135996925,2.323472915866308,0.8571428571428571,3.65117172493277
Trey Alexander,alexatr01,22,NOP,SG,9,0,111,0.10975609756097561,6,2,3,13,1.945945945945946,0.6486486486486487,0.972972972972973,2.5945945945945947,4.216216216216216,0.6153846153846155,2.9189189189189193
Grayson Allen,allengr01,30,PHO,SG,51,27,1467,0.6219512195121951,69,13,83,111,1.6932515337423313,0.3190184049079755,2.03680981595092,2.0122699386503067,2.723926380368098,0.7387387387387387,3.7300613496932513
Jarrett Allen,allenja01,27,CLE,C,56,56,1519,0.6829268292682927,55,47,75,82,1.3034891375905202,1.1138907175773536,1.7774851876234365,2.417379855167874,1.9433838051349572,1.2439024390243902,3.0809743252139565
Jose Alvarado,alvarjo01,27,2TM,PG,69,3,1370,0.8414634146341463,66,8,77,124,1.7343065693430657,0.21021897810218976,2.0233576642335764,1.9445255474452554,3.2583941605839417,0.596774193548387,3.757664233576642
Kyle Anderson,anderky01,32,3TM,SF,43,5,853,0.524390243902439,45,26,39,91,1.899179366940211,1.0973036342321218,1.6459554513481829,2.996483001172333,3.840562719812427,0.7802197802197802,3.545134818288394
Alex Antetokounmpo,antetal01,24,MIL,SF,6,0,21,0.07317073170731707,0,1,1,1,0,1.7142857142857142,1.7142857142857142,1.7142857142857142,1.7142857142857142,1,1.7142857142857142
Giannis Antetokounmpo,antetgi01,31,MIL,PF,36,36,1039,0.43902439024390244,34,24,115,59,1.178055822906641,0.8315688161693936,3.9846005774783446,2.0096246390760344,2.0442733397497594,0.9830508474576269,5.162656400384986
Thanasis Antetokounmpo,antetth01,33,MIL,SF,34,0,148,0.4146341463414634,13,6,10,18,3.1621621621621623,1.4594594594594597,2.4324324324324325,4.621621621621622,4.378378378378379,1.0555555555555556,5.594594594594595
Cole Anthony,anthoco01,25,MIL,PG,35,0,527,0.4268292682926829,20,11,65,69,1.366223908918406,0.7514231499051234,4.44022770398482,2.1176470588235294,4.7134724857685,0.44927536231884063,5.806451612903226
OG Anunoby,anunoog01,28,NYK,PF,67,67,2224,0.8170731707317073,104,48,123,150,1.683453237410072,0.7769784172661871,1.9910071942446044,2.460431654676259,2.4280575539568345,1.0133333333333332,3.6744604316546763
Deni Avdija,avdijde01,25,POR,SF,66,66,2199,0.8048780487804879,51,41,253,147,0.834924965893588,0.6712141882673943,4.1418826739427015,1.5061391541609823,2.406548431105048,0.6258503401360543,4.97680763983629
Deandre Ayton,aytonde01,27,LAL,C,72,72,1958,0.8780487804878049,41,70,83,143,0.7538304392236976,1.2870275791624106,1.526046986721144,2.0408580183861083,2.629213483146067,0.7762237762237763,2.2798774259448416
Marvin Bagley III,baglema01,26,2TM,PF,60,12,1201,0.7317073170731707,28,43,61,112,0.839300582847627,1.2889258950874272,1.8284762697751873,2.128226477935054,3.357202331390508,0.6339285714285714,2.667776852622814
Ace Bailey,baileac01,19,UTA,SF,72,61,1988,0.8780487804878049,60,49,107,184,1.0865191146881288,0.8873239436619718,1.937625754527163,1.9738430583501005,3.331991951710261,0.5923913043478262,3.0241448692152915
Adama-Alpha Bal,balad01,22,MEM,SG,8,1,241,0.0975609756097561,9,1,6,26,1.3443983402489625,0.14937759336099585,0.896265560165975,1.4937759336099583,3.8838174273858925,0.3846153846153845,2.240663900414938
Patrick Baldwin Jr.,baldwpa01,23,3TM,SF,9,1,102,0.10975609756097561,3,5,5,14,1.0588235294117647,1.7647058823529411,1.7647058823529411,2.8235294117647056,4.9411764705882355,0.5714285714285714,2.8235294117647056
LaMelo Ball,ballla01,24,CHO,PG,72,69,2017,0.8780487804878049,87,17,202,177,1.5528011898859693,0.3034209221616262,3.605354486861676,1.8562221120475955,3.159147248388696,0.5875706214689266,5.158155676747645
Lonzo Ball,balllo01,28,CLE,PG,35,3,728,0.4268292682926829,45,9,52,44,2.2252747252747254,0.44505494505494503,2.571428571428571,2.6703296703296706,2.1758241758241756,1.2272727272727275,4.7967032967032965
Mo Bamba,bambamo01,27,2TM,C,4,0,44,0.04878048780487805,0,3,2,6,0,2.454545454545454,1.6363636363636365,2.454545454545454,4.909090909090908,0.5,1.6363636363636365
Paolo Banchero,banchpa01,23,ORL,PF,72,72,2502,0.8780487804878049,51,40,222,127,0.7338129496402879,0.5755395683453237,3.194244604316547,1.3093525179856116,1.8273381294964028,0.7165354330708662,3.928057553956835
Desmond Bane,banede01,27,ORL,SG,82,82,2756,1,86,37,164,233,1.123367198838897,0.4833091436865022,2.142235123367199,1.6066763425253991,3.0435413642960816,0.5278969957081545,3.265602322206096
Dalano Banton,bantoda01,26,2TM,PG,6,0,62,0.07317073170731707,2,5,8,2,1.161290322580645,2.903225806451613,4.64516129032258,4.064516129032258,1.161290322580645,3.5000000000000004,5.806451612903225
Dominick Barlow,barlodo01,22,PHI,PF,71,59,1689,0.8658536585365854,63,53,56,141,1.3428063943161632,1.1296625222024868,1.1936056838365896,2.47246891651865,3.005328596802842,0.8226950354609929,2.536412078152753
Harrison Barnes,barneha02,33,SAS,PF,77,52,1986,0.9390243902439024,50,12,61,78,0.9063444108761329,0.2175226586102719,1.105740181268882,1.1238670694864048,1.4138972809667674,0.7948717948717948,2.012084592145015
Scottie Barnes,barnesc01,24,TOR,PF,80,80,2681,0.975609756097561,114,116,210,190,1.5307720999627004,1.557627750839239,2.8198433420365534,3.0883998508019395,2.5512868332711673,1.2105263157894737,4.3506154419992535
Brooks Barnhizer,barnhbr01,23,OKC,SG,40,0,348,0.4878048780487805,11,5,10,25,1.1379310344827587,0.5172413793103449,1.0344827586206897,1.6551724137931036,2.586206896551724,0.64,2.1724137931034484
RJ Barrett,barrerj01,25,TOR,SF,57,57,1726,0.6951219512195121,42,19,99,137,0.8760139049826188,0.3962920046349942,2.064889918887601,1.272305909617613,2.85747392815759,0.4452554744525547,2.9409038238702196
Charles Bassey,bassech01,25,4TM,C,13,0,153,NA,4,11,6,17,0.9411764705882353,2.5882352941176467,1.4117647058823528,3.5294117647058822,4,0.8823529411764706,2.352941176470588
Jamison Battle,battlja01,24,TOR,SF,61,2,517,0.7439024390243902,7,3,19,40,0.4874274661508704,0.20889748549323017,1.323017408123791,0.6963249516441006,2.7852998065764023,0.25,1.8104448742746615
Nicolas Batum,batumni01,37,LAC,PF,74,6,1295,0.9024390243902439,47,23,37,96,1.3065637065637066,0.6393822393822394,1.0285714285714285,1.945945945945946,2.6687258687258684,0.7291666666666669,2.3351351351351353
Bradley Beal,bealbr01,32,LAC,SG,6,6,121,0.07317073170731707,3,0,9,13,0.8925619834710744,0,2.677685950413223,0.8925619834710744,3.8677685950413223,0.23076923076923078,3.5702479338842976
MarJon Beauchamp,beaucma01,25,PHI,SF,14,1,196,0.17073170731707318,9,4,13,12,1.653061224489796,0.7346938775510203,2.3877551020408165,2.387755102040816,2.204081632653061,1.0833333333333333,4.040816326530613
Joan Beringer,berinjo01,19,MIN,PF,40,3,314,0.4878048780487805,7,26,11,45,0.8025477707006369,2.9808917197452227,1.2611464968152866,3.7834394904458595,5.159235668789809,0.7333333333333333,2.0636942675159236
Saddiq Bey,beysa01,26,NOP,SF,72,64,2246,0.8780487804878049,68,7,68,85,1.0899376669634906,0.11219946571682993,1.0899376669634906,1.2021371326803205,1.3624220837043635,0.8823529411764705,2.179875333926981
Goga Bitadze,bitadgo01,26,ORL,C,64,3,972,0.7804878048780488,37,61,43,127,1.3703703703703705,2.2592592592592595,1.5925925925925926,3.6296296296296298,4.703703703703703,0.7716535433070867,2.962962962962963
Bismack Biyombo,biyombi01,33,SAS,C,25,1,141,0.3048780487804878,4,2,8,23,1.0212765957446808,0.5106382978723404,2.0425531914893615,1.5319148936170213,5.872340425531915,0.2608695652173913,3.0638297872340425
Anthony Black,blackan01,22,ORL,PG,64,40,1910,0.7804878048780488,91,45,132,165,1.7151832460732983,0.8481675392670157,2.487958115183246,2.563350785340314,3.109947643979057,0.8242424242424242,4.203141361256544
Leaky Black,blackle01,26,WAS,SF,15,9,433,0.18292682926829268,18,8,14,39,1.4965357967667434,0.6651270207852193,1.163972286374134,2.1616628175519628,3.2424942263279446,0.6666666666666666,2.6605080831408774
Buddy Boeheim,boehebu01,26,OKC,SF,4,0,15,0.04878048780487805,0,0,0,1,0,0,0,0,2.4,0,0
Bogdan Bogdanović,bogdabo01,33,LAC,SG,23,3,452,0.2804878048780488,10,3,27,44,0.7964601769911505,0.23893805309734512,2.150442477876106,1.0353982300884956,3.504424778761062,0.29545454545454547,2.9469026548672566
Adem Bona,bonaad01,22,PHI,C,71,18,1234,0.8658536585365854,30,82,56,133,0.8752025931928687,2.392220421393841,1.633711507293355,3.26742301458671,3.880064829821718,0.8421052631578948,2.5089141004862237
Devin Booker,bookede01,29,PHO,SG,64,64,2146,0.7804878048780488,51,18,201,152,0.8555452003727866,0.3019571295433364,3.3718546132339235,1.157502329916123,2.549860205032619,0.45394736842105254,4.22739981360671
Chris Boucher,bouchch01,33,BOS,PF,9,0,94,0.10975609756097561,5,7,1,16,1.9148936170212767,2.6808510638297873,0.3829787234042553,4.595744680851064,6.127659574468085,0.7500000000000001,2.297872340425532
Jamaree Bouyea,bouyeja01,26,PHO,PG,46,1,644,0.5609756097560976,29,16,30,38,1.6211180124223603,0.8944099378881987,1.6770186335403725,2.5155279503105588,2.124223602484472,1.1842105263157894,3.2981366459627326
Tony Bradley,bradlto01,28,2TM,C,41,4,450,0.5,6,7,18,54,0.48000000000000004,0.5599999999999999,1.44,1.04,4.32,0.24074074074074073,1.92
Malaki Branham,branhma01,22,WAS,SG,28,0,275,0.34146341463414637,10,3,15,20,1.309090909090909,0.39272727272727276,1.9636363636363636,1.701818181818182,2.618181818181818,0.65,3.2727272727272725
Christian Braun,braunch01,24,DEN,SG,44,44,1399,0.5365853658536586,30,12,43,95,0.7719799857040743,0.30879199428162973,1.1065046461758399,1.080771979985704,2.444603288062902,0.4421052631578948,1.8784846318799142
Koby Brea,breako01,23,PHO,SG,12,0,84,0.14634146341463414,1,0,4,6,0.42857142857142855,0,1.7142857142857142,0.42857142857142855,2.571428571428571,0.16666666666666669,2.142857142857143
Mikal Bridges,bridgmi01,29,NYK,SF,82,82,2692,1,107,62,83,158,1.4309063893016343,0.8291233283803864,1.1099554234769688,2.2600297176820208,2.112927191679049,1.0696202531645569,2.540861812778603
Miles Bridges,bridgmi02,27,CHO,PF,77,77,2387,0.9390243902439024,46,34,107,117,0.6937578550481777,0.5127775450356096,1.6137410976120654,1.2065354000837871,1.7645580226225388,0.6837606837606837,2.307498952660243
Dillon Brooks,brookdi01,30,PHO,SF,56,56,1702,0.6829268292682927,57,9,98,163,1.2056404230317272,0.19036427732079908,2.072855464159812,1.3960047003525262,3.4477085781433607,0.40490797546012264,3.2784958871915393
Johni Broome,broomjo01,23,PHI,C,11,0,55,0.13414634146341464,3,2,3,6,1.9636363636363636,1.309090909090909,1.9636363636363636,3.2727272727272725,3.9272727272727272,0.8333333333333333,3.9272727272727272
Bruce Brown,brownbr01,29,DEN,SG,82,4,1998,1,85,20,91,189,1.5315315315315314,0.36036036036036034,1.6396396396396398,1.8918918918918917,3.4054054054054057,0.5555555555555555,3.171171171171171
Darius Brown II,brownda04,26,CLE,SG,1,0,3,0.012195121951219513,0,0,0,0,0,0,0,0,0,NA,0
Jaylen Brown,brownja02,29,BOS,SF,71,71,2443,0.8658536585365854,72,27,259,151,1.0609905853458863,0.39787146950470736,3.816618911174785,1.4588620548505937,2.225133033155956,0.6556291390728478,4.877609496520671
Kobe Brown,brownko01,26,2TM,PF,61,10,963,0.7439024390243902,23,12,53,66,0.8598130841121496,0.4485981308411215,1.9813084112149533,1.3084112149532712,2.467289719626168,0.5303030303030304,2.841121495327103
Jalen Brunson,brunsja01,29,NYK,PG,74,74,2590,0.9024390243902439,57,8,175,162,0.7922779922779922,0.11119691119691119,2.4324324324324325,0.9034749034749034,2.2517374517374518,0.4012345679012346,3.2247104247104246
Carter Bryant,bryanca01,20,SAS,PF,71,0,818,0.8658536585365854,16,23,33,88,0.7041564792176039,1.0122249388753057,1.452322738386308,1.7163814180929098,3.8728606356968216,0.44318181818181823,2.156479217603912
Thomas Bryant,bryanth01,28,CLE,C,60,1,732,0.7317073170731707,18,26,28,67,0.8852459016393442,1.2786885245901638,1.3770491803278688,2.163934426229508,3.295081967213115,0.6567164179104477,2.262295081967213
Kobe Bufkin,bufkiko01,22,LAL,SG,16,1,119,0.1951219512195122,2,3,5,9,0.6050420168067226,0.907563025210084,1.512605042016807,1.5126050420168067,2.7226890756302518,0.5555555555555556,2.1176470588235294
Tyler Burton,burtoty01,25,MEM,SF,12,0,307,0.14634146341463414,11,4,11,31,1.2899022801302933,0.4690553745928339,1.2899022801302933,1.7589576547231272,3.635179153094463,0.4838709677419355,2.5798045602605866
Jimmy Butler,butleji01,36,GSW,SF,38,38,1182,0.4634146341463415,55,8,60,38,1.6751269035532996,0.24365482233502536,1.8274111675126903,1.918781725888325,1.1573604060913705,1.6578947368421055,3.50253807106599
Matas Buzelis,buzelma01,21,CHI,PF,77,77,2248,0.9390243902439024,55,116,159,172,0.8807829181494662,1.8576512455516014,2.5462633451957295,2.7384341637010676,2.7544483985765127,0.9941860465116278,3.4270462633451957
Jamal Cain,cainja01,26,ORL,SF,40,1,486,0.4878048780487805,11,4,19,53,0.8148148148148149,0.29629629629629634,1.4074074074074074,1.1111111111111112,3.925925925925926,0.2830188679245283,2.2222222222222223
Kentavious Caldwell-Pope,caldwke01,32,MEM,SG,51,14,1088,0.6219512195121951,43,8,61,54,1.4227941176470589,0.2647058823529412,2.0183823529411766,1.6875,1.7867647058823528,0.9444444444444445,3.4411764705882355
Toumani Camara,camarto01,25,POR,PF,82,82,2731,1,94,35,144,229,1.2391065543756865,0.461369461735628,1.8982057854265837,1.7004760161113146,3.0186744782131085,0.5633187772925765,3.1373123398022704
Clint Capela,capelca01,31,HOU,C,75,3,926,0.9146341463414634,36,63,41,64,1.3995680345572354,2.449244060475162,1.5939524838012957,3.8488120950323976,2.488120950323974,1.546875,2.9935205183585314
Dylan Cardwell,cardwdy01,24,SAC,C,44,1,907,0.5365853658536586,30,67,39,150,1.1907386990077178,2.659316427783903,1.547960308710033,3.850055126791621,5.953693495038588,0.6466666666666667,2.738699007717751
Branden Carlson,carlsbr01,26,OKC,C,42,4,488,0.5121951219512195,8,27,16,31,0.5901639344262295,1.9918032786885245,1.180327868852459,2.581967213114754,2.2868852459016393,1.129032258064516,1.7704918032786885
Bub Carrington,carrica01,20,WAS,PG,82,48,2271,1,52,17,191,177,0.8243064729194188,0.26948480845442535,3.02774108322325,1.0937912813738442,2.8058124174372523,0.3898305084745763,3.8520475561426686
Devin Carter,cartede02,23,SAC,PG,38,12,700,0.4634146341463415,34,9,54,48,1.7485714285714287,0.46285714285714286,2.777142857142857,2.2114285714285717,2.468571428571429,0.8958333333333334,4.525714285714286
Jevon Carter,carteje01,30,2TM,PG,53,1,867,0.6463414634146342,40,10,36,55,1.6608996539792389,0.4152249134948097,1.4948096885813147,2.0761245674740487,2.283737024221453,0.9090909090909093,3.1557093425605536
Wendell Carter Jr.,cartewe01,26,ORL,C,78,78,2288,0.9512195121951219,60,49,100,240,0.9440559440559441,0.7709790209790209,1.5734265734265733,1.715034965034965,3.7762237762237763,0.45416666666666666,2.5174825174825175
Alex Caruso,carusal01,31,OKC,SG,56,0,1020,0.6829268292682927,72,17,48,67,2.541176470588235,0.6,1.6941176470588235,3.1411764705882352,2.364705882352941,1.328358208955224,4.235294117647059
Colin Castleton,castlco01,25,ORL,C,4,0,21,0.04878048780487805,1,0,2,1,1.7142857142857142,0,3.4285714285714284,1.7142857142857142,1.7142857142857142,1,5.142857142857142
Stephon Castle,castlst01,21,SAS,PG,68,67,2038,0.8292682926829268,78,19,217,211,1.3778213935230619,0.3356231599607459,3.833169774288518,1.7134445534838076,3.7271835132482827,0.4597156398104265,5.21099116781158
Justin Champagnie,champju01,24,WAS,SF,69,19,1377,0.8414634146341463,59,43,45,108,1.542483660130719,1.1241830065359477,1.1764705882352942,2.666666666666667,2.8235294117647056,0.9444444444444446,2.718954248366013
Julian Champagnie,champju02,24,SAS,SF,82,68,2266,1,62,38,69,127,0.9849955869373346,0.6037069726390114,1.0962047661076788,1.588702559576346,2.0176522506619596,0.7874015748031495,2.0812003530450136
Kennedy Chandler,chandke01,23,UTA,PG,11,2,355,0.13414634146341464,11,2,23,23,1.115492957746479,0.2028169014084507,2.332394366197183,1.3183098591549296,2.332394366197183,0.5652173913043478,3.447887323943662
Cam Christie,chrisca02,20,LAC,SG,55,0,480,0.6707317073170732,16,3,22,18,1.2,0.225,1.65,1.425,1.3499999999999999,1.0555555555555558,2.8499999999999996
Max Christie,chrisma02,22,DAL,SG,77,68,2244,0.9390243902439024,47,27,96,92,0.7540106951871658,0.4331550802139037,1.5401069518716577,1.1871657754010694,1.4759358288770055,0.8043478260869563,2.2941176470588234
Moussa Cisse,cissemo01,23,DAL,C,38,1,530,0.4634146341463415,19,45,30,62,1.290566037735849,3.0566037735849054,2.0377358490566038,4.347169811320755,4.211320754716981,1.032258064516129,3.3283018867924525
Sidy Cissoko,cissosi01,21,POR,SF,75,26,1435,0.9146341463414634,52,25,70,175,1.3045296167247389,0.627177700348432,1.7560975609756098,1.931707317073171,4.390243902439025,0.44,3.060627177700349
Brandon Clarke,clarkbr01,29,MEM,PF,2,2,20,0.024390243902439025,2,0,0,5,3.6,0,0,3.6,9,0.4,3.6
Jaylen Clark,clarkja02,24,MIN,SG,68,1,888,0.8292682926829268,47,9,23,84,1.9054054054054055,0.3648648648648649,0.9324324324324325,2.27027027027027,3.4054054054054057,0.6666666666666666,2.8378378378378377
Jordan Clarkson,clarkjo01,33,NYK,SG,72,1,1279,0.8780487804878049,30,9,63,114,0.8444096950742768,0.253322908522283,1.7732603596559813,1.0977326035965598,3.2087568412822516,0.34210526315789475,2.617670054730258
Nic Claxton,claxtni01,26,BRK,C,69,68,1920,0.8414634146341463,45,77,96,138,0.84375,1.44375,1.8,2.2875,2.5875,0.8840579710144928,2.64375
Walter Clayton,claytwa01,22,2TM,PG,69,6,1410,0.8414634146341463,44,19,116,115,1.123404255319149,0.48510638297872344,2.9617021276595743,1.6085106382978724,2.9361702127659575,0.5478260869565218,4.085106382978723
Nique Clifford,cliffni01,23,SAC,SG,75,28,1882,0.9146341463414634,68,24,116,150,1.3007438894792773,0.45908607863974493,2.218916046758767,1.7598299681190221,2.869287991498406,0.6133333333333333,3.5196599362380443
Donovan Clingan,clingdo01,21,POR,C,77,77,2094,0.9390243902439024,44,130,95,168,0.7564469914040114,2.2349570200573066,1.6332378223495703,2.991404011461318,2.888252148997135,1.0357142857142856,2.3896848137535818
Noah Clowney,clownno01,21,BRK,PF,66,60,1780,0.8048780487804879,50,45,102,154,1.0112359550561798,0.9101123595505618,2.0629213483146067,1.9213483146067416,3.1146067415730334,0.6168831168831169,3.0741573033707867
Amir Coffey,coffeam01,28,2TM,SG,46,3,490,0.5609756097560976,9,5,9,30,0.6612244897959184,0.36734693877551017,0.6612244897959184,1.0285714285714285,2.204081632653061,0.4666666666666667,1.3224489795918368
Isaiah Collier,colliis01,21,UTA,PG,59,19,1517,0.7195121951219512,66,20,148,128,1.5662491760052735,0.47462096242584045,3.5121951219512195,2.040870138431114,3.037574159525379,0.671875,5.0784442979564925
John Collins,collijo01,28,LAC,PF,69,56,1872,0.8414634146341463,60,51,95,166,1.1538461538461537,0.9807692307692308,1.8269230769230769,2.1346153846153846,3.1923076923076925,0.6686746987951807,2.980769230769231
Zach Collins,colliza01,28,CHI,C,10,0,184,0.12195121951219512,2,4,10,16,0.3913043478260869,0.7826086956521738,1.9565217391304348,1.1739130434782608,3.1304347826086953,0.375,2.3478260869565215
Mike Conley,conlemi01,38,MIN,PG,54,15,991,0.6585365853658537,35,14,34,81,1.2714429868819375,0.508577194752775,1.2351160443995963,1.7800201816347125,2.942482341069627,0.6049382716049383,2.506559031281534
Pat Connaughton,connapa01,33,CHO,SG,42,0,297,0.5121951219512195,11,1,11,8,1.3333333333333333,0.1212121212121212,1.3333333333333333,1.4545454545454544,0.9696969696969696,1.5,2.6666666666666665
Javonte Cooke,cookeja01,26,POR,SG,19,0,94,0.23170731707317074,6,0,9,6,2.2978723404255317,0,3.4468085106382977,2.2978723404255317,2.2978723404255317,1,5.74468085106383
Sharife Cooper,coopesh01,24,WAS,PG,41,1,700,0.5,16,5,61,61,0.8228571428571428,0.2571428571428571,3.1371428571428575,1.08,3.1371428571428575,0.3442622950819672,3.9600000000000004
Bilal Coulibaly,coulibi01,21,WAS,SG,56,56,1468,0.6829268292682927,75,54,81,126,1.8392370572207084,1.32425068119891,1.9863760217983653,3.1634877384196187,3.0899182561307903,1.023809523809524,3.8256130790190737
Cedric Coward,cowarce01,22,MEM,SG,62,47,1598,0.7560975609756098,40,27,105,115,0.9011264080100125,0.6082603254067585,2.3654568210262825,1.509386733416771,2.5907384230287858,0.582608695652174,3.266583229036295
Isaiah Crawford,crawfis01,24,HOU,SF,14,0,92,0.17073170731707318,2,3,4,4,0.7826086956521738,1.1739130434782608,1.5652173913043477,1.9565217391304346,1.5652173913043477,1.25,2.3478260869565215
LJ Cryer,cryerlj01,24,GSW,PG,18,1,292,0.21951219512195122,3,0,14,26,0.3698630136986301,0,1.7260273972602738,0.3698630136986301,3.2054794520547945,0.11538461538461538,2.095890410958904
Cade Cunningham,cunnica01,24,DET,PG,64,64,2172,0.7804878048780488,92,54,236,182,1.5248618784530388,0.8950276243093922,3.9116022099447516,2.419889502762431,3.0165745856353587,0.8021978021978023,5.43646408839779
Seth Curry,curryse01,35,GSW,SG,10,0,133,0.12195121951219512,3,0,2,7,0.8120300751879699,0,0.5413533834586466,0.8120300751879699,1.894736842105263,0.42857142857142855,1.3533834586466165
Stephen Curry,curryst01,37,GSW,PG,43,41,1329,0.524390243902439,49,17,121,65,1.327313769751693,0.46049661399548536,3.2776523702031604,1.7878103837471784,1.7607223476297968,1.0153846153846153,4.604966139954853
Pacôme Dadiet,dadiepa01,20,NYK,SG,29,0,136,0.35365853658536583,3,1,3,8,0.7941176470588236,0.2647058823529412,0.7941176470588236,1.0588235294117647,2.1176470588235294,0.5,1.5882352941176472
Dyson Daniels,daniedy01,22,ATL,SG,76,76,2520,0.926829268292683,149,31,135,156,2.1285714285714286,0.44285714285714284,1.9285714285714284,2.571428571428571,2.2285714285714286,1.1538461538461537,4.057142857142857
Tristan Da Silva,dasiltr01,24,ORL,SF,77,34,1899,0.9390243902439024,68,25,69,114,1.2890995260663507,0.47393364928909953,1.3080568720379147,1.7630331753554502,2.161137440758294,0.8157894736842105,2.597156398104265
Anthony Davis,davisan02,32,DAL,PF,20,20,626,0.24390243902439024,22,33,41,40,1.2651757188498403,1.8977635782747604,2.357827476038339,3.1629392971246006,2.300319488817891,1.3750000000000002,3.623003194888179
JD Davison,davisjd01,23,HOU,PG,28,0,218,0.34146341463414637,6,6,7,16,0.9908256880733946,0.9908256880733946,1.1559633027522938,1.981651376146789,2.6422018348623855,0.75,2.146788990825688
Egor Dёmin,demineg01,19,BRK,PG,52,45,1308,0.6341463414634146,42,17,86,89,1.1559633027522938,0.4678899082568807,2.36697247706422,1.6238532110091746,2.4495412844036695,0.6629213483146069,3.522935779816514
RayJ Dennis,dennira01,24,3TM,PG,17,0,206,0.2073170731707317,4,4,17,20,0.6990291262135921,0.6990291262135921,2.970873786407767,1.3980582524271843,3.495145631067961,0.39999999999999997,3.6699029126213594
DeMar DeRozan,derozde01,36,SAC,PF,77,77,2406,0.9390243902439024,80,23,96,140,1.1970074812967582,0.344139650872818,1.4364089775561097,1.5411471321695762,2.0947630922693268,0.7357142857142858,2.633416458852868
Moussa Diabaté,diabamo01,24,CHO,C,73,47,1899,0.8902439024390244,56,72,73,163,1.0616113744075828,1.3649289099526067,1.3838862559241705,2.4265402843601898,3.090047393364929,0.785276073619632,2.4454976303317535
Mohamed Diawara,diawamo01,20,NYK,SF,69,7,634,0.8414634146341463,17,6,30,48,0.9652996845425867,0.34069400630914826,1.7034700315457412,1.305993690851735,2.725552050473186,0.47916666666666663,2.668769716088328
Gradey Dick,dickgr01,22,TOR,SG,76,1,1067,0.926829268292683,45,7,43,99,1.5182755388940956,0.23617619493908154,1.4507966260543579,1.754451733833177,3.3402061855670104,0.5252525252525252,2.9690721649484537
Hunter Dickinson,dickihu01,25,NOP,C,5,0,42,0.06097560975609756,1,2,3,4,0.8571428571428571,1.7142857142857142,2.571428571428571,2.571428571428571,3.4285714285714284,0.75,3.4285714285714284
Ousmane Dieng,diengou01,22,2TM,C,57,20,1099,0.6951219512195121,25,17,75,76,0.818926296633303,0.556869881710646,2.456778889899909,1.375796178343949,2.4895359417652414,0.5526315789473684,3.275705186533212
Rob Dillingham,dilliro01,21,2TM,PG,65,0,970,0.7926829268292683,47,6,100,111,1.7443298969072165,0.222680412371134,3.7113402061855667,1.9670103092783506,4.119587628865979,0.47747747747747754,5.455670103092784
Donte DiVincenzo,divindo01,29,MIN,SG,82,82,2494,1,104,34,118,189,1.5012028869286287,0.4907778668805132,1.7032878909382518,1.9919807538091419,2.728147554129912,0.73015873015873,3.2044907778668805
Luka Dončić,doncilu01,26,LAL,PG,64,64,2289,0.7804878048780488,105,34,255,142,1.651376146788991,0.5347313237221494,4.010484927916121,2.18610747051114,2.233289646133683,0.9788732394366195,5.6618610747051115
Luguentz Dort,dortlu01,26,OKC,SF,69,69,1849,0.8414634146341463,62,27,54,167,1.2071389940508384,0.5256895619253651,1.0513791238507302,1.7328285559762033,3.2514872904272583,0.5329341317365269,2.2585181179015685
Ayo Dosunmu,dosunay01,26,2TM,SG,69,19,1881,0.8414634146341463,58,18,96,125,1.1100478468899522,0.34449760765550236,1.8373205741626795,1.4545454545454546,2.3923444976076556,0.608,2.947368421052632
Andre Drummond,drumman01,32,PHI,C,63,25,1231,0.7682926829268293,38,49,61,108,1.1112916328188465,1.4329813160032494,1.7839155158407798,2.544272948822096,3.158407798537774,0.8055555555555556,2.895207148659626
Kris Dunn,dunnkr01,31,LAC,PG,82,68,2230,1,131,14,111,180,2.114798206278027,0.22600896860986547,1.7919282511210763,2.3408071748878925,2.905829596412556,0.8055555555555556,3.9067264573991034
Ryan Dunn,dunnry01,23,PHO,SF,70,16,1355,0.8536585365853658,60,29,56,121,1.5940959409594095,0.770479704797048,1.4878228782287823,2.3645756457564575,3.214760147601476,0.7355371900826446,3.081918819188192
Kevin Durant,duranke01,37,HOU,SF,78,78,2840,0.9512195121951219,62,71,246,121,0.7859154929577464,0.9,3.1183098591549294,1.6859154929577465,1.5338028169014084,1.0991735537190084,3.9042253521126757
Jalen Duren,durenja01,22,DET,C,70,70,1976,0.8536585365853658,57,59,130,170,1.0384615384615385,1.0748987854251013,2.3684210526315788,2.11336032388664,3.0971659919028336,0.6823529411764707,3.406882591093117
Tari Eason,easonta01,24,HOU,PF,60,34,1549,0.7317073170731707,72,28,81,128,1.6733376371852808,0.6507424144609426,1.882504841833441,2.3240800516462237,2.974822466107166,0.7812500000000001,3.5558424790187217
Zach Edey,edeyza01,23,MEM,C,11,11,284,0.13414634146341464,7,21,26,26,0.8873239436619718,2.6619718309859155,3.295774647887324,3.549295774647887,3.295774647887324,1.0769230769230769,4.183098591549296
VJ Edgecombe,edgecvj01,20,PHI,SG,75,75,2623,0.9146341463414634,107,39,137,207,1.4685474647350363,0.5352649637819291,1.8802897445672893,2.0038124285169654,2.841021730842547,0.7053140096618358,3.3488372093023253
Anthony Edwards,edwaran01,24,MIN,SG,61,60,2137,0.7439024390243902,83,49,174,107,1.3982218062704725,0.8254562470753393,2.9312119794103886,2.223678053345812,1.8025269068788021,1.233644859813084,4.329433785680861
Justin Edwards,edwarju01,22,PHI,SF,64,12,977,0.7804878048780488,54,11,36,90,1.9897645854657113,0.4053224155578301,1.3265097236438075,2.3950870010235414,3.3162743091095193,0.7222222222222221,3.316274309109519
Keon Ellis,elliske01,26,2TM,SG,72,11,1478,0.8780487804878049,83,46,41,132,2.0216508795669825,1.1204330175913395,0.9986468200270636,3.1420838971583223,3.2151556156968875,0.9772727272727274,3.020297699594046
Joel Embiid,embiijo01,31,PHI,C,38,38,1201,0.4634146341463415,21,46,109,70,0.6294754371357203,1.3788509575353871,3.267277268942548,2.0083263946711076,2.0982514571190674,0.9571428571428573,3.8967527060782685
Tristan Enaruna,enarutr01,24,CLE,SF,9,0,85,0.10975609756097561,5,0,3,3,2.1176470588235294,0,1.2705882352941176,2.1176470588235294,1.2705882352941176,1.6666666666666667,3.388235294117647
Noa Essengue,essenno01,19,CHI,PF,2,0,6,0.024390243902439025,1,0,0,1,6,0,0,6,6,1,6
Tyson Etienne,etienty01,26,BRK,PG,24,2,380,0.2926829268292683,11,0,16,45,1.0421052631578946,0,1.5157894736842106,1.0421052631578946,4.263157894736842,0.24444444444444446,2.5578947368421052
Drew Eubanks,eubandr01,28,SAC,C,42,11,552,0.5121951219512195,15,26,30,52,0.9782608695652174,1.6956521739130435,1.9565217391304348,2.6739130434782608,3.391304347826087,0.7884615384615384,2.9347826086956523
Tosan Evbuomwan,evbuoto01,24,NYK,SF,5,0,8,0.06097560975609756,0,0,0,1,0,0,0,0,4.5,0,0
Jeremiah Fears,fearsje01,19,NOP,PG,82,49,2112,1,97,30,178,136,1.6534090909090908,0.5113636363636364,3.0340909090909087,2.164772727272727,2.3181818181818183,0.9338235294117646,4.6875
Kyle Filipowski,filipky01,22,UTA,C,77,41,1801,0.9390243902439024,73,39,125,217,1.459189339255969,0.7795669072737369,2.4986118822876175,2.238756246529706,4.3375902276513045,0.5161290322580646,3.9578012215435865
Dorian Finney-Smith,finnedo01,32,HOU,PF,37,1,620,0.45121951219512196,16,6,22,56,0.9290322580645162,0.34838709677419355,1.2774193548387096,1.2774193548387096,3.2516129032258063,0.39285714285714285,2.206451612903226
Cooper Flagg,flaggco01,19,DAL,SF,70,70,2344,0.8536585365853658,84,64,161,131,1.2901023890784982,0.9829351535836177,2.472696245733788,2.2730375426621157,2.0119453924914676,1.129770992366412,3.7627986348122864
Rasheer Fleming,flemira01,21,PHO,PF,55,1,673,0.6707317073170732,22,21,29,62,1.1768202080237742,1.1233283803863299,1.5512630014858841,2.300148588410104,3.3164933135215455,0.6935483870967741,2.7280832095096583
Trentyn Flowers,flowetr01,20,CHI,SF,2,0,6,0.024390243902439025,0,0,1,1,0,0,6,0,6,0,6
Simone Fontecchio,fontesi01,30,MIA,SF,70,9,1173,0.8536585365853658,37,9,49,99,1.1355498721227621,0.27621483375959077,1.50383631713555,1.4117647058823528,3.0383631713554986,0.46464646464646464,2.639386189258312
De'Aaron Fox,foxde01,28,SAS,PG,72,72,2231,0.8780487804878049,89,19,164,155,1.4361272971761543,0.3065889735544599,2.6463469296279696,1.742716270730614,2.5011205737337514,0.6967741935483872,4.082474226804123
Enrique Freeman,freemen01,25,MIN,PF,4,0,37,0.04878048780487805,2,3,2,5,1.945945945945946,2.9189189189189193,1.945945945945946,4.864864864864865,4.864864864864865,1,3.891891891891892
Markelle Fultz,fultzma01,27,TOR,PG,5,0,36,0.06097560975609756,2,0,4,2,2,0,4,2,2,1,6
Johnny Furphy,furphjo01,21,IND,SG,35,21,643,0.4268292682926829,20,7,29,59,1.119751166407465,0.39191290824261277,1.6236391912908241,1.5116640746500778,3.3032659409020217,0.4576271186440678,2.7433903576982894
Daniel Gafford,gaffoda01,27,DAL,C,55,44,1195,0.6707317073170732,42,69,63,132,1.2652719665271968,2.078661087866109,1.897907949790795,3.3439330543933057,3.976569037656904,0.8409090909090909,3.1631799163179917
Andersson Garcia,garcian01,25,UTA,SF,5,2,169,0.06097560975609756,8,4,7,16,1.7041420118343196,0.8520710059171598,1.4911242603550297,2.5562130177514795,3.408284023668639,0.75,3.1952662721893494
Myron Gardner,gardnmy01,24,MIA,SF,45,7,411,0.5487804878048781,20,8,17,76,1.7518248175182483,0.7007299270072993,1.489051094890511,2.4525547445255476,6.656934306569343,0.368421052631579,3.240875912408759
Darius Garland,garlada01,26,2TM,PG,45,43,1344,0.5487804878048781,43,8,130,82,1.1517857142857142,0.21428571428571427,3.482142857142857,1.3660714285714284,2.196428571428571,0.6219512195121951,4.633928571428571
Luka Garza,garzalu01,27,BOS,C,69,6,1118,0.8414634146341463,27,28,46,140,0.8694096601073344,0.9016100178890877,1.481216457960644,1.771019677996422,4.508050089445438,0.3928571428571429,2.3506261180679786
Keyonte George,georgke01,22,UTA,PG,54,54,1786,0.6585365853658537,58,14,166,103,1.1690929451287795,0.28219484882418816,3.346024636058231,1.4512877939529676,2.0761478163493843,0.6990291262135923,4.515117581187011
Kyshawn George,georgky01,22,WAS,SF,48,48,1391,0.5853658536585366,48,43,125,160,1.242271746944644,1.1128684399712436,3.2350826743350107,2.3551401869158877,4.140905823148814,0.5687499999999999,4.477354421279655
Paul George,georgpa01,35,PHI,PF,37,37,1135,0.45121951219512196,62,16,64,77,1.9665198237885462,0.507488986784141,2.029955947136564,2.474008810572687,2.4422907488986785,1.0129870129870129,3.99647577092511
Taj Gibson,gibsota01,40,MEM,C,10,1,97,0.12195121951219512,2,1,1,13,0.7422680412371134,0.3711340206185567,0.3711340206185567,1.1134020618556701,4.824742268041237,0.23076923076923078,1.1134020618556701
Josh Giddey,giddejo01,23,CHI,PG,54,51,1731,0.6585365853658537,55,27,196,83,1.1438474870017332,0.561525129982669,4.076256499133449,1.7053726169844023,1.7261698440207973,0.9879518072289157,5.220103986135182
Keshon Gilbert,gilbeke01,22,2TM,SG,4,0,74,0.04878048780487805,3,4,8,5,1.4594594594594597,1.945945945945946,3.891891891891892,3.4054054054054057,2.4324324324324325,1.4000000000000001,5.351351351351352
Shai Gilgeous-Alexander,gilgesh01,27,OKC,PG,68,68,2259,0.8292682926829268,95,52,151,127,1.5139442231075697,0.8286852589641435,2.406374501992032,2.3426294820717133,2.0239043824701195,1.15748031496063,3.9203187250996017
Anthony Gill,gillan01,33,WAS,PF,55,8,951,0.6707317073170732,31,21,36,84,1.1735015772870663,0.7949526813880127,1.362776025236593,1.968454258675079,3.1798107255520507,0.6190476190476191,2.5362776025236595
Collin Gillespie,gilleco01,26,PHO,PG,80,58,2282,0.975609756097561,99,16,125,125,1.5617879053461876,0.252410166520596,1.971954425942156,1.8141980718667836,1.971954425942156,0.92,3.5337423312883436
Rudy Gobert,goberru01,33,MIN,C,76,76,2380,0.926829268292683,58,124,106,180,0.8773109243697479,1.8756302521008403,1.6033613445378152,2.7529411764705882,2.7226890756302518,1.0111111111111113,2.480672268907563
Vladislav Goldin,goldivl01,24,MIA,C,9,0,24,0.10975609756097561,0,3,3,5,0,4.5,4.5,4.5,7.5,0.6,4.5
Hugo González,gonzahu01,19,BOS,SF,74,3,1084,0.9024390243902439,42,21,38,121,1.3948339483394836,0.6974169741697418,1.261992619926199,2.0922509225092254,4.018450184501845,0.5206611570247934,2.6568265682656826
Jordan Goodwin,goodwjo01,27,PHO,PG,70,10,1572,0.8536585365853658,106,14,68,127,2.4274809160305346,0.32061068702290074,1.5572519083969465,2.7480916030534353,2.9083969465648853,0.9448818897637796,3.984732824427481
Aaron Gordon,gordoaa01,30,DEN,PF,36,33,1005,0.43902439024390244,21,10,38,59,0.7522388059701492,0.3582089552238806,1.3611940298507461,1.1104477611940298,2.1134328358208956,0.5254237288135593,2.1134328358208956
Eric Gordon,gordoer01,37,PHI,SG,6,0,74,0.07317073170731707,4,1,3,2,1.945945945945946,0.4864864864864865,1.4594594594594597,2.4324324324324325,0.972972972972973,2.5,3.4054054054054057
Jerami Grant,grantje01,31,POR,PF,57,38,1695,0.6951219512195121,42,36,119,128,0.8920353982300885,0.7646017699115044,2.527433628318584,1.656637168141593,2.71858407079646,0.609375,3.4194690265486725
Hayden Gray,grayha01,22,UTA,NA,1,0,25,0.012195121951219513,1,1,1,0,1.44,1.44,1.44,2.88,0,Inf,2.88
A.J. Green,greenaj01,26,MIL,SG,78,68,2270,0.9512195121951219,39,8,75,175,0.6185022026431718,0.12687224669603525,1.1894273127753303,0.745374449339207,2.775330396475771,0.26857142857142857,1.8079295154185022
Draymond Green,greendr01,35,GSW,PF,68,68,1869,0.8292682926829268,61,42,181,174,1.1749598715890852,0.8089887640449438,3.4863563402889244,1.983948635634029,3.351524879614767,0.5919540229885057,4.66131621187801
Javonte Green,greenja02,32,DET,SG,82,6,1446,1,102,25,45,106,2.5394190871369293,0.6224066390041494,1.120331950207469,3.1618257261410787,2.6390041493775933,1.1981132075471699,3.659751037344398
Jalen Green,greenja05,23,PHO,SG,32,27,828,0.3902439024390244,34,8,72,35,1.4782608695652175,0.34782608695652173,3.1304347826086953,1.8260869565217392,1.5217391304347827,1.2,4.608695652173913
Jeff Green,greenje02,39,HOU,PF,30,0,175,0.36585365853658536,2,2,4,12,0.4114285714285714,0.4114285714285714,0.8228571428571428,0.8228571428571428,2.468571428571429,0.3333333333333333,1.2342857142857142
Josh Green,greenjo02,25,CHO,SG,58,0,908,0.7073170731707317,35,6,35,58,1.3876651982378856,0.2378854625550661,1.3876651982378856,1.6255506607929517,2.2995594713656384,0.7068965517241381,2.775330396475771
Quentin Grimes,grimequ01,25,PHI,SG,75,19,2206,0.9146341463414634,64,28,133,149,1.0444242973708069,0.45693563009972804,2.170444242973708,1.501359927470535,2.43155031731641,0.6174496644295301,3.214868540344515
Mouhamadou Gueye,gueyemo01,27,CHI,PF,2,0,45,0.024390243902439025,2,1,3,4,1.6,0.8,2.4,2.4000000000000004,3.2,0.7500000000000001,4
Mouhamed Gueye,gueyemo02,23,ATL,PF,77,8,1179,0.9390243902439024,61,39,33,126,1.8625954198473282,1.1908396946564885,1.0076335877862594,3.0534351145038165,3.847328244274809,0.7936507936507936,2.8702290076335877
Rui Hachimura,hachiru01,27,LAL,PF,68,41,1927,0.8292682926829268,39,21,42,101,0.7285936689154126,0.3923196678775298,0.7846393357550596,1.1209133367929422,1.886870783601453,0.5940594059405939,1.513233004670472
PJ Hall,hallpj01,23,2TM,C,19,2,214,0.23170731707317074,3,10,16,21,0.5046728971962616,1.6822429906542056,2.691588785046729,2.1869158878504673,3.5327102803738315,0.6190476190476191,3.1962616822429903
Tim Hardaway Jr.,hardati02,33,DEN,SG,80,6,2127,0.975609756097561,42,10,43,92,0.7108603667136812,0.1692524682651622,0.7277856135401974,0.8801128349788434,1.5571227080394923,0.5652173913043478,1.4386459802538787
James Harden,hardeja01,36,2TM,PG,70,70,2438,0.8536585365853658,79,28,245,122,1.166529942575882,0.41345365053322397,3.6177194421657095,1.579983593109106,1.8014766201804757,0.8770491803278689,4.7842493847415914
Jaden Hardy,hardyja02,23,2TM,SG,57,4,898,0.6951219512195121,16,6,62,86,0.6414253897550111,0.24053452115812918,2.485523385300668,0.8819599109131402,3.447661469933185,0.25581395348837205,3.126948775055679
Elijah Harkless,harklej01,25,UTA,SG,26,9,545,0.3170731707317073,31,6,26,49,2.047706422018349,0.3963302752293578,1.7174311926605506,2.444036697247707,3.236697247706422,0.7551020408163267,3.7651376146788995
Dylan Harper,harpedy01,19,SAS,SG,69,4,1558,0.8414634146341463,54,24,99,130,1.2477535301668805,0.5545571245186136,2.287548138639281,1.8023106546854941,3.0038510911424905,0.6,3.5353016688061616
Ron Harper Jr.,harpero02,25,BOS,SF,29,3,318,0.35365853658536583,10,9,8,19,1.1320754716981132,1.0188679245283019,0.9056603773584906,2.150943396226415,2.150943396226415,1,2.0377358490566038
Gary Harris,harriga01,31,MIL,SG,48,2,661,0.5853658536585366,27,9,19,50,1.470499243570348,0.4901664145234493,1.0347957639939485,1.9606656580937971,2.723146747352496,0.72,2.505295007564296
Tobias Harris,harrito02,33,DET,PF,63,63,1746,0.7682926829268293,58,26,63,98,1.1958762886597938,0.5360824742268041,1.2989690721649483,1.731958762886598,2.020618556701031,0.8571428571428572,2.4948453608247423
Isaiah Hartenstein,harteis01,27,OKC,C,47,46,1137,0.573170731707317,48,36,82,97,1.5197889182058046,1.1398416886543536,2.5963060686015833,2.6596306068601585,3.071240105540897,0.8659793814432991,4.116094986807388
Josh Hart,hartjo01,30,NYK,SF,66,52,1994,0.8048780487804879,75,17,128,152,1.3540621865596791,0.30692076228686055,2.3109327983951857,1.6609829488465397,2.744232698094283,0.6052631578947368,3.664994984954865
Sam Hauser,hausesa01,28,BOS,PF,78,49,1934,0.9512195121951219,38,23,35,107,0.7073422957600827,0.4281282316442606,0.6514994829369183,1.1354705274043433,1.9917269906928645,0.5700934579439252,1.358841778697001
Jordan Hawkins,hawkijo01,23,NOP,SG,51,1,692,0.6219512195121951,13,10,34,29,0.6763005780346821,0.5202312138728323,1.7687861271676302,1.1965317919075145,1.5086705202312138,0.7931034482758621,2.4450867052023124
Jaxson Hayes,hayesja02,25,LAL,C,66,9,1207,0.8048780487804879,29,52,31,116,0.8649544324772163,1.5509527754763877,0.9246064623032311,2.415907207953604,3.459817729908865,0.6982758620689655,1.7895608947804473
Killian Hayes,hayeski01,24,SAC,PG,23,3,406,0.2804878048780488,21,4,28,34,1.8620689655172413,0.35467980295566504,2.4827586206896552,2.2167487684729066,3.0147783251231526,0.7352941176470589,4.344827586206897
Nigel Hayes-Davis,hayesni01,31,PHO,SF,27,0,195,0.32926829268292684,8,2,8,14,1.476923076923077,0.36923076923076925,1.476923076923077,1.8461538461538463,2.5846153846153843,0.7142857142857144,2.953846153846154
Scoot Henderson,hendesc01,21,POR,PG,30,10,748,0.36585365853658536,27,9,73,80,1.299465240641711,0.4331550802139037,3.5133689839572195,1.7326203208556148,3.8502673796791442,0.44999999999999996,4.81283422459893
Taylor Hendricks,hendrta01,22,2TM,PF,59,17,1118,0.7195121951219512,50,30,50,91,1.6100178890876566,0.9660107334525939,1.6100178890876566,2.5760286225402504,2.930232558139535,0.879120879120879,3.2200357781753133
Chucky Hepburn,hepbuch01,22,TOR,PG,2,0,13,0.024390243902439025,1,0,1,2,2.769230769230769,0,2.769230769230769,2.769230769230769,5.538461538461538,0.5,5.538461538461538
Tyler Herro,herroty01,26,MIA,SG,33,28,1033,0.4024390243902439,23,12,64,59,0.8015488867376572,0.4181994191674734,2.230396902226525,1.2197483059051306,2.0561471442400774,0.5932203389830508,3.0319457889641823
Buddy Hield,hieldbu01,33,2TM,SG,51,3,819,0.6219512195121951,39,9,48,55,1.7142857142857142,0.39560439560439564,2.10989010989011,2.10989010989011,2.4175824175824174,0.8727272727272728,3.824175824175824
Haywood Highsmith,highsha01,29,PHO,SF,7,0,91,0.08536585365853659,4,0,0,9,1.5824175824175826,0,0,1.5824175824175826,3.5604395604395602,0.44444444444444453,1.5824175824175826
Blake Hinson,hinsobl01,26,UTA,SF,14,3,285,0.17073170731707318,5,2,5,24,0.631578947368421,0.25263157894736843,0.631578947368421,0.8842105263157894,3.031578947368421,0.29166666666666663,1.263157894736842
Aaron Holiday,holidaa01,29,HOU,PG,57,1,781,0.6951219512195121,27,5,38,67,1.2445582586427657,0.23047375160051214,1.7516005121638925,1.475032010243278,3.088348271446863,0.47761194029850745,2.996158770806658
Jrue Holiday,holidjr01,35,POR,PG,53,51,1560,0.6463414634146342,54,6,146,75,1.2461538461538462,0.13846153846153847,3.3692307692307693,1.3846153846153846,1.7307692307692308,0.7999999999999999,4.615384615384615
Ron Holland,hollaro01,20,DET,SF,78,5,1551,0.9512195121951219,92,27,96,175,2.135396518375242,0.6266924564796905,2.228239845261122,2.762088974854932,4.061895551257253,0.68,4.363636363636363
DaRon Holmes,holmeda01,23,DEN,PF,25,6,210,0.3048780487804878,1,6,12,15,0.17142857142857143,1.0285714285714285,2.057142857142857,1.2,2.571428571428571,0.4666666666666667,2.228571428571428
Chet Holmgren,holmgch01,23,OKC,PF,69,69,1997,0.8414634146341463,43,131,107,136,0.7751627441161743,2.3615423134702054,1.928893340010015,3.1367050575863797,2.4516775162744118,1.2794117647058822,2.704056084126189
Al Horford,horfoal01,39,GSW,C,45,13,969,0.5487804878048781,30,51,42,41,1.1145510835913313,1.894736842105263,1.5603715170278638,3.0092879256965945,1.5232198142414861,1.975609756097561,2.674922600619195
Caleb Houstan,houstca01,23,ATL,SF,18,0,75,0.21951219512195122,2,1,4,10,0.9600000000000001,0.48000000000000004,1.9200000000000002,1.4400000000000002,4.8,0.30000000000000004,2.8800000000000003
Jett Howard,howarje01,22,ORL,SF,55,0,695,0.6707317073170732,10,11,15,66,0.5179856115107914,0.5697841726618705,0.7769784172661871,1.087769784172662,3.418705035971223,0.3181818181818182,1.2949640287769784
Kevin Huerter,huertke01,27,2TM,SF,69,14,1549,0.8414634146341463,63,33,72,113,1.4641704325371205,0.7669464170432536,1.6733376371852808,2.231116849580374,2.6262104583602324,0.8495575221238937,3.1375080697224016
Jay Huff,huffja01,27,IND,C,82,47,1719,1,41,153,76,179,0.8586387434554974,3.2041884816753927,1.5916230366492148,4.06282722513089,3.74869109947644,1.0837988826815643,2.450261780104712
Ariel Hukporti,hukpoar01,23,NYK,C,54,5,498,0.6585365853658537,9,26,32,57,0.6506024096385542,1.8795180722891565,2.3132530120481927,2.5301204819277108,4.120481927710843,0.6140350877192983,2.963855421686747
De'Andre Hunter,huntede01,28,2TM,SF,45,25,1176,0.5487804878048781,30,6,75,108,0.9183673469387755,0.18367346938775508,2.295918367346939,1.1020408163265305,3.306122448979592,0.3333333333333333,3.2142857142857144
CJ Huntley,huntlcj01,24,PHO,SF,4,0,40,0.04878048780487805,1,0,0,2,0.9,0,0,0.9,1.8,0.5,0.9
Bones Hyland,hylanbo01,25,MIN,PG,71,3,1177,0.8658536585365854,44,17,70,112,1.3457943925233644,0.519966015293118,2.141036533559898,1.8657604078164824,3.4256584536958368,0.5446428571428571,3.486830926083263
Oso Ighodaro,ighodos01,23,PHO,PF,82,24,1808,1,73,57,101,194,1.4535398230088497,1.1349557522123894,2.0110619469026547,2.588495575221239,3.8628318584070795,0.6701030927835052,3.4646017699115044
Joe Ingles,inglejo01,38,MIN,SF,27,2,153,0.32926829268292684,9,2,14,8,2.1176470588235294,0.47058823529411764,3.2941176470588234,2.588235294117647,1.8823529411764706,1.375,5.411764705882353
Brandon Ingram,ingrabr01,28,TOR,SF,77,77,2604,0.9390243902439024,58,55,187,127,0.8018433179723502,0.7603686635944701,2.5852534562211984,1.5622119815668203,1.7557603686635945,0.889763779527559,3.3870967741935485
Harrison Ingram,ingraha01,23,SAS,SF,7,0,26,0.08536585365853659,0,0,1,2,0,0,1.3846153846153846,0,2.769230769230769,0,1.3846153846153846
Jonathan Isaac,isaacjo01,28,ORL,PF,52,0,521,0.6341463414634146,20,31,18,39,1.381957773512476,2.1420345489443378,1.2437619961612285,3.523992322456814,2.694817658349328,1.307692307692308,2.6257197696737045
Jaden Ivey,iveyja01,23,2TM,SG,37,5,670,0.45121951219512196,23,14,41,51,1.2358208955223882,0.7522388059701492,2.2029850746268655,1.9880597014925374,2.740298507462686,0.7254901960784315,3.4388059701492537
Andre Jackson Jr.,jacksan01,24,MIL,SG,48,1,408,0.5853658536585366,19,4,31,42,1.6764705882352942,0.3529411764705882,2.7352941176470584,2.0294117647058822,3.705882352941176,0.5476190476190477,4.411764705882352
GG Jackson II,jacksgg01,21,MEM,PF,55,28,1178,0.6707317073170732,31,44,85,71,0.9473684210526315,1.3446519524617997,2.597623089983022,2.2920203735144313,2.1697792869269947,1.0563380281690142,3.5449915110356534
Isaiah Jackson,jacksis01,24,2TM,C,55,14,908,0.6707317073170732,36,49,58,128,1.4273127753303965,1.9427312775330399,2.2995594713656384,3.3700440528634363,5.07488986784141,0.6640625,3.726872246696035
Jaren Jackson Jr.,jacksja02,26,2TM,C,48,48,1454,0.5853658536585366,53,69,107,145,1.312242090784044,1.7083906464924346,2.649243466299862,3.0206327372764785,3.5900962861072903,0.8413793103448275,3.961485557083906
Quenton Jackson,jacksqu01,27,IND,PG,49,19,897,0.5975609756097561,31,6,62,79,1.2441471571906355,0.2408026755852843,2.488294314381271,1.4849498327759199,3.17056856187291,0.46835443037974683,3.7324414715719065
Trayce Jackson-Davis,jackstr02,25,2TM,C,53,1,496,0.6463414634146342,17,24,22,39,1.2338709677419355,1.7419354838709677,1.5967741935483872,2.975806451612903,2.8306451612903225,1.0512820512820513,2.830645161290323
Kasparas Jakučionis,jakucka01,19,MIA,PG,53,12,945,0.6463414634146342,33,7,50,94,1.2571428571428571,0.26666666666666666,1.9047619047619047,1.5238095238095237,3.580952380952381,0.42553191489361697,3.1619047619047618
Bronny James,jamesbr02,21,LAL,SG,42,1,375,0.5121951219512195,19,4,25,28,1.8239999999999998,0.384,2.4,2.2079999999999997,2.688,0.8214285714285713,4.224
LeBron James,jamesle01,41,LAL,SF,60,60,1989,0.7317073170731707,72,35,179,63,1.3031674208144797,0.6334841628959276,3.239819004524887,1.9366515837104072,1.1402714932126696,1.6984126984126986,4.542986425339366
Sion James,jamessi01,23,CHO,SG,82,19,1843,1,52,20,65,141,1.0157352143244711,0.3906673901247965,1.2696690179055887,1.4064026044492677,2.754205100379816,0.5106382978723404,2.28540423223006
Jaime Jaquez Jr.,jaqueja01,24,MIA,SF,75,1,2121,0.9146341463414634,51,21,152,124,0.8656294200848657,0.3564356435643564,2.5799151343705797,1.222065063649222,2.1046676096181045,0.5806451612903226,3.4455445544554455
DeJon Jarreau,jarrede01,28,MEM,SG,11,0,231,0.13414634146341464,10,8,26,24,1.5584415584415583,1.2467532467532467,4.051948051948052,2.8051948051948052,3.7402597402597406,0.7499999999999999,5.6103896103896105
DaQuan Jeffries,jeffrda01,28,SAC,SG,3,0,60,0.036585365853658534,2,0,0,9,1.2,0,0,1.2,5.3999999999999995,0.22222222222222224,1.2
Trey Jemison,jemistr01,26,NYK,C,13,0,82,0.15853658536585366,1,2,10,6,0.43902439024390244,0.8780487804878049,4.390243902439025,1.3170731707317074,2.6341463414634143,0.5000000000000001,4.829268292682928
Daniss Jenkins,jenkida01,24,DET,PG,72,19,1455,0.8780487804878049,64,15,115,102,1.5835051546391754,0.3711340206185567,2.8453608247422677,1.9546391752577321,2.5237113402061855,0.7745098039215688,4.4288659793814436
Ty Jerome,jeromty01,28,MEM,SG,15,15,339,0.18292682926829268,16,4,27,29,1.6991150442477876,0.4247787610619469,2.8672566371681416,2.1238938053097343,3.079646017699115,0.689655172413793,4.566371681415929
Isaiah Joe,joeis01,26,OKC,SG,71,9,1507,0.8658536585365854,50,11,45,116,1.19442601194426,0.26277372262773724,1.0749834107498342,1.4571997345719971,2.7710683477106834,0.5258620689655171,2.2694094226940944
AJ Johnson,johnsaj01,21,2TM,SG,48,0,454,0.5853658536585366,11,3,30,28,0.8722466960352423,0.2378854625550661,2.3788546255506606,1.1101321585903083,2.2202643171806167,0.5,3.251101321585903
Cameron Johnson,johnsca02,29,DEN,SF,54,54,1647,0.6585365853658537,40,21,47,121,0.8743169398907104,0.45901639344262296,1.0273224043715847,1.3333333333333333,2.644808743169399,0.5041322314049586,1.901639344262295
Chaney Johnson,johnsch06,23,BRK,SF,17,1,348,0.2073170731707317,15,9,20,43,1.5517241379310347,0.9310344827586207,2.0689655172413794,2.4827586206896552,4.448275862068965,0.5581395348837209,3.620689655172414
Jalen Johnson,johnsja05,24,ATL,SF,72,72,2532,0.8780487804878049,89,31,244,130,1.2654028436018958,0.44075829383886256,3.469194312796209,1.7061611374407584,1.8483412322274881,0.9230769230769231,4.734597156398104
Keldon Johnson,johnske04,26,SAS,SF,82,0,1911,1,46,11,70,155,0.8665620094191523,0.20722135007849293,1.3186813186813187,1.0737833594976451,2.9199372056514914,0.36774193548387096,2.185243328100471
Keshad Johnson,johnske10,24,MIA,SF,32,0,280,0.3902439024390244,15,8,13,26,1.9285714285714284,1.0285714285714285,1.6714285714285715,2.957142857142857,3.342857142857143,0.8846153846153845,3.5999999999999996
Tre Johnson,johnstr03,19,WAS,SG,60,42,1443,0.7317073170731707,33,18,93,119,0.8232848232848233,0.4490644490644491,2.3201663201663205,1.2723492723492724,2.9688149688149688,0.4285714285714286,3.143451143451144
Nikola Jokić,jokicni01,30,DEN,C,65,65,2265,0.7926829268292683,92,53,243,159,1.4622516556291392,0.8423841059602649,3.862251655629139,2.304635761589404,2.527152317880795,0.9119496855345911,5.324503311258278
Colby Jones,jonesco02,23,DET,SG,1,0,7,0.012195121951219513,0,0,0,1,0,0,0,0,5.142857142857142,0,0
Curtis Jones,jonescu01,24,DEN,SG,10,0,88,0.12195121951219512,4,0,2,6,1.6363636363636365,0,0.8181818181818182,1.6363636363636365,2.454545454545454,0.6666666666666669,2.4545454545454546
David Jones García,jonesda06,24,SAS,SF,11,0,68,0.13414634146341464,6,1,5,6,3.1764705882352944,0.5294117647058824,2.6470588235294117,3.7058823529411766,3.1764705882352944,1.1666666666666665,5.8235294117647065
Derrick Jones Jr.,jonesde02,28,LAC,SF,50,45,1350,0.6097560975609756,45,50,40,96,1.2,1.3333333333333333,1.0666666666666667,2.533333333333333,2.56,0.9895833333333333,2.2666666666666666
Dillon Jones,jonesdi01,24,NYK,SF,7,0,39,0.08536585365853659,3,0,0,6,2.769230769230769,0,0,2.769230769230769,5.538461538461538,0.5,2.769230769230769
Herbert Jones,joneshe01,27,NOP,SF,56,56,1588,0.6829268292682927,88,27,73,171,1.9949622166246852,0.6120906801007557,1.654911838790932,2.607052896725441,3.876574307304786,0.672514619883041,3.6498740554156175
Isaac Jones,jonesis01,25,2TM,PF,7,1,36,0.08536585365853659,0,1,1,4,0,1,1,1,4,0.25,1
Kam Jones,joneska03,23,IND,SG,37,7,616,0.45121951219512196,18,0,36,37,1.051948051948052,0,2.103896103896104,1.051948051948052,2.1623376623376624,0.48648648648648646,3.155844155844156
Spencer Jones,jonessp01,24,DEN,SF,64,37,1417,0.7804878048780488,52,29,31,164,1.3211009174311927,0.7367678193366267,0.7875793930839803,2.0578687367678192,4.1665490472829925,0.4939024390243902,2.1086803105151732
Tre Jones,jonestr01,26,CHI,PG,65,41,1752,0.7926829268292683,76,11,92,87,1.5616438356164384,0.22602739726027396,1.8904109589041096,1.7876712328767124,1.7876712328767121,1.0000000000000002,3.452054794520548
Tyus Jones,jonesty01,29,3TM,PG,67,12,979,0.8170731707317073,37,3,25,30,1.3605720122574054,0.11031664964249234,0.9193054136874361,1.4708886618998978,1.1031664964249235,1.333333333333333,2.2798774259448416
DeAndre Jordan,jordade01,37,NOP,C,12,7,199,0.14634146341463414,4,10,9,16,0.7236180904522613,1.8090452261306533,1.6281407035175879,2.532663316582915,2.8944723618090453,0.8750000000000001,2.351758793969849
Nikola Jović,jovicni01,22,MIA,PF,47,1,808,0.573170731707317,26,17,65,60,1.1584158415841586,0.7574257425742574,2.896039603960396,1.915841584158416,2.673267326732673,0.7166666666666668,4.054455445544555
Johnny Juzang,juzanjo01,24,MIN,SG,21,0,88,0.25609756097560976,2,1,5,3,0.8181818181818182,0.4090909090909091,2.0454545454545454,1.2272727272727273,1.227272727272727,1.0000000000000002,2.8636363636363638
Ryan Kalkbrenner,kalkbry01,24,CHO,C,69,31,1479,0.8414634146341463,32,101,62,83,0.7789046653144016,2.4584178498985803,1.5091277890466532,3.237322515212982,2.020283975659229,1.602409638554217,2.288032454361055
Yuki Kawamura,kawamyu01,24,CHI,PG,18,0,209,0.21951219512195122,9,0,14,15,1.5502392344497609,0,2.411483253588517,1.5502392344497609,2.583732057416268,0.6,3.9617224880382778
Trevor Keels,keelstr01,22,MIA,SG,8,0,15,0.0975609756097561,1,0,0,0,2.4,0,0,2.4,0,Inf,2.4
Miles Kelly,kellymi02,23,DAL,PG,14,0,134,0.17073170731707318,4,1,6,10,1.0746268656716418,0.26865671641791045,1.6119402985074627,1.3432835820895521,2.6865671641791042,0.5,2.6865671641791042
Luke Kennard,kennalu01,29,2TM,SG,78,6,1681,0.9512195121951219,55,8,60,97,1.1778703152885186,0.17132659131469363,1.2849494348602022,1.3491969066032121,2.07733491969066,0.6494845360824741,2.4628197501487206
Jayson Kent,kentja01,23,POR,SF,5,0,22,0.06097560975609756,1,1,0,1,1.6363636363636365,1.6363636363636365,0,3.272727272727273,1.6363636363636365,2,1.6363636363636365
Walker Kessler,kesslwa01,24,UTA,C,5,5,154,0.06097560975609756,7,9,16,17,1.6363636363636365,2.103896103896104,3.7402597402597406,3.7402597402597406,3.974025974025974,0.9411764705882354,5.376623376623377
Corey Kispert,kispeco01,26,2TM,SF,58,10,1080,0.7073170731707317,16,9,45,55,0.5333333333333333,0.3,1.5,0.8333333333333333,1.8333333333333333,0.45454545454545453,2.033333333333333
Maxi Kleber,klebima01,34,LAL,PF,43,1,461,0.524390243902439,18,11,17,54,1.405639913232104,0.8590021691973969,1.3275488069414316,2.264642082429501,4.216919739696312,0.537037037037037,2.7331887201735356
Bobi Klintman,klintbo01,22,DET,SF,12,0,71,0.14634146341463414,3,0,6,11,1.5211267605633803,0,3.0422535211267605,1.5211267605633803,5.577464788732394,0.27272727272727276,4.563380281690141
Dalton Knecht,knechda01,24,LAL,SF,54,1,553,0.6585365853658537,11,11,23,40,0.7160940325497288,0.7160940325497288,1.4972875226039783,1.4321880650994576,2.603978300180832,0.55,2.213381555153707
Kon Knueppel,knuepko01,20,CHO,SF,81,80,2551,0.9878048780487805,57,19,161,159,0.804390435123481,0.26813014504116034,2.272050176401411,1.0725205801646414,2.243825950607605,0.4779874213836478,3.076440611524892
Tyler Kolek,kolekty01,24,NYK,PG,62,1,727,0.7560975609756098,22,4,55,63,1.0894085281980743,0.19807427785419532,2.723521320495186,1.2874828060522696,3.1196698762035764,0.4126984126984127,3.81292984869326
Christian Koloko,kolokch01,25,3TM,C,27,4,357,0.32926829268292684,14,23,16,41,1.4117647058823528,2.3193277310924367,1.6134453781512605,3.7310924369747895,4.134453781512605,0.9024390243902439,3.0252100840336134
Yanic Konan Niederhäuser,konanya01,22,LAC,C,41,0,424,0.5,5,30,23,58,0.42452830188679247,2.547169811320755,1.9528301886792454,2.9716981132075473,4.9245283018867925,0.603448275862069,2.3773584905660377
John Konchar,konchjo01,29,2TM,SG,56,8,1115,0.6829268292682927,83,38,35,78,2.6798206278026906,1.2269058295964124,1.1300448430493273,3.906726457399103,2.5183856502242152,1.5512820512820513,3.809865470852018
Luke Kornet,kornelu01,30,SAS,C,68,25,1430,0.8292682926829268,32,65,28,113,0.8055944055944055,1.6363636363636365,0.704895104895105,2.441958041958042,2.8447552447552447,0.8584070796460177,1.5104895104895104
Vít Krejčí,krejcvi01,25,2TM,PG,65,8,1392,0.7926829268292683,47,18,41,132,1.2155172413793103,0.46551724137931033,1.0603448275862069,1.6810344827586206,3.413793103448276,0.4924242424242424,2.275862068965517
Jonathan Kuminga,kuminjo01,23,2TM,PF,36,14,830,0.43902439024390244,22,11,67,52,0.9542168674698794,0.4771084337349397,2.9060240963855417,1.431325301204819,2.2554216867469883,0.6346153846153845,3.8602409638554214
Kyle Kuzma,kuzmaky01,30,MIL,PF,69,43,1806,0.8414634146341463,46,28,119,118,0.9169435215946844,0.5581395348837209,2.372093023255814,1.4750830564784052,2.352159468438538,0.6271186440677966,3.2890365448504983
Skal Labissière,labissk01,29,WAS,PF,3,0,38,0.036585365853658534,2,1,1,3,1.894736842105263,0.9473684210526315,0.9473684210526315,2.8421052631578947,2.8421052631578947,1,2.8421052631578947
Jock Landale,landajo01,30,2TM,C,68,27,1506,0.8292682926829268,35,36,60,129,0.8366533864541833,0.8605577689243028,1.4342629482071714,1.697211155378486,3.0836653386454183,0.5503875968992248,2.270916334661355
Chaz Lanier,laniech01,24,DET,SG,34,0,262,0.4146341463414634,7,0,3,12,0.9618320610687022,0,0.4122137404580153,0.9618320610687022,1.6488549618320612,0.5833333333333333,1.3740458015267176
Jake LaRavia,laravja01,24,LAL,PF,82,43,2061,1,104,38,87,186,1.8165938864628821,0.6637554585152838,1.519650655021834,2.480349344978166,3.248908296943232,0.7634408602150536,3.3362445414847164
Pelle Larsson,larsspe01,24,MIA,SG,70,54,1849,0.8536585365853658,49,16,101,141,0.9540292049756626,0.31151974040021635,1.9664683612763656,1.2655489453758788,2.745267712276906,0.4609929078014185,2.920497566252028
Zach LaVine,lavinza01,30,SAC,SG,39,37,1224,0.47560975609756095,28,10,74,79,0.8235294117647058,0.29411764705882354,2.176470588235294,1.1176470588235294,2.323529411764706,0.48101265822784806,3
A.J. Lawson,lawsoaj01,25,TOR,SG,24,0,226,0.2926829268292683,12,4,6,27,1.911504424778761,0.6371681415929203,0.9557522123893805,2.5486725663716814,4.300884955752212,0.5925925925925926,2.8672566371681416
Kawhi Leonard,leonaka01,34,LAC,SF,65,65,2085,0.7926829268292683,122,27,133,67,2.1064748201438848,0.4661870503597122,2.2964028776978416,2.572661870503597,1.1568345323741007,2.2238805970149254,4.402877697841726
Malevy Leons,leonsma01,26,GSW,SF,25,2,276,0.3048780487804878,14,9,13,29,1.8260869565217392,1.1739130434782608,1.6956521739130435,3,3.782608695652174,0.7931034482758621,3.5217391304347827
Caris LeVert,leverca01,31,DET,SG,60,0,1154,0.7317073170731707,51,41,82,88,1.590987868284229,1.2790294627383014,2.558058925476603,2.87001733102253,2.7452339688041594,1.0454545454545454,4.1490467937608315
E.J. Liddell,liddeej01,25,BRK,PF,26,5,349,0.3170731707317073,6,10,15,40,0.6189111747851003,1.031518624641834,1.5472779369627507,1.6504297994269344,4.126074498567336,0.4,2.166189111747851
Dereck Lively II,livelde01,21,DAL,C,7,4,115,0.08536585365853659,4,11,10,16,1.2521739130434784,3.4434782608695653,3.1304347826086953,4.695652173913044,5.008695652173913,0.9375,4.3826086956521735
Isaiah Livers,liveris01,27,PHO,PF,36,0,347,0.43902439024390244,13,8,12,28,1.3487031700288183,0.8299711815561959,1.244956772334294,2.1786743515850144,2.9048991354466858,0.75,2.5936599423631126
Chris Livingston,livinch01,22,CLE,SF,3,0,17,0.036585365853658534,1,0,0,4,2.1176470588235294,0,0,2.1176470588235294,8.470588235294118,0.25,2.1176470588235294
Kevon Looney,looneke01,29,NOP,C,21,8,308,0.25609756097560976,9,10,9,31,1.051948051948052,1.1688311688311688,1.051948051948052,2.220779220779221,3.6233766233766236,0.6129032258064516,2.103896103896104
Brook Lopez,lopezbr01,37,LAC,C,75,40,1635,0.9146341463414634,45,87,61,137,0.9908256880733946,1.9155963302752295,1.3431192660550457,2.906422018348624,3.01651376146789,0.9635036496350365,2.33394495412844
Caleb Love,loveca01,24,POR,SG,49,1,1013,0.5975609756097561,27,4,62,47,0.9595261599210266,0.14215202369200394,2.2033563672260614,1.1016781836130305,1.6702862783810464,0.6595744680851063,3.162882527147088
Kevin Love,loveke01,37,UTA,PF,37,5,613,0.45121951219512196,14,9,30,52,0.8221859706362153,0.5285481239804242,1.7618270799347473,1.3507340946166395,3.0538336052202286,0.4423076923076923,2.5840130505709626
Lawson Lovering,loverla01,22,MEM,C,2,1,49,0.024390243902439025,3,1,2,6,2.204081632653061,0.7346938775510203,1.4693877551020407,2.9387755102040813,4.408163265306122,0.6666666666666666,3.6734693877551017
Kyle Lowry,lowryky01,39,PHI,PG,14,0,118,0.17073170731707318,2,2,4,7,0.6101694915254238,0.6101694915254238,1.2203389830508475,1.2203389830508475,2.135593220338983,0.5714285714285714,1.8305084745762712
Khaman Maluach,maluakh01,19,PHO,C,46,1,411,0.5609756097560976,5,33,25,34,0.43795620437956206,2.8905109489051095,2.18978102189781,3.3284671532846715,2.978102189781022,1.1176470588235294,2.627737226277372
Sandro Mamukelashvili,mamuksa01,26,TOR,C,80,13,1751,0.975609756097561,64,41,67,137,1.3158195316961736,0.8429468874928612,1.3774985722444317,2.1587664191890346,2.816676185037122,0.7664233576642334,2.693318103940605
Terance Mann,mannte01,29,BRK,SG,63,51,1529,0.7682926829268293,41,15,71,154,0.9653368214519293,0.3531720078482668,1.671680837148463,1.318508829300196,3.6258992805755397,0.3636363636363636,2.637017658600392
Tre Mann,manntr01,24,CHO,PG,53,1,669,0.6463414634146342,25,5,54,62,1.345291479820628,0.26905829596412556,2.905829596412556,1.6143497757847536,3.336322869955157,0.48387096774193555,4.251121076233184
Chris Mañon,manonch01,24,LAL,SG,9,0,46,0.10975609756097561,5,2,1,6,3.9130434782608696,1.5652173913043477,0.7826086956521738,5.478260869565217,4.695652173913043,1.1666666666666667,4.695652173913043
Lauri Markkanen,markkla01,28,UTA,PF,42,42,1443,0.5121951219512195,42,21,63,69,1.0478170478170479,0.5239085239085239,1.5717255717255718,1.5717255717255718,1.7214137214137215,0.9130434782608695,2.61954261954262
Naji Marshall,marshna01,28,DAL,SF,74,47,2184,0.9024390243902439,82,6,119,125,1.3516483516483515,0.09890109890109891,1.9615384615384617,1.4505494505494505,2.0604395604395602,0.7040000000000001,3.313186813186813
Alijah Martin,martial01,24,TOR,SG,23,0,146,0.2804878048780488,8,4,8,12,1.9726027397260273,0.9863013698630136,1.9726027397260273,2.958904109589041,2.958904109589041,1,3.9452054794520546
Caleb Martin,martica02,30,DAL,SF,58,12,856,0.7073170731707317,40,15,40,80,1.6822429906542056,0.630841121495327,1.6822429906542056,2.3130841121495327,3.364485981308411,0.6875,3.364485981308411
Cody Martin,martico01,30,IND,SF,4,0,55,0.04878048780487805,4,2,4,5,2.618181818181818,1.309090909090909,2.618181818181818,3.9272727272727272,3.272727272727273,1.2,5.236363636363636
Tyrese Martin,martity01,26,2TM,SG,46,6,777,0.5609756097560976,25,6,40,33,1.1583011583011582,0.277992277992278,1.8532818532818531,1.436293436293436,1.528957528957529,0.9393939393939392,3.0115830115830113
Jahmai Mashack,mashaja01,23,MEM,SG,31,7,673,0.3780487804878049,37,14,49,64,1.9791976225854384,0.7488855869242199,2.6210995542347697,2.7280832095096583,3.4234769687964337,0.7968750000000001,4.600297176820208
Garrison Mathews,mathega01,29,IND,SG,15,1,196,0.18292682926829268,6,3,3,19,1.1020408163265305,0.5510204081632653,0.5510204081632653,1.6530612244897958,3.4897959183673466,0.47368421052631576,1.6530612244897958
Bennedict Mathurin,mathube01,23,2TM,SF,54,25,1620,0.6585365853658537,43,13,118,122,0.9555555555555556,0.2888888888888889,2.6222222222222222,1.2444444444444445,2.7111111111111112,0.45901639344262296,3.577777777777778
Karlo Matković,matkoka01,24,NOP,PF,62,2,912,0.7560975609756098,25,54,34,95,0.9868421052631579,2.131578947368421,1.3421052631578947,3.1184210526315788,3.75,0.831578947368421,2.3289473684210527
Tyrese Maxey,maxeyty01,25,PHI,PG,70,70,2661,0.8536585365853658,130,55,171,142,1.7587373167981961,0.7440811724915445,2.3134160090191656,2.5028184892897407,1.9210822998872603,1.3028169014084507,4.072153325817362
Bez Mbeng,mbengbe01,22,UTA,SG,15,5,492,0.18292682926829268,34,5,22,46,2.4878048780487805,0.36585365853658536,1.6097560975609757,2.8536585365853657,3.3658536585365852,0.8478260869565217,4.097560975609756
Miles McBride,mcbrimi01,25,NYK,SG,41,15,1080,0.5,35,9,33,67,1.1666666666666665,0.3,1.0999999999999999,1.4666666666666666,2.2333333333333334,0.6567164179104477,2.2666666666666666
Jared McCain,mccaija01,21,2TM,SG,67,3,1160,0.8170731707317073,35,5,56,76,1.0862068965517242,0.15517241379310345,1.7379310344827585,1.2413793103448276,2.3586206896551727,0.5263157894736842,2.8241379310344827
Mac McClung,mccluma01,27,2TM,SG,11,0,135,0.13414634146341464,11,3,9,18,2.9333333333333336,0.8,2.4,3.7333333333333334,4.8,0.7777777777777778,5.333333333333334
CJ McCollum,mccolcj01,34,2TM,PG,76,60,2264,0.926829268292683,64,35,135,133,1.017667844522968,0.5565371024734983,2.146643109540636,1.5742049469964665,2.114840989399293,0.7443609022556391,3.1643109540636045
T.J. McConnell,mccontj01,33,IND,PG,56,4,963,0.6829268292682927,56,10,64,61,2.093457943925234,0.3738317757009346,2.392523364485981,2.4672897196261685,2.2803738317757007,1.0819672131147544,4.4859813084112155
Kevin McCullar Jr.,mcculke01,24,NYK,SF,21,0,155,0.25609756097560976,9,0,12,20,2.0903225806451613,0,2.7870967741935484,2.0903225806451613,4.64516129032258,0.45000000000000007,4.877419354838709
Jaden McDaniels,mcdanja02,25,MIN,PF,73,73,2316,0.8902439024390244,81,73,131,235,1.2590673575129534,1.1347150259067358,2.0362694300518136,2.393782383419689,3.6528497409326426,0.6553191489361702,3.295336787564767
Doug McDermott,mcderdo01,34,SAC,SF,29,0,439,0.35365853658536583,6,4,13,27,0.4920273348519362,0.32801822323462415,1.0660592255125285,0.8200455580865604,2.214123006833713,0.3703703703703704,1.5580865603644647
Bryce McGowens,mcgowbr01,23,NOP,SG,42,13,880,0.5121951219512195,27,9,17,84,1.1045454545454545,0.36818181818181817,0.6954545454545454,1.4727272727272727,3.4363636363636365,0.42857142857142855,1.7999999999999998
Jordan McLaughlin,mclaujo01,29,SAS,PG,44,0,282,0.5365853658536586,20,2,15,11,2.5531914893617023,0.2553191489361702,1.9148936170212767,2.8085106382978724,1.4042553191489362,2,4.468085106382979
Liam McNeeley,mcneeli01,20,CHO,SF,31,0,368,0.3780487804878049,5,3,13,34,0.4891304347826087,0.2934782608695652,1.2717391304347825,0.7826086956521738,3.326086956521739,0.23529411764705882,1.7608695652173911
De'Anthony Melton,meltode01,27,GSW,PG,49,24,1125,0.5975609756097561,77,20,91,89,2.464,0.64,2.912,3.104,2.848,1.0898876404494382,5.3759999999999994
Sam Merrill,merrisa01,29,CLE,SG,52,38,1377,0.6341463414634146,33,7,42,123,0.8627450980392156,0.1830065359477124,1.0980392156862746,1.045751633986928,3.215686274509804,0.32520325203252026,1.9607843137254903
Khris Middleton,middlkh01,34,2TM,SF,63,50,1439,0.7682926829268293,41,9,108,135,1.025712300208478,0.22515635858234886,2.701876302988186,1.2508686587908269,3.377345378735233,0.3703703703703703,3.727588603196664
Brandon Miller,millebr02,23,CHO,SF,65,65,1968,0.7926829268292683,66,44,163,151,1.207317073170732,0.8048780487804879,2.9817073170731705,2.01219512195122,2.762195121951219,0.7284768211920533,4.189024390243903
Emanuel Miller,milleem01,25,CHI,PF,5,0,33,0.06097560975609756,2,0,0,2,2.1818181818181817,0,0,2.1818181818181817,2.1818181818181817,1,2.1818181818181817
Jordan Miller,millejo02,26,LAC,SF,60,1,1325,0.7317073170731707,45,11,63,58,1.2226415094339622,0.2988679245283019,1.711698113207547,1.5215094339622641,1.5758490566037735,0.9655172413793104,2.9343396226415095
Leonard Miller,millele01,22,2TM,SF,46,12,719,0.5609756097560976,17,15,36,61,0.851182197496523,0.7510431154381085,1.8025034770514603,1.6022253129346316,3.054242002781641,0.5245901639344263,2.653685674547983
Riley Minix,minixri01,25,2TM,SF,9,0,58,0.10975609756097561,2,1,3,4,1.2413793103448276,0.6206896551724138,1.8620689655172413,1.8620689655172415,2.4827586206896552,0.75,3.103448275862069
Josh Minott,minotjo01,23,2TM,PF,49,11,834,0.5975609756097561,44,24,43,69,1.8992805755395683,1.0359712230215827,1.856115107913669,2.935251798561151,2.9784172661870505,0.9855072463768115,3.755395683453237
Yves Missi,missiyv01,21,NOP,C,66,14,1297,0.8048780487804879,20,101,54,102,0.5551272166538165,2.8033924441017732,1.4988434849653047,3.3585196607555896,2.831148804934464,1.1862745098039216,2.053970701619121
Ajay Mitchell,mitchaj01,23,OKC,SG,57,16,1473,0.6951219512195121,71,18,81,112,1.735234215885947,0.439918533604888,1.9796334012219958,2.175152749490835,2.7372708757637474,0.7946428571428571,3.714867617107943
Davion Mitchell,mitchda01,27,MIA,PG,70,70,2000,0.8536585365853658,68,11,108,177,1.2240000000000002,0.19799999999999998,1.944,1.4220000000000002,3.186,0.44632768361581926,3.168
Donovan Mitchell,mitchdo01,29,CLE,SG,70,70,2342,0.8536585365853658,104,20,198,155,1.5986336464560205,0.3074295473953885,3.0435525192143467,1.906063193851409,2.3825789923142615,0.7999999999999999,4.642186165670367
Evan Mobley,mobleev01,24,CLE,PF,65,63,2074,0.7926829268292683,48,113,122,151,0.8331726133076182,1.961427193828351,2.1176470588235294,2.794599807135969,2.621022179363549,1.0662251655629138,2.9508196721311477
Jonathan Mogbo,mogbojo01,24,TOR,PF,40,0,249,0.4878048780487805,11,8,14,22,1.5903614457831325,1.1566265060240963,2.0240963855421685,2.746987951807229,3.180722891566265,0.8636363636363636,3.614457831325301
Malik Monk,monkma01,27,SAC,SG,62,3,1364,0.7560975609756098,37,24,91,98,0.9765395894428153,0.6334310850439884,2.4017595307917885,1.6099706744868036,2.586510263929619,0.6224489795918366,3.3782991202346038
Moses Moody,moodymo01,23,GSW,SG,60,49,1540,0.7317073170731707,58,34,57,115,1.3558441558441559,0.7948051948051948,1.3324675324675324,2.150649350649351,2.688311688311688,0.8000000000000002,2.688311688311688
Wendell Moore Jr.,moorewe01,24,DET,SG,6,0,60,0.07317073170731707,2,2,1,3,1.2,1.2,0.6,2.4,1.8,1.3333333333333333,1.7999999999999998
Alex Morales,moralal01,28,ORL,PG,4,0,24,0.04878048780487805,0,0,4,7,0,0,6,0,10.5,0,6
Ja Morant,moranja01,26,MEM,PG,20,20,569,0.24390243902439024,20,6,71,40,1.2653778558875222,0.3796133567662566,4.492091388400703,1.6449912126537787,2.5307557117750443,0.6499999999999999,5.757469244288226
Monte Morris,morrimo01,30,IND,PG,6,0,65,0.07317073170731707,1,1,2,3,0.5538461538461539,0.5538461538461539,1.1076923076923078,1.1076923076923078,1.6615384615384616,0.6666666666666666,1.6615384615384616
Trey Murphy III,murphtr02,25,NOP,SF,66,66,2341,0.8048780487804879,99,24,120,130,1.5224263135412217,0.36907304570696287,1.845365228534814,1.8914993592481846,1.9991456642460488,0.9461538461538461,3.367791542076036
Collin Murray-Boyles,murraco01,20,TOR,PF,57,22,1246,0.6951219512195121,52,53,59,136,1.5024077046548958,1.5313001605136438,1.7046548956661316,3.0337078651685396,3.929373996789727,0.7720588235294118,3.207062600321027
Dejounte Murray,murrade01,29,NOP,PG,14,14,389,0.17073170731707318,23,3,47,31,2.12853470437018,0.27763496143958866,4.349614395886889,2.406169665809769,2.8688946015424164,0.838709677419355,6.4781491002570695
Jamal Murray,murraja01,28,DEN,PG,75,75,2652,0.9146341463414634,66,29,171,124,0.8959276018099547,0.3936651583710407,2.321266968325792,1.2895927601809953,1.6832579185520362,0.7661290322580644,3.2171945701357467
Keegan Murray,murrake02,25,SAC,PF,23,22,793,0.2804878048780488,24,36,27,42,1.08953341740227,1.634300126103405,1.2257250945775537,2.723833543505675,1.9066834804539723,1.4285714285714288,2.315258511979824
Kris Murray,murrakr01,25,POR,SF,57,15,1333,0.6951219512195121,51,22,47,86,1.377344336084021,0.5941485371342836,1.269317329332333,1.9714928732183046,2.32258064516129,0.8488372093023256,2.646661665416354
Svi Mykhailiuk,mykhasv01,28,UTA,SF,50,41,1156,0.6097560975609756,26,3,42,60,0.809688581314879,0.09342560553633217,1.3079584775086506,0.9031141868512111,1.8685121107266436,0.4833333333333334,2.1176470588235294
Larry Nance Jr.,nancela02,33,CLE,PF,35,3,449,0.4268292682926829,21,6,20,51,1.6837416481069043,0.48106904231625836,1.6035634743875278,2.1648106904231628,4.089086859688196,0.5294117647058824,3.2873051224944323
Pete Nance,nancepe01,25,MIL,PF,47,6,737,0.573170731707317,14,14,26,58,0.683853459972863,0.683853459972863,1.2700135685210312,1.367706919945726,2.8331071913161465,0.4827586206896552,1.9538670284938942
Grant Nelson,nelsogr02,23,BRK,PF,4,0,35,0.04878048780487805,1,5,4,6,1.0285714285714285,5.142857142857142,4.114285714285714,6.171428571428571,6.171428571428572,0.9999999999999999,5.142857142857142
Andrew Nembhard,nembhan01,26,IND,PG,57,57,1786,0.6951219512195121,51,8,137,118,1.0279955207166853,0.1612541993281075,2.761478163493841,1.189249720044793,2.3784994400895854,0.5000000000000001,3.7894736842105265
Ryan Nembhard,nembhry01,22,DAL,PG,60,27,1171,0.7317073170731707,25,2,85,82,0.7685738684884714,0.06148590947907771,2.613151152860803,0.8300597779675492,2.5209222886421863,0.32926829268292684,3.381725021349274
Aaron Nesmith,nesmiaa01,26,IND,SF,45,42,1335,0.5487804878048781,26,23,63,112,0.701123595505618,0.6202247191011235,1.698876404494382,1.3213483146067415,3.0202247191011238,0.43749999999999994,2.4
Asa Newell,newelas01,20,ATL,PF,44,2,500,0.5365853658536586,16,15,23,59,1.1520000000000001,1.08,1.656,2.232,4.247999999999999,0.5254237288135595,2.808
Tristen Newton,newtotr01,24,HOU,SG,1,0,12,0.012195121951219513,1,0,0,0,3,0,0,3,0,Inf,3
N'Faly Dante,nfalyda01,24,ATL,C,4,0,15,0.04878048780487805,2,0,1,1,4.8,0,2.4,4.8,2.4,2,7.199999999999999
Zeke Nnaji,nnajize01,25,DEN,PF,52,4,626,0.6341463414634146,17,24,27,67,0.9776357827476038,1.3801916932907348,1.5527156549520766,2.3578274760383384,3.853035143769968,0.6119402985074626,2.5303514376996805
Jusuf Nurkić,nurkiju01,31,UTA,C,41,36,1083,0.5,52,22,101,114,1.7285318559556786,0.7313019390581718,3.3573407202216066,2.4598337950138505,3.789473684210526,0.6491228070175439,5.085872576177286
Josh Oduro,odurojo01,25,NOP,PF,3,1,82,0.036585365853658534,0,0,2,12,0,0,0.8780487804878049,0,5.268292682926829,0,0.8780487804878049
Toby Okani,okanito01,24,MEM,SG,6,4,217,0.07317073170731707,4,3,3,18,0.663594470046083,0.4976958525345622,0.4976958525345622,1.1612903225806452,2.986175115207373,0.3888888888888889,1.1612903225806452
Josh Okogie,okogijo01,27,HOU,SG,78,32,1354,0.9512195121951219,63,16,41,106,1.675036927621861,0.4254062038404727,1.0901033973412113,2.1004431314623337,2.8183161004431314,0.7452830188679245,2.765140324963072
Onyeka Okongwu,okongon01,25,ATL,C,74,63,2297,0.9024390243902439,82,79,127,209,1.285154549412277,1.238136700043535,1.9904222899434045,2.523291249455812,3.2755768393556814,0.7703349282296651,3.2755768393556814
Isaac Okoro,okorois01,25,CHI,SG,63,62,1695,0.7682926829268293,46,29,46,156,0.9769911504424779,0.615929203539823,0.9769911504424779,1.5929203539823007,3.313274336283186,0.48076923076923067,1.9539823008849557
Lachlan Olbrich,olbrila01,22,CHI,C,37,2,344,0.45121951219512196,12,8,16,45,1.255813953488372,0.8372093023255813,1.6744186046511627,2.0930232558139537,4.709302325581396,0.4444444444444444,2.9302325581395348
Kelly Olynyk,olynyke01,34,SAS,C,42,0,360,0.5121951219512195,15,3,24,38,1.5,0.3,2.4,1.8,3.8,0.4736842105263158,3.9
Norchad Omier,omierno01,24,LAC,PF,6,0,24,0.07317073170731707,1,0,0,4,1.5,0,0,1.5,6,0.25,1.5
Royce O'Neale,onealro01,32,PHO,SF,78,67,2213,0.9512195121951219,84,32,103,164,1.3664708540442838,0.5205603253502034,1.675553547220967,1.8870311793944872,2.667871667419792,0.7073170731707317,3.042024401265251
Kelly Oubre Jr.,oubreke01,30,PHI,SF,50,41,1574,0.6097560975609756,68,24,69,122,1.5552731893265566,0.5489199491740788,1.5781448538754765,2.1041931385006354,2.790343074968234,0.7540983606557378,3.133418043202033
Chris Paul,paulch01,40,LAC,PG,16,0,228,0.1951219512195122,11,0,16,23,1.7368421052631577,0,2.526315789473684,1.7368421052631577,3.631578947368421,0.4782608695652174,4.263157894736842
Cameron Payne,payneca01,31,PHI,PG,22,1,374,0.2682926829268293,24,7,11,27,2.310160427807487,0.6737967914438502,1.0588235294117647,2.9839572192513373,2.598930481283422,1.1481481481481484,3.3689839572192515
Gary Payton II,paytoga02,33,GSW,SG,73,1,1142,0.8902439024390244,67,21,62,111,2.1120840630472855,0.6619964973730298,1.9544658493870404,2.774080560420315,3.499124343257443,0.7927927927927928,4.066549912434326
Micah Peavy,peavymi01,24,NOP,SG,61,4,913,0.7439024390243902,43,9,20,95,1.6955093099671414,0.3548740416210296,0.7886089813800657,2.050383351588171,3.7458926615553123,0.5473684210526316,2.4841182913472073
Sean Pedulla,pedulse01,23,LAC,PG,7,0,31,0.08536585365853659,0,0,1,4,0,0,1.161290322580645,0,4.64516129032258,0,1.161290322580645
Noah Penda,pendano01,21,ORL,SF,59,2,757,0.7195121951219512,30,18,42,69,1.42668428005284,0.85601056803170406,1.9973579920739761,2.282694848084544,3.281373844121532,0.6956521739130435,3.4240422721268162
Drew Peterson,peterdr01,26,CHO,PF,6,0,64,0.07317073170731707,3,1,0,3,1.6875,0.5625,0,2.25,1.6875,1.3333333333333333,1.6875
Taelon Peter,peterta01,23,IND,SG,38,0,492,0.4634146341463415,26,4,27,38,1.902439024390244,0.29268292682926833,1.975609756097561,2.1951219512195124,2.780487804878049,0.7894736842105263,3.8780487804878048
Julian Phillips,phillju01,22,2TM,SF,48,2,428,0.5853658536585366,22,7,11,42,1.8504672897196262,0.5887850467289719,0.9252336448598131,2.439252336448598,3.5327102803738315,0.6904761904761905,2.7757009345794392
Jalen Pickett,pickeja02,26,DEN,SG,50,18,807,0.6097560975609756,13,5,34,39,0.5799256505576208,0.22304832713754646,1.516728624535316,0.8029739776951672,1.7397769516728625,0.46153846153846145,2.096654275092937
Scotty Pippen Jr.,pippesc02,25,MEM,PG,10,6,212,0.12195121951219512,19,4,27,27,3.2264150943396226,0.6792452830188679,4.584905660377358,3.9056603773584904,4.584905660377358,0.8518518518518519,7.811320754716981
Daeqwon Plowden,plowdda01,27,SAC,SG,32,7,844,0.3902439024390244,23,7,26,76,0.981042654028436,0.29857819905213273,1.1090047393364928,1.2796208530805688,3.241706161137441,0.39473684210526316,2.090047393364929
Mason Plumlee,plumlma01,35,2TM,C,20,3,172,0.24390243902439024,10,0,12,14,2.0930232558139537,0,2.511627906976744,2.0930232558139537,2.930232558139535,0.7142857142857143,4.604651162790698
Brandin Podziemski,podzibr01,22,GSW,SG,82,43,2333,1,88,15,131,124,1.357908272610373,0.23146163737676811,2.0214316330904416,1.5893699099871412,1.9134162023146164,0.8306451612903227,3.3793399057008147
Jakob Poeltl,poeltja01,30,TOR,C,46,44,1149,0.5609756097560976,40,32,57,130,1.2532637075718016,1.0026109660574412,1.7859007832898173,2.2558746736292425,4.073107049608355,0.5538461538461538,3.039164490861619
Jordan Poole,poolejo01,26,NOP,PG,39,8,933,0.47560975609756095,22,15,69,87,0.8488745980707396,0.5787781350482315,2.662379421221865,1.427652733118971,3.3569131832797425,0.4252873563218391,3.5112540192926045
Craig Porter Jr.,portecr01,25,CLE,PG,64,3,1148,0.7804878048780488,57,38,59,70,1.7874564459930313,1.1916376306620209,1.8501742160278747,2.979094076655052,2.1951219512195124,1.357142857142857,3.6376306620209062
Kevin Porter Jr.,porteke02,25,MIL,PG,38,36,1261,0.4634146341463415,83,19,110,81,2.3695479777954005,0.542426645519429,3.140364789849326,2.9119746233148294,2.312450436161776,1.2592592592592593,5.509912767644726
Michael Porter Jr.,portemi01,27,BRK,SF,52,52,1689,0.6341463414634146,55,13,122,97,1.172291296625222,0.27708703374777977,2.600355239786856,1.4493783303730017,2.0674955595026643,0.7010309278350515,3.7726465364120783
Bobby Portis,portibo01,30,MIL,PF,67,9,1619,0.8170731707317073,41,12,66,101,0.9116738727609636,0.26683137739345275,1.4675725756639901,1.1785052501544162,2.245830759728227,0.5247524752475248,2.379246448424954
Kristaps Porziņģis,porzikr01,30,2TM,C,32,23,769,0.3902439024390244,18,38,41,86,0.8426527958387516,1.7789336801040312,1.9193758127438232,2.6215864759427827,4.026007802340702,0.6511627906976744,2.762028608582575
Quinten Post,postqu01,25,GSW,PF,67,35,1159,0.8170731707317073,26,35,56,110,0.8075927523727351,1.087144089732528,1.7394305435720447,1.894736842105263,3.4167385677308024,0.5545454545454546,2.54702329594478
Micah Potter,pottemi01,27,IND,C,47,7,908,0.573170731707317,22,15,47,72,0.8722466960352423,0.5947136563876652,1.8634361233480177,1.4669603524229076,2.854625550660793,0.513888888888889,2.73568281938326
John Poulakidas,poulajo01,22,DAL,SG,13,0,253,0.15853658536585366,7,4,4,28,0.9960474308300395,0.5691699604743082,0.5691699604743082,1.5652173913043477,3.984189723320158,0.3928571428571428,1.5652173913043477
Drake Powell,poweldr01,20,BRK,SG,63,24,1320,0.7682926829268293,36,14,60,87,0.9818181818181818,0.38181818181818183,1.6363636363636365,1.3636363636363638,2.3727272727272726,0.574712643678161,2.618181818181818
Dwight Powell,poweldw01,34,DAL,C,63,12,904,0.7682926829268293,34,21,41,123,1.3539823008849559,0.836283185840708,1.6327433628318584,2.190265486725664,4.898230088495575,0.4471544715447155,2.9867256637168142
Norman Powell,powelno01,32,MIA,SG,58,52,1717,0.7073170731707317,64,14,111,123,1.341875364006989,0.29353523587652885,2.327315084449621,1.6354105998835178,2.578916715200932,0.6341463414634146,3.66919044845661
Taurean Prince,princta02,31,MIL,SF,26,7,611,0.3170731707317073,16,6,31,48,0.9427168576104746,0.353518821603928,1.8265139116202946,1.2962356792144027,2.828150572831424,0.45833333333333337,2.769230769230769
Payton Pritchard,pritcpa01,28,BOS,PG,79,50,2556,0.9634146341463414,58,10,109,104,0.8169014084507042,0.14084507042253522,1.5352112676056338,0.9577464788732395,1.464788732394366,0.653846153846154,2.352112676056338
Tyrese Proctor,proctty01,21,CLE,PG,50,1,545,0.6097560975609756,25,0,40,54,1.651376146788991,0,2.6422018348623855,1.651376146788991,3.5669724770642204,0.46296296296296297,4.293577981651376
Olivier-Maxence Prosper,prospol01,23,MEM,PF,53,24,984,0.6463414634146342,40,13,47,77,1.4634146341463414,0.475609756097561,1.7195121951219514,1.9390243902439024,2.817073170731707,0.6883116883116883,3.182926829268293
Zyon Pullin,pullizy01,24,MIN,SG,5,0,43,0.06097560975609756,1,0,3,6,0.8372093023255813,0,2.511627906976744,0.8372093023255813,5.023255813953488,0.16666666666666666,3.3488372093023253
Derik Queen,queende01,21,NOP,C,81,48,2023,0.9878048780487805,84,74,190,193,1.4948096885813147,1.3168561542263963,3.38111715274345,2.8116658428077113,3.4345032130499256,0.8186528497409327,4.875926841324764
Neemias Queta,quetane01,26,BOS,C,76,75,1926,0.926829268292683,60,100,75,191,1.1214953271028036,1.8691588785046729,1.4018691588785046,2.9906542056074765,3.5700934579439254,0.8376963350785339,2.5233644859813085
Immanuel Quickley,quickim01,26,TOR,PG,70,70,2231,0.8536585365853658,92,5,102,135,1.4845360824742269,0.08068130883012102,1.6458987001344687,1.565217391304348,2.1783953384132677,0.7185185185185186,3.1304347826086953
Julius Randle,randlju01,31,MIN,PF,79,79,2610,0.9634146341463414,86,18,217,199,1.1862068965517243,0.2482758620689655,2.993103448275862,1.4344827586206899,2.7448275862068963,0.5226130653266333,4.179310344827586
Maxime Raynaud,raynama01,22,SAC,C,74,56,1964,0.9024390243902439,38,39,94,156,0.6965376782077393,0.714867617107943,1.7230142566191444,1.4114052953156824,2.859470468431772,0.4935897435897436,2.4195519348268837
Duop Reath,reathdu01,29,POR,C,32,0,258,0.3902439024390244,5,8,7,28,0.6976744186046512,1.1162790697674418,0.9767441860465116,1.8139534883720931,3.9069767441860463,0.46428571428571436,1.6744186046511627
Austin Reaves,reaveau01,27,LAL,SG,51,45,1762,0.6219512195121951,56,20,151,103,1.1441543700340522,0.4086265607264472,3.0851305334846764,1.5527809307604994,2.104426787741203,0.7378640776699029,4.229284903518728
Paul Reed,reedpa01,26,DET,C,65,11,901,0.7926829268292683,57,60,58,110,2.2774694783573803,2.3973362930077693,2.317425083240843,4.67480577136515,4.39511653718091,1.0636363636363635,4.594894561598224
Julian Reese,reeseju01,22,WAS,PF,13,10,402,0.15853658536585366,18,8,32,35,1.6119402985074627,0.7164179104477612,2.8656716417910446,2.328358208955224,3.1343283582089554,0.7428571428571429,4.477611940298507
Antonio Reeves,reevean01,25,CHO,SG,10,0,68,0.12195121951219512,1,0,1,3,0.5294117647058824,0,0.5294117647058824,0.5294117647058824,1.5882352941176472,0.3333333333333333,1.0588235294117647
Naz Reid,reidna01,26,MIN,C,77,3,2007,0.9390243902439024,76,78,126,182,1.3632286995515694,1.3991031390134527,2.2600896860986546,2.7623318385650224,3.2645739910313902,0.8461538461538461,3.623318385650224
Jase Richardson,richaja02,20,ORL,SG,54,0,587,0.6585365853658537,19,2,25,50,1.1652470187393527,0.12265758091993186,1.533219761499148,1.2879045996592846,3.066439522998296,0.4200000000000001,2.6984667802385007
Nick Richards,richani01,28,2TM,C,48,6,701,0.5853658536585366,10,32,59,70,0.5135520684736091,1.6433666191155494,3.029957203994294,2.1569186875891586,3.5948644793152638,0.6000000000000001,3.543509272467903
Will Richard,richawi02,23,GSW,SG,69,21,1377,0.8414634146341463,80,9,53,124,2.0915032679738563,0.23529411764705882,1.3856209150326797,2.326797385620915,3.241830065359477,0.717741935483871,3.477124183006536
Kadary Richmond,richmka01,24,WAS,SG,3,0,67,0.036585365853658534,8,1,2,2,4.298507462686567,0.5373134328358209,1.0746268656716418,4.835820895522388,1.0746268656716418,4.5,5.3731343283582085
Will Riley,rileywi01,19,WAS,SF,74,18,1633,0.9024390243902439,54,9,94,87,1.1904470300061238,0.19840783833435394,2.0722596448254746,1.3888548683404778,1.9179424372320883,0.7241379310344828,3.2627066748315983
Zaccharie Risacher,risacza01,20,ATL,SF,67,46,1503,0.8170731707317073,59,36,58,141,1.4131736526946108,0.8622754491017964,1.3892215568862276,2.2754491017964074,3.377245508982036,0.673758865248227,2.8023952095808387
Duncan Robinson,robindu01,31,DET,SF,77,77,2113,0.9390243902439024,44,22,54,163,0.7496450544249882,0.3748225272124941,0.9200189304306673,1.1244675816374823,2.77709417889257,0.4049079754601227,1.6696639848556556
Jeremiah Robinson-Earl,robinje02,25,2TM,PF,22,3,361,0.2682926829268293,9,1,12,25,0.8975069252077563,0.0997229916897507,1.1966759002770084,0.9972299168975071,2.4930747922437675,0.4,2.094182825484765
Mitchell Robinson,robinmi01,27,NYK,C,60,16,1175,0.7317073170731707,56,70,41,116,1.715744680851064,2.1446808510638298,1.2561702127659573,3.8604255319148937,3.5540425531914894,1.0862068965517242,2.971914893617021
Orlando Robinson,robinor01,25,ORL,C,4,1,25,0.04878048780487805,1,0,0,3,1.44,0,0,1.44,4.32,0.3333333333333333,1.44
David Roddy,roddyda01,24,DEN,PF,5,0,73,0.06097560975609756,4,1,2,7,1.9726027397260273,0.4931506849315068,0.9863013698630136,2.4657534246575343,3.4520547945205475,0.7142857142857144,2.958904109589041
Ryan Rollins,rolliry01,23,MIL,PG,74,67,2376,0.9024390243902439,110,31,201,181,1.6666666666666665,0.46969696969696967,3.0454545454545454,2.1363636363636362,2.742424242424242,0.7790055248618785,4.712121212121212
Rayan Rupert,ruperra01,21,2TM,SG,64,8,1072,0.7804878048780488,55,9,55,119,1.8470149253731345,0.30223880597014924,1.8470149253731345,2.1492537313432836,3.996268656716418,0.5378151260504201,3.694029850746269
D'Angelo Russell,russeda01,29,DAL,PG,26,3,495,0.3170731707317073,12,2,49,28,0.8727272727272727,0.14545454545454545,3.5636363636363635,1.018181818181818,2.0363636363636366,0.4999999999999999,4.4363636363636365
Cormac Ryan,ryanco01,27,MIL,SG,11,2,271,0.13414634146341464,11,3,17,26,1.4612546125461254,0.3985239852398524,2.2583025830258303,1.8597785977859778,3.4538745387453877,0.5384615384615384,3.719557195571956
Domantas Sabonis,sabondo01,29,SAC,C,19,15,564,0.23170731707317074,18,4,51,51,1.1489361702127658,0.2553191489361702,3.2553191489361706,1.404255319148936,3.2553191489361706,0.43137254901960775,4.404255319148937
Tidjane Salaün,salauti01,20,CHO,PF,37,0,575,0.45121951219512196,16,7,26,50,1.0017391304347827,0.43826086956521737,1.6278260869565218,1.44,3.1304347826086953,0.46,2.6295652173913044
Hunter Sallis,sallihu01,22,PHI,SG,7,0,26,0.08536585365853659,0,1,5,2,0,1.3846153846153846,6.923076923076923,1.3846153846153846,2.769230769230769,0.5,6.923076923076923
Kobe Sanders,sandeko01,23,LAC,SG,68,16,1351,0.8292682926829268,49,10,81,136,1.305699481865285,0.2664692820133234,2.15840118430792,1.5721687638786084,3.6239822353811992,0.43382352941176466,3.464100666173205
Payton Sandfort,sandfpa01,23,OKC,SF,4,0,63,0.04878048780487805,1,0,1,8,0.5714285714285714,0,0.5714285714285714,0.5714285714285714,4.571428571428571,0.125,1.1428571428571428
Gui Santos,santogu01,23,GSW,PF,68,30,1395,0.8292682926829268,61,22,102,138,1.5741935483870968,0.5677419354838711,2.632258064516129,2.141935483870968,3.561290322580645,0.601449275362319,4.206451612903226
Ben Saraf,sarafbe01,19,BRK,SG,44,11,916,0.5365853658536586,38,8,99,77,1.4934497816593886,0.31441048034934493,3.890829694323144,1.8078602620087336,3.0262008733624457,0.5974025974025974,5.384279475982533
Dario Šarić,saricda01,31,SAC,C,5,0,41,0.06097560975609756,0,0,2,3,0,0,1.7560975609756098,0,2.6341463414634143,0,1.7560975609756098
Alex Sarr,sarral01,20,WAS,C,48,48,1305,0.5853658536585366,39,95,82,95,1.0758620689655172,2.6206896551724137,2.262068965517241,3.696551724137931,2.6206896551724137,1.4105263157894736,3.337931034482758
Olivier Sarr,sarrol01,26,CLE,C,4,0,39,0.04878048780487805,2,3,2,8,1.846153846153846,2.769230769230769,1.846153846153846,4.615384615384615,7.384615384615384,0.625,3.692307692307692
Marcus Sasser,sassema01,25,DET,PG,38,5,457,0.4634146341463415,20,4,31,40,1.575492341356674,0.3150984682713348,2.4420131291028446,1.8905908096280086,3.150984682713348,0.6,4.017505470459518
Baylor Scheierman,scheiba01,25,BOS,SG,77,20,1429,0.9390243902439024,42,6,46,105,1.0580825752274319,0.1511546536039188,1.158852344296711,1.2092372288313507,2.6452064380685796,0.45714285714285713,2.216934919524143
Dennis Schröder,schrode01,32,2TM,PG,70,17,1697,0.8536585365853658,55,11,124,104,1.1667648791985856,0.23335297583971715,2.630524454920448,1.4001178550383027,2.206246317030053,0.6346153846153845,3.7972893341190335
Tre Scott,scotttr01,29,BRK,PF,6,4,182,0.07317073170731707,8,5,4,12,1.5824175824175826,0.989010989010989,0.7912087912087913,2.5714285714285716,2.3736263736263736,1.0833333333333335,2.373626373626374
Mark Sears,searsma01,23,MIL,PG,7,0,26,0.08536585365853659,0,0,4,4,0,0,5.538461538461538,0,5.538461538461538,0,5.538461538461538
Alperen Şengün,sengual01,23,HOU,C,72,72,2398,0.8780487804878049,85,77,227,207,1.2760633861551292,1.1559633027522938,3.407839866555463,2.432026688907423,3.107589658048374,0.782608695652174,4.683903252710592
Brice Sensabaugh,sensabr01,22,UTA,SF,75,22,1762,0.9146341463414634,54,12,124,133,1.1032917139614073,0.24517593643586832,2.5334846765039725,1.3484676503972757,2.7173666288308738,0.49624060150375937,3.63677639046538
Collin Sexton,sextoco01,27,2TM,SG,68,22,1614,0.8292682926829268,76,10,141,125,1.695167286245353,0.22304832713754646,3.1449814126394053,1.9182156133828996,2.7881040892193307,0.6880000000000001,4.840148698884758
Landry Shamet,shamela01,28,NYK,SG,51,12,1171,0.6219512195121951,31,9,30,76,0.9530315969257045,0.2766865926558497,0.9222886421861657,1.229718189581554,2.336464560204953,0.5263157894736842,1.8753202391118702
Terrence Shannon Jr.,shannte01,25,MIN,SG,43,2,538,0.524390243902439,14,1,24,50,0.9368029739776952,0.06691449814126393,1.6059479553903344,1.003717472118959,3.3457249070631967,0.3,2.5427509293680295
Day'Ron Sharpe,sharpda01,24,BRK,C,62,7,1160,0.7560975609756098,67,26,106,116,2.079310344827586,0.8068965517241379,3.2896551724137932,2.886206896551724,3.6,0.8017241379310345,5.36896551724138
Shaedon Sharpe,sharpsh01,22,POR,SG,50,42,1471,0.6097560975609756,70,6,147,91,1.7131203263086336,0.1468388851121686,3.5975526852481305,1.8599592114208023,2.2270564242012236,0.8351648351648352,5.310673011556764
Jamal Shead,sheadja01,23,TOR,PG,82,12,1852,1,76,15,112,155,1.4773218142548596,0.29157667386609076,2.1771058315334773,1.7688984881209504,3.0129589632829377,0.5870967741935483,3.6544276457883367
Ben Sheppard,sheppbe01,24,IND,SG,65,20,1390,0.7926829268292683,39,6,41,111,1.0100719424460431,0.1553956834532374,1.0618705035971223,1.1654676258992804,2.874820143884892,0.4054054054054054,2.0719424460431655
Reed Sheppard,sheppre01,21,HOU,SG,82,21,2147,1,122,54,123,163,2.0456450861667443,0.9054494643688868,2.062412668840242,2.951094550535631,2.733115975780158,1.079754601226994,4.108057755006986
Max Shulga,shulgma01,23,BOS,SG,11,1,36,0.13414634146341464,1,0,3,10,1,0,3,1,10,0.1,4
Pascal Siakam,siakapa01,31,IND,PF,62,62,2057,0.7560975609756098,69,25,138,117,1.207583859990277,0.4375303840544482,2.415167719980554,1.6451142440447253,2.0476421973748176,0.8034188034188035,3.6227515799708314
Anfernee Simons,simonan01,26,2TM,SG,55,5,1372,0.6707317073170732,27,8,68,91,0.7084548104956269,0.2099125364431487,1.784256559766764,0.9183673469387755,2.3877551020408165,0.3846153846153846,2.492711370262391
KJ Simpson,simpskj01,23,2TM,PG,20,2,257,0.24390243902439024,16,0,25,15,2.2412451361867705,0,3.501945525291829,2.2412451361867705,2.1011673151750974,1.0666666666666667,5.743190661478599
Jericho Sims,simsje01,27,MIL,C,67,19,1318,0.8170731707317073,19,17,75,118,0.5189681335356601,0.464339908952959,2.04855842185129,0.9833080424886191,3.2230652503793626,0.3050847457627119,2.5675265553869497
Jalen Slawson,slawsja01,26,IND,SF,13,6,311,0.15853658536585366,20,14,17,26,2.315112540192926,1.6205787781350482,1.9678456591639872,3.935691318327974,3.009646302250804,1.3076923076923075,4.282958199356913
Javon Small,smallja01,23,MEM,PG,41,12,830,0.5,34,9,56,62,1.4746987951807229,0.39036144578313253,2.4289156626506023,1.8650602409638555,2.689156626506024,0.6935483870967742,3.903614457831325
Marcus Smart,smartma01,31,LAL,SG,62,54,1769,0.7560975609756098,87,23,92,153,1.7704918032786885,0.46806105144149235,1.8722442057659694,2.2385528547201807,3.1136235161107972,0.718954248366013,3.6427360090446577
Dru Smith,smithdr01,28,MIA,SG,70,1,1141,0.8536585365853658,100,21,55,108,3.15512708150745,0.6625766871165645,1.7353198948290973,3.8177037686240145,3.4075372480280457,1.1203703703703705,4.8904469763365475
Jalen Smith,smithja04,25,CHI,C,53,21,1095,0.6463414634146342,24,42,53,100,0.7890410958904109,1.3808219178082193,1.7424657534246575,2.16986301369863,3.287671232876712,0.66,2.5315068493150683
Jabari Smith Jr.,smithja05,22,HOU,PF,77,77,2705,0.9390243902439024,56,71,105,178,0.7452865064695009,0.944916820702403,1.3974121996303142,1.690203327171904,2.368946395563771,0.7134831460674157,2.1426987060998153
Malachi Smith,smithma02,26,BRK,SG,15,4,359,0.18292682926829268,12,4,14,13,1.2033426183844012,0.4011142061281337,1.403899721448468,1.6044568245125348,1.3036211699164346,1.2307692307692306,2.6072423398328692
Nick Smith Jr.,smithni01,21,LAL,SG,30,1,375,0.36585365853658536,9,2,21,27,0.864,0.192,2.016,1.056,2.5919999999999996,0.4074074074074075,2.88
Tolu Smith,smithto05,25,DET,PF,15,0,137,0.18292682926829268,2,6,7,20,0.5255474452554745,1.5766423357664234,1.8394160583941606,2.102189781021898,5.255474452554744,0.4,2.3649635036496353
Tyler Smith,smithty02,21,DAL,PF,12,0,166,0.14634146341463414,6,0,6,12,1.3012048192771084,0,1.3012048192771084,1.3012048192771084,2.602409638554217,0.5,2.602409638554217
Jeremy Sochan,sochaje01,22,2TM,PF,44,0,469,0.5365853658536586,17,7,21,58,1.304904051172708,0.5373134328358209,1.6119402985074627,1.8422174840085288,4.452025586353944,0.4137931034482759,2.9168443496801704
Cam Spencer,spencca01,25,MEM,SG,72,20,1714,0.8780487804878049,52,11,93,101,1.0921820303383898,0.23103850641773627,1.9533255542590433,1.323220536756126,2.121353558926488,0.6237623762376238,3.0455075845974333
Pat Spencer,spencpa01,29,GSW,PG,66,14,1229,0.8048780487804879,48,5,85,72,1.4060211554109032,0.1464605370219691,2.4898291293734744,1.5524816924328724,2.1090317331163546,0.7361111111111113,3.8958502847843777
Isaiah Stevens,steveis01,25,SAC,PG,3,0,43,0.036585365853658534,5,0,2,2,4.186046511627907,0,1.6744186046511627,4.186046511627907,1.6744186046511627,2.5000000000000004,5.8604651162790695
Isaiah Stewart,stewais01,24,DET,C,58,13,1317,0.7073170731707317,16,93,67,145,0.43735763097949887,2.5421412300683373,1.8314350797266514,2.979498861047836,3.9635535307517085,0.7517241379310345,2.2687927107061503
Julian Strawther,strawju01,23,DEN,SG,57,14,861,0.6951219512195121,25,6,36,64,1.0452961672473868,0.2508710801393728,1.505226480836237,1.2961672473867596,2.6759581881533103,0.48437499999999994,2.550522648083624
Max Strus,strusma01,29,CLE,SF,12,5,288,0.14634146341463414,3,0,9,34,0.375,0,1.125,0.375,4.25,0.08823529411764706,1.5
Jalen Suggs,suggsja01,24,ORL,PG,57,56,1574,0.6951219512195121,105,40,152,132,2.401524777636595,0.9148665819567979,3.4764930114358323,3.3163913595933927,3.019059720457433,1.0984848484848486,5.878017789072427
Jae'Sean Tate,tateja01,30,HOU,SF,46,1,405,0.5609756097560976,10,3,16,43,0.8888888888888888,0.26666666666666666,1.4222222222222223,1.1555555555555554,3.8222222222222224,0.3023255813953488,2.311111111111111
Jayson Tatum,tatumja01,27,BOS,PF,16,16,522,0.1951219512195122,22,3,39,19,1.517241379310345,0.20689655172413793,2.689655172413793,1.7241379310344829,1.3103448275862069,1.3157894736842106,4.206896551724138
Jahmyl Telfort,telfoja01,24,LAC,PF,8,0,32,0.0975609756097561,1,0,1,4,1.125,0,1.125,1.125,4.5,0.25,2.25
Garrett Temple,templga01,39,TOR,SG,22,0,73,0.2682926829268293,4,2,7,6,1.9726027397260273,0.9863013698630136,3.4520547945205475,2.958904109589041,2.958904109589041,1,5.424657534246575
Dalen Terry,terryda01,23,2TM,SG,48,0,551,0.5853658536585366,29,15,26,48,1.894736842105263,0.9800362976406534,1.6987295825771327,2.8747731397459164,3.1361161524500907,0.9166666666666666,3.5934664246823957
Adou Thiero,thierad01,21,LAL,SF,25,0,149,0.3048780487804878,7,2,9,18,1.691275167785235,0.4832214765100671,2.174496644295302,2.174496644295302,4.348993288590604,0.5,3.8657718120805367
Cam Thomas,thomaca02,24,2TM,SG,42,8,881,0.5121951219512195,9,4,74,38,0.3677639046538025,0.16345062429057888,3.0238365493757096,0.5312145289443814,1.5527809307604994,0.34210526315789475,3.391600454029512
Amen Thompson,thompam01,23,HOU,PG,79,79,2953,0.9634146341463414,119,48,190,161,1.4507280731459533,0.5851676261429055,2.316288520149001,2.035895699288859,1.9627497460209955,1.0372670807453417,3.7670165932949544
Ausar Thompson,thompau01,23,DET,SF,73,72,1896,0.8902439024390244,146,69,110,191,2.7721518987341773,1.3101265822784809,2.088607594936709,4.082278481012658,3.626582278481013,1.12565445026178,4.860759493670886
Ethan Thompson,thompet01,26,IND,SG,32,13,653,0.3902439024390244,20,9,25,68,1.1026033690658499,0.49617151607963245,1.3782542113323122,1.5987748851454824,3.74885145482389,0.4264705882352941,2.480857580398162
Klay Thompson,thompkl01,35,DAL,SF,69,8,1497,0.8414634146341463,33,22,63,65,0.7935871743486974,0.5290581162324649,1.5150300601202404,1.3226452905811623,1.56312625250501,0.8461538461538461,2.308617234468938
Matisse Thybulle,thybuma01,28,POR,SG,30,0,480,0.36585365853658536,60,16,28,42,4.5,1.2,2.1,5.7,3.15,1.8095238095238095,6.6
Xavier Tillman Sr.,tillmxa01,27,2TM,C,30,1,183,0.36585365853658536,9,5,8,12,1.7704918032786885,0.9836065573770492,1.5737704918032787,2.7540983606557377,2.360655737704918,1.1666666666666667,3.3442622950819674
Drew Timme,timmedr01,25,LAL,PF,27,1,235,0.32926829268292684,6,0,13,19,0.9191489361702128,0,1.9914893617021274,0.9191489361702128,2.9106382978723406,0.3157894736842105,2.91063829787234
Nae'Qwan Tomlin,tomlina01,25,CLE,PF,64,3,1004,0.7804878048780488,41,34,29,119,1.4701195219123506,1.2191235059760954,1.0398406374501992,2.689243027888446,4.266932270916335,0.630252100840336,2.50996015936255
John Tonje,tonjejo01,24,BOS,SG,6,0,42,0.07317073170731707,2,0,0,5,1.7142857142857142,0,0,1.7142857142857142,4.285714285714286,0.39999999999999997,1.7142857142857142
Nikola Topić,topicni01,20,OKC,PG,10,2,160,0.12195121951219512,5,0,25,13,1.125,0,5.625,1.125,2.9250000000000003,0.3846153846153846,6.75
Jacob Toppin,toppija01,25,ATL,SF,5,0,17,0.06097560975609756,0,1,0,1,0,2.1176470588235294,0,2.1176470588235294,2.1176470588235294,1,0
Obi Toppin,toppiob01,27,IND,PF,24,3,424,0.2926829268292683,12,1,28,27,1.0188679245283019,0.08490566037735849,2.3773584905660377,1.1037735849056605,2.292452830188679,0.48148148148148157,3.3962264150943398
Karl-Anthony Towns,townska01,30,NYK,C,75,75,2322,0.9146341463414634,65,40,187,190,1.0077519379844961,0.6201550387596899,2.89922480620155,1.627906976744186,2.945736434108527,0.5526315789473685,3.9069767441860463
Nolan Traoré,traorno01,19,BRK,PG,56,31,1243,0.6829268292682927,45,23,129,116,1.3032984714400644,0.666130329847144,3.7361222847948508,1.9694288012872083,3.359613837489944,0.5862068965517241,5.039420756234915
Luke Travers,travelu01,24,CLE,SG,12,0,103,0.14634146341463414,7,4,3,5,2.4466019417475726,1.3980582524271843,1.0485436893203883,3.844660194174757,1.7475728155339805,2.1999999999999997,3.495145631067961
Gary Trent Jr.,trentga02,27,MIL,SG,65,21,1377,0.7926829268292683,34,3,41,78,0.8888888888888888,0.07843137254901962,1.0718954248366013,0.9673202614379085,2.0392156862745097,0.4743589743589744,1.9607843137254901
Oscar Tshiebwe,tshieos01,26,UTA,C,27,6,448,0.32926829268292684,16,5,21,39,1.2857142857142856,0.4017857142857143,1.6875,1.6875,3.133928571428571,0.5384615384615385,2.9732142857142856
Myles Turner,turnemy01,29,MIL,C,71,71,1912,0.8658536585365854,50,115,83,165,0.9414225941422594,2.1652719665271967,1.5627615062761506,3.106694560669456,3.106694560669456,1,2.50418410041841
Hunter Tyson,tysonhu01,25,DEN,PF,21,2,162,0.25609756097560976,2,1,5,11,0.4444444444444444,0.2222222222222222,1.1111111111111112,0.6666666666666666,2.444444444444444,0.27272727272727276,1.5555555555555556
Jaylon Tyson,tysonja01,23,CLE,SG,66,42,1777,0.8048780487804879,54,28,99,155,1.0939786156443443,0.5672481710748452,2.0056274620146315,1.6612267867191894,3.1401238041643222,0.529032258064516,3.0996060776589758
Stanley Umude,umudest01,26,SAS,SG,2,0,7,0.024390243902439025,1,0,0,2,5.142857142857142,0,0,5.142857142857142,10.285714285714285,0.5,5.142857142857142
Jonas Valančiūnas,valanjo01,33,DEN,C,65,6,871,0.7926829268292683,14,37,73,103,0.5786452353616532,1.529276693455798,3.0172215843857635,2.107921928817451,4.257175660160735,0.4951456310679611,3.5958668197474166
Jarred Vanderbilt,vandeja01,26,LAL,PF,65,3,1128,0.7926829268292683,55,19,56,98,1.7553191489361701,0.6063829787234043,1.7872340425531916,2.3617021276595747,3.127659574468085,0.7551020408163266,3.542553191489362
Devin Vassell,vassede01,25,SAS,SG,67,65,2044,0.8170731707317073,57,25,60,100,1.0039138943248531,0.44031311154598823,1.0567514677103718,1.4442270058708413,1.761252446183953,0.82,2.060665362035225
Gabe Vincent,vincega01,29,2TM,PG,53,7,879,0.6463414634146342,27,3,27,75,1.10580204778157,0.12286689419795221,1.10580204778157,1.2286689419795223,3.071672354948806,0.39999999999999997,2.21160409556314
Nikola Vučević,vucevni01,35,2TM,C,64,49,1818,0.7804878048780488,39,41,85,115,0.7722772277227723,0.8118811881188119,1.683168316831683,1.5841584158415842,2.277227722772277,0.6956521739130436,2.4554455445544554
Tristan Vukcevic,vukcetr01,22,WAS,C,49,12,671,0.5975609756097561,23,33,62,71,1.23397913561848,1.7704918032786885,3.3263785394932937,3.0044709388971684,3.809239940387481,0.7887323943661972,4.560357675111773
Dean Wade,wadede01,29,CLE,PF,59,38,1318,0.7195121951219512,44,23,16,87,1.2018209408194234,0.6282245827010623,0.4370257966616085,1.8300455235204858,2.3763277693474962,0.7701149425287357,1.6388467374810318
Franz Wagner,wagnefr01,24,ORL,SF,34,32,1019,0.4146341463414634,32,11,58,70,1.1305201177625122,0.3886162904808636,2.049067713444553,1.5191364082433758,2.4730127576054954,0.6142857142857143,3.1795878312070656
Moritz Wagner,wagnemo01,28,ORL,C,36,0,427,0.43902439024390244,15,2,19,54,1.2646370023419202,0.1686182669789227,1.6018735362997658,1.433255269320843,4.552693208430913,0.31481481481481477,2.866510538641686
Jabari Walker,walkeja01,23,PHI,PF,64,6,762,0.7804878048780488,23,13,27,99,1.0866141732283465,0.6141732283464567,1.2755905511811023,1.7007874015748032,4.677165354330708,0.3636363636363637,2.362204724409449
Jarace Walker,walkeja02,22,IND,PF,76,41,1953,0.926829268292683,63,26,139,116,1.161290322580645,0.4792626728110599,2.5622119815668203,1.6405529953917048,2.1382488479262673,0.7672413793103448,3.7235023041474653
Cason Wallace,wallaca01,22,OKC,SG,77,58,2046,0.9390243902439024,150,28,73,151,2.6392961876832848,0.49266862170087977,1.2844574780058653,3.1319648093841645,2.6568914956011733,1.1788079470198676,3.92375366568915
Keaton Wallace,wallake01,26,ATL,PG,53,3,536,0.6463414634146342,24,5,28,47,1.6119402985074627,0.33582089552238803,1.880597014925373,1.9477611940298507,3.156716417910448,0.6170212765957447,3.4925373134328357
Jordan Walsh,walshjo01,21,BOS,PF,68,25,1212,0.8292682926829268,49,31,35,133,1.4554455445544554,0.9207920792079208,1.0396039603960396,2.376237623762376,3.9504950495049505,0.6015037593984962,2.495049504950495
Ja'Kobe Walter,walteja01,21,TOR,SG,72,19,1474,0.8780487804878049,73,14,37,157,1.7829036635006783,0.3419267299864315,0.903663500678426,2.12483039348711,3.8344640434192674,0.554140127388535,2.6865671641791042
Kel'el Ware,wareke01,21,MIA,C,77,34,1704,0.9390243902439024,59,84,62,108,1.2464788732394365,1.7746478873239435,1.3098591549295775,3.02112676056338,2.2816901408450705,1.324074074074074,2.556338028169014
P.J. Washington,washipj01,27,DAL,PF,56,53,1736,0.6829268292682927,55,60,94,109,1.140552995391705,1.2442396313364057,1.9493087557603688,2.3847926267281108,2.26036866359447,1.0550458715596331,3.089861751152074
TyTy Washington Jr.,washity02,24,LAC,PG,16,0,88,0.1951219512195122,6,3,3,7,2.454545454545454,1.227272727272727,1.227272727272727,3.681818181818181,2.8636363636363638,1.2857142857142854,3.681818181818181
Lindy Waters III,waterli01,28,SAS,SG,40,0,285,0.4878048780487805,6,1,7,23,0.7578947368421053,0.12631578947368421,0.8842105263157894,0.8842105263157896,2.905263157894737,0.30434782608695654,1.6421052631578947
Trendon Watford,watfotr01,25,PHI,PF,53,7,864,0.6463414634146342,16,22,64,96,0.6666666666666666,0.9166666666666666,2.6666666666666665,1.5833333333333333,4,0.3958333333333333,3.333333333333333
Jamir Watkins,watkija01,24,WAS,SG,50,7,1032,0.6097560975609756,54,25,40,122,1.8837209302325582,0.872093023255814,1.3953488372093024,2.755813953488372,4.2558139534883725,0.6475409836065573,3.2790697674418605
Peyton Watson,watsope01,23,DEN,SF,54,40,1598,0.6585365853658537,50,61,93,123,1.1264080100125158,1.374217772215269,2.095118898623279,2.500625782227785,2.7709637046307884,0.902439024390244,3.221526908635795
Jaylen Wells,wellsja01,22,MEM,SG,69,69,1821,0.8414634146341463,61,9,74,144,1.2059308072487644,0.17792421746293244,1.4629324546952225,1.383855024711697,2.846787479406919,0.4861111111111112,2.668863261943987
Victor Wembanyama,wembavi01,22,SAS,C,64,55,1866,0.7804878048780488,66,197,155,128,1.2733118971061093,3.8006430868167205,2.990353697749196,5.07395498392283,2.469453376205788,2.0546875,4.263665594855305
Blake Wesley,weslebl01,22,POR,SG,31,0,361,0.3780487804878049,16,5,31,33,1.5955678670360112,0.4986149584487535,3.0914127423822713,2.0941828254847645,3.290858725761773,0.6363636363636364,4.686980609418282
Russell Westbrook,westbru01,37,SAC,SF,64,58,1853,0.7804878048780488,83,12,209,143,1.6125202374527794,0.2331354560172693,4.060442525634107,1.8456556934700488,2.778197517539126,0.6643356643356644,5.672962763086886
Coby White,whiteco01,25,2TM,SG,50,26,1249,0.6097560975609756,25,5,128,100,0.7205764611689351,0.14411529223378702,3.6893514811849477,0.8646917534027222,2.8823058446757406,0.3,4.409927942353883
Dariq Whitehead,whiteda01,21,MEM,SF,6,2,183,0.07317073170731707,4,0,10,13,0.7868852459016393,0,1.9672131147540983,0.7868852459016393,2.5573770491803276,0.3076923076923077,2.7540983606557377
Derrick White,whitede01,31,BOS,SG,77,77,2625,0.9390243902439024,88,98,134,116,1.2068571428571429,1.344,1.8377142857142859,2.5508571428571427,1.5908571428571427,1.603448275862069,3.0445714285714285
Cam Whitmore,whitmca01,21,WAS,SF,21,0,354,0.25609756097560976,15,8,18,23,1.5254237288135593,0.8135593220338984,1.8305084745762712,2.3389830508474576,2.3389830508474576,1,3.3559322033898304
Aaron Wiggins,wiggiaa01,27,OKC,SG,65,21,1414,0.7926829268292683,60,28,81,81,1.5275813295615277,0.7128712871287128,2.062234794908062,2.2404526166902405,2.062234794908062,1.08641975308642,3.58981612446959
Andrew Wiggins,wiggian01,30,MIA,SF,68,68,2063,0.8292682926829268,76,69,103,149,1.3262239457101308,1.2040717401841976,1.79738245273873,2.5302956858943286,2.6000969461948618,0.9731543624161074,3.123606398448861
Alondes Williams,willial06,26,WAS,SG,4,0,101,0.04878048780487805,3,3,5,4,1.0693069306930694,1.0693069306930694,1.7821782178217822,2.1386138613861387,1.4257425742574257,1.5000000000000002,2.8514851485148514
Amari Williams,william01,24,BOS,PF,22,2,146,0.2682926829268293,3,10,11,14,0.7397260273972602,2.4657534246575343,2.7123287671232874,3.2054794520547945,3.4520547945205475,0.9285714285714287,3.4520547945205475
Brandon Williams,willibr03,26,DAL,PG,66,15,1463,0.8048780487804879,62,20,125,98,1.525632262474368,0.49213943950786054,3.0758714969241283,2.0177717019822285,2.411483253588517,0.8367346938775511,4.601503759398496
Cody Williams,willico04,21,UTA,SG,67,41,1631,0.8170731707317073,51,26,73,114,1.125689760882894,0.5738810545677498,1.6112814224402205,1.699570815450644,2.516247700797057,0.6754385964912281,2.7369711833231145
Grant Williams,willigr01,27,CHO,PF,36,3,711,0.43902439024390244,17,18,31,48,0.860759493670886,0.9113924050632911,1.5696202531645569,1.7721518987341771,2.4303797468354427,0.7291666666666667,2.4303797468354427
Jalen Williams,willija06,24,OKC,SG,33,33,936,0.4024390243902439,39,9,63,58,1.5,0.34615384615384615,2.423076923076923,1.8461538461538463,2.230769230769231,0.8275862068965517,3.923076923076923
Jaylin Williams,willija07,23,OKC,PF,65,11,1277,0.7926829268292683,31,42,67,108,0.8739232576350823,1.1840250587314016,1.8888018794048551,2.057948316366484,3.044635865309319,0.6759259259259258,2.7627251370399373
Nate Williams,willije02,26,GSW,SG,14,2,239,0.17073170731707318,5,0,15,24,0.7531380753138075,0,2.2594142259414225,0.7531380753138075,3.6150627615062763,0.20833333333333331,3.01255230125523
Kenrich Williams,willike04,31,OKC,PF,56,2,855,0.6829268292682927,31,5,43,57,1.305263157894737,0.21052631578947367,1.8105263157894738,1.5157894736842106,2.4,0.6315789473684211,3.1157894736842104
Lucas Williamson,willilu01,27,MEM,SG,7,2,224,0.08536585365853659,11,1,10,26,1.7678571428571428,0.1607142857142857,1.6071428571428572,1.9285714285714284,4.178571428571429,0.46153846153846145,3.375
Mark Williams,willima07,24,PHO,C,60,55,1416,0.7317073170731707,55,55,65,109,1.3983050847457628,1.3983050847457628,1.652542372881356,2.7966101694915255,2.7711864406779663,1.0091743119266054,3.0508474576271185
Patrick Williams,willipa01,24,CHI,PF,72,6,1474,0.8780487804878049,49,26,75,88,1.1967435549525103,0.6350067842605156,1.8317503392130257,1.8317503392130259,2.1492537313432836,0.8522727272727273,3.028493894165536
Robert Williams,williro04,28,POR,C,59,1,1008,0.7195121951219512,35,87,49,69,1.25,3.107142857142857,1.75,4.357142857142858,2.4642857142857144,1.7681159420289856,3
Vince Williams Jr.,willivi01,25,2TM,SG,40,12,820,0.4878048780487805,29,16,70,73,1.2731707317073169,0.7024390243902439,3.073170731707317,1.9756097560975607,3.2048780487804875,0.6164383561643836,4.346341463414634
Zion Williamson,willizi01,25,NOP,PF,62,55,1841,0.7560975609756098,60,34,126,124,1.1732753938077132,0.6648560564910375,2.463878326996198,1.8381314502987507,2.424769147202607,0.7580645161290324,3.6371537208039113
Ziaire Williams,willizi02,24,BRK,SF,56,13,1281,0.6829268292682927,76,21,59,114,2.1358313817330212,0.5901639344262295,1.6580796252927401,2.725995316159251,3.2037470725995316,0.8508771929824562,3.7939110070257613
Jalen Wilson,wilsoja03,25,BRK,PF,54,2,859,0.6585365853658537,22,2,38,81,0.9220023282887078,0.08381839348079162,1.5925494761350407,1.0058207217694994,3.3946449359720603,0.29629629629629634,2.5145518044237485
James Wiseman,wisemja01,24,IND,C,4,1,58,0.04878048780487805,0,1,5,10,0,0.6206896551724138,3.1034482758620694,0.6206896551724138,6.206896551724139,0.09999999999999999,3.1034482758620694
Danny Wolf,wolfda01,21,BRK,PF,57,15,1187,0.6951219512195121,30,32,73,120,0.9098567818028644,0.970513900589722,2.213984835720303,1.8803706823925865,3.639427127211458,0.5166666666666667,3.1238416175231674
Guerschon Yabusele,yabusgu01,30,2TM,C,67,19,1007,0.8170731707317073,26,16,41,76,0.929493545183714,0.5719960278053624,1.4657398212512414,1.5014895729890765,2.7169811320754715,0.5526315789473685,2.3952333664349554
Yang Hansen,yangha01,20,POR,C,43,1,300,0.524390243902439,3,10,32,36,0.36,1.2,3.8400000000000003,1.56,4.32,0.3611111111111111,4.2
Chris Youngblood,youngch01,23,2TM,SG,34,0,185,0.4146341463414634,4,3,2,22,0.7783783783783784,0.5837837837837838,0.3891891891891892,1.3621621621621622,4.281081081081082,0.3181818181818181,1.1675675675675676
Jahmir Young,youngja05,25,MIA,PG,14,0,58,0.17073170731707318,1,0,3,7,0.6206896551724138,0,1.8620689655172413,0.6206896551724138,4.344827586206897,0.14285714285714285,2.4827586206896552
Trae Young,youngtr01,27,2TM,PG,15,15,384,0.18292682926829268,13,2,39,32,1.21875,0.1875,3.65625,1.40625,3,0.46875,4.875
Omer Yurtseven,yurtsom01,27,GSW,C,9,0,104,0.10975609756097561,2,1,9,13,0.6923076923076923,0.34615384615384615,3.1153846153846154,1.0384615384615383,4.5,0.23076923076923073,3.8076923076923075
Rocco Zikarsky,zikarro01,19,MIN,C,5,0,36,0.06097560975609756,0,5,1,3,0,5,1,5,3,1.6666666666666667,1
Ivica Zubac,zubaciv01,28,2TM,C,48,47,1446,0.5853658536585366,18,40,86,96,0.4481327800829875,0.995850622406639,2.141078838174274,1.4439834024896265,2.3900414937759336,0.6041666666666666,2.589211618257261
