PLAYER_NAME,MIN,CONTESTED_SHOTS_2PT,CONTESTED_SHOTS_3PT,DEFLECTIONS,CHARGES_DRAWN,DEF_LOOSE_BALLS_RECOVERED,DEF_BOXOUTS,CONTESTED_SHOTS_2PT_per_36,CONTESTED_SHOTS_3PT_per_36,DEFLECTIONS_per_36,CHARGES_DRAWN_per_36,DEF_LOOSE_BALLS_RECOVERED_per_36,DEF_BOXOUTS_per_36,CONTESTED_SHOTS_2PT_per_36_percentile_rk,CONTESTED_SHOTS_3PT_per_36_percentile_rk,DEFLECTIONS_per_36_percentile_rk,CHARGES_DRAWN_per_36_percentile_rk,DEF_LOOSE_BALLS_RECOVERED_per_36_percentile_rk,DEF_BOXOUTS_per_36_percentile_rk,mean
AJ Green,2270.0,167,132,111,3,25,36,2.6484581497797355,2.0933920704845814,1.760352422907489,0.04757709251101321,0.39647577092511016,0.5709251101321586,0.3961218836565097,0.3767313019390582,0.1634349030470914,0.6814404432132964,0.7839335180055401,0.5983379501385041,0.5
AJ Johnson,385.0,34,30,23,0,0,1,3.1792207792207794,2.8051948051948052,2.1506493506493505,0.0,0.0,0.09350649350649351,0.5124653739612188,0.7146814404432132,0.33518005540166207,0.21606648199445982,0.006925207756232687,0.00554016620498615,0.29847645429362885
Aaron Holiday,738.0,49,53,38,2,8,7,2.3902439024390243,2.5853658536585367,1.853658536585366,0.0975609756097561,0.3902439024390244,0.3414634146341463,0.31024930747922436,0.6204986149584487,0.20498614958448755,0.8365650969529086,0.7728531855955678,0.31024930747922436,0.5092336103416436
Aaron Nesmith,1335.0,151,99,50,4,11,10,4.07191011235955,2.6696629213483147,1.348314606741573,0.10786516853932585,0.2966292134831461,0.2696629213483146,0.6648199445983379,0.6648199445983379,0.06371191135734072,0.8587257617728532,0.4903047091412742,0.20221606648199447,0.49076638965835645
Aaron Wiggins,1378.0,144,117,113,1,21,15,3.7619738751814222,3.0566037735849054,2.95210449927431,0.026124818577648767,0.5486211901306242,0.3918722786647315,0.6094182825484764,0.8005540166204986,0.6842105263157895,0.53601108033241,0.9501385041551247,0.39058171745152354,0.6618190212373037
Ace Bailey,1988.0,191,156,109,0,15,25,3.4587525150905436,2.8249496981891347,1.9738430583501005,0.0,0.2716297786720322,0.45271629778672035,0.556786703601108,0.7202216066481995,0.2659279778393352,0.21606648199445982,0.4182825484764543,0.46814404432132967,0.44090489381348114
Adem Bona,1224.0,260,114,82,0,17,30,7.647058823529411,3.3529411764705883,2.411764705882353,0.0,0.5,0.8823529411764706,0.8947368421052632,0.8781163434903048,0.4903047091412742,0.21606648199445982,0.9168975069252078,0.7617728531855956,0.6929824561403509
Ajay Mitchell,1468.0,122,71,130,1,21,19,2.991825613079019,1.7411444141689374,3.1880108991825615,0.024523160762942777,0.5149863760217983,0.4659400544959128,0.45706371191135736,0.16897506925207756,0.7562326869806094,0.5249307479224377,0.9307479224376731,0.4792243767313019,0.5528624192059095
Al Horford,969.0,186,111,53,0,9,34,6.910216718266254,4.123839009287926,1.9690402476780184,0.0,0.33436532507739936,1.263157894736842,0.8476454293628809,0.9806094182825484,0.2631578947368421,0.21606648199445982,0.6218836565096952,0.8393351800554016,0.6281163434903047
Alex Caruso,1020.0,55,78,170,2,18,20,1.9411764705882355,2.7529411764705882,6.0,0.07058823529411765,0.6352941176470588,0.7058823529411764,0.16066481994459833,0.7008310249307479,0.9944598337950139,0.7700831024930748,0.9778393351800554,0.667590027700831,0.7119113573407202
Alex Sarr,1305.0,348,101,72,0,11,37,9.6,2.7862068965517244,1.986206896551724,0.0,0.30344827586206896,1.0206896551724138,0.961218836565097,0.7063711911357341,0.27146814404432135,0.21606648199445982,0.5138504155124654,0.7867036011080333,0.5759464450600186
Alperen Sengun,2397.0,419,196,165,6,18,68,6.292866082603254,2.9436795994993745,2.4780976220275344,0.09011264080100126,0.27033792240300375,1.0212765957446808,0.8116343490304709,0.7534626038781164,0.5290858725761773,0.8254847645429363,0.41274238227146814,0.7894736842105263,0.6869806094182825
Amen Thompson,2953.0,196,102,213,1,35,22,2.389434473416864,1.2434812055536741,2.5966813410091434,0.012190992211310533,0.4266847273958686,0.2682018286488317,0.3047091412742382,0.024930747922437674,0.5623268698060941,0.43213296398891965,0.8337950138504155,0.19390581717451524,0.39196675900277006
Amir Coffey,419.0,26,17,25,1,3,5,2.233890214797136,1.460620525059666,2.1479713603818613,0.08591885441527447,0.2577565632458234,0.4295942720763723,0.24930747922437674,0.08310249307479224,0.33240997229916897,0.8227146814404432,0.3601108033240997,0.4404432132963989,0.38134810710987993
Andre Drummond,1226.0,232,90,94,0,6,35,6.8123980424143555,2.6427406199021206,2.7601957585644374,0.0,0.17618270799347469,1.0277324632952691,0.8421052631578947,0.6481994459833795,0.628808864265928,0.21606648199445982,0.11080332409972299,0.7922437673130194,0.5397045244690674
Andre Jackson Jr.,364.0,21,18,35,0,5,2,2.076923076923077,1.7802197802197801,3.4615384615384617,0.0,0.4945054945054945,0.19780219780219782,0.19667590027700832,0.19113573407202217,0.8282548476454293,0.21606648199445982,0.9085872576177285,0.08587257617728532,0.40443213296398883
Andrew Nembhard,1786.0,91,52,93,1,13,14,1.8342665173572228,1.0481522956326987,1.8745800671892496,0.020156774916013438,0.2620380739081747,0.28219484882418816,0.14127423822714683,0.008310249307479225,0.21606648199445982,0.4903047091412742,0.37950138504155123,0.22714681440443213,0.24376731301939059
Andrew Wiggins,2063.0,273,244,148,0,15,40,4.7639360155113915,4.257876878332525,2.582646631119729,0.0,0.2617547261269995,0.698012603005332,0.739612188365651,0.9861495844875346,0.556786703601108,0.21606648199445982,0.3767313019390582,0.6648199445983379,0.590027700831025
Anfernee Simons,1351.0,83,75,66,0,9,4,2.211695040710585,1.9985196150999258,1.758697261287935,0.0,0.23982235381199113,0.10658771280532939,0.2409972299168975,0.33240997229916897,0.16066481994459833,0.21606648199445982,0.29362880886426596,0.013850415512465374,0.20960295475530935
Anthony Black,1910.0,143,123,194,3,20,20,2.695287958115183,2.318324607329843,3.656544502617801,0.05654450261780105,0.3769633507853403,0.3769633507853403,0.41274238227146814,0.4903047091412742,0.8614958448753463,0.7202216066481995,0.7313019390581718,0.37119113573407203,0.597876269621422
Anthony Edwards,2137.0,147,101,134,0,15,16,2.476368741226018,1.7014506317267197,2.257370145063173,0.0,0.2526906878802059,0.2695367337388863,0.33240997229916897,0.1523545706371191,0.39335180055401664,0.21606648199445982,0.3379501385041551,0.1994459833795014,0.2719298245614035
Anthony Gill,929.0,121,99,75,1,2,28,4.688912809472551,3.836383207750269,2.9063509149623252,0.038751345532830994,0.07750269106566199,1.085037674919268,0.7313019390581718,0.96398891966759,0.6759002770083102,0.6232686980609419,0.024930747922437674,0.8005540166204986,0.636657433056325
Ariel Hukporti,480.0,122,52,17,0,5,23,9.149999999999999,3.9000000000000004,1.275,0.0,0.375,1.725,0.9501385041551247,0.9695290858725761,0.05263157894736842,0.21606648199445982,0.7188365650969529,0.9335180055401662,0.6401200369344413
Asa Newell,479.0,80,50,16,0,5,15,6.012526096033403,3.757828810020877,1.2025052192066805,0.0,0.3757828810020877,1.127348643006263,0.8005540166204986,0.9529085872576177,0.036011080332409975,0.21606648199445982,0.7229916897506925,0.814404432132964,0.5904893813481071
Ausar Thompson,1896.0,163,150,317,2,34,10,3.0949367088607596,2.848101265822785,6.018987341772152,0.03797468354430379,0.6455696202531646,0.18987341772151897,0.48476454293628807,0.7257617728531855,0.997229916897507,0.6177285318559557,0.9861495844875346,0.06925207756232687,0.646814404432133
Austin Reaves,1762.0,83,70,112,15,18,12,1.6958002270147559,1.4301929625425651,2.2883087400681044,0.3064699205448354,0.3677639046538025,0.24517593643586832,0.11634349030470914,0.07756232686980609,0.4265927977839335,0.9806094182825484,0.6925207756232687,0.1440443213296399,0.4062788550323176
Ayo Dosunmu,1838.0,148,102,83,4,19,15,2.8988030467899892,1.997823721436344,1.6256800870511425,0.07834602829162132,0.3721436343852013,0.29379760609358,0.4404432132963989,0.3296398891966759,0.12742382271468145,0.8005540166204986,0.7063711911357341,0.24376731301939059,0.44136657433056325
Bam Adebayo,2365.0,299,199,174,2,15,134,4.551374207188161,3.029175475687104,2.6486257928118393,0.030443974630021138,0.22832980972515857,2.0397463002114167,0.7063711911357341,0.7839335180055401,0.590027700831025,0.5678670360110804,0.2562326869806094,0.9722991689750693,0.6461218836565097
Baylor Scheierman,1418.0,91,75,97,5,9,17,2.310296191819464,1.904090267983075,2.46262341325811,0.12693935119887165,0.22849083215796895,0.4315937940761636,0.27146814404432135,0.26038781163434904,0.5207756232686981,0.8836565096952909,0.26038781163434904,0.44598337950138506,0.4404432132963989
Ben Saraf,911.0,96,55,75,1,4,7,3.7936333699231612,2.173435784851811,2.96377607025247,0.03951701427003293,0.15806805708013172,0.27661909989023054,0.6232686980609419,0.42105263157894735,0.6925207756232687,0.631578947368421,0.06925207756232687,0.2188365650969529,0.4427516158818097
Ben Sheppard,1390.0,115,55,74,0,9,16,2.9784172661870505,1.424460431654676,1.916546762589928,0.0,0.2330935251798561,0.4143884892086331,0.45429362880886426,0.06925207756232687,0.23822714681440443,0.21606648199445982,0.2742382271468144,0.42105263157894735,0.2788550323176362
Bennedict Mathurin,1620.0,83,60,67,1,8,20,1.8444444444444446,1.3333333333333333,1.488888888888889,0.022222222222222223,0.17777777777777778,0.4444444444444444,0.14681440443213298,0.04155124653739612,0.0886426592797784,0.5013850415512465,0.11634349030470914,0.4598337950138504,0.22576177285318558
Bilal Coulibaly,1468.0,126,64,171,2,11,10,3.0899182561307903,1.5694822888283377,4.193460490463215,0.049046321525885554,0.26975476839237056,0.2452316076294278,0.4792243767313019,0.10249307479224377,0.9085872576177285,0.6925207756232687,0.4099722991689751,0.14681440443213298,0.4566020313942752
Bobby Portis,1619.0,181,172,110,1,15,66,4.024706609017912,3.8245830759728228,2.445954292773317,0.022235948116121063,0.33353922174181594,1.4675725756639901,0.6620498614958449,0.961218836565097,0.5069252077562327,0.5041551246537396,0.6149584487534626,0.8919667590027701,0.6902123730378578
Bones Hyland,1145.0,83,64,88,1,14,7,2.6096069868995633,2.012227074235808,2.766812227074236,0.0314410480349345,0.440174672489083,0.2200873362445415,0.3878116343490305,0.3407202216066482,0.6343490304709142,0.5789473684210527,0.853185595567867,0.11080332409972299,0.4843028624192059
Branden Carlson,481.0,140,54,17,0,1,20,10.47817047817048,4.041580041580042,1.2723492723492724,0.0,0.07484407484407485,1.496881496881497,0.9806094182825484,0.9778393351800554,0.04986149584487535,0.21606648199445982,0.019390581717451522,0.9002770083102493,0.5240073868882734
Brandin Podziemski,2333.0,112,97,147,23,18,22,1.7282468924132017,1.4967852550364338,2.268324046292327,0.35490784397771113,0.2777539648521217,0.33947706815259326,0.12465373961218837,0.08587257617728532,0.3988919667590028,0.9889196675900277,0.44598337950138506,0.30193905817174516,0.3910433979686057
Brandon Ingram,2568.0,217,168,130,0,15,24,3.042056074766355,2.3551401869158877,1.822429906542056,0.0,0.2102803738317757,0.3364485981308411,0.4709141274238227,0.5096952908587258,0.19390581717451524,0.21606648199445982,0.19667590027700832,0.296398891966759,0.31394275161588175
Brandon Miller,1968.0,169,108,130,2,13,13,3.0914634146341466,1.975609756097561,2.3780487804878048,0.03658536585365854,0.2378048780487805,0.2378048780487805,0.481994459833795,0.3157894736842105,0.46814404432132967,0.6094182825484764,0.27977839335180055,0.14127423822714683,0.3827331486611265
Brandon Williams,1449.0,98,97,111,3,21,14,2.434782608695652,2.409937888198758,2.7577639751552794,0.07453416149068323,0.5217391304347826,0.34782608695652173,0.32132963988919666,0.5429362880886427,0.6260387811634349,0.7977839335180056,0.9335180055401662,0.3185595567867036,0.5900277008310248
Brice Sensabaugh,1739.0,96,103,106,9,6,21,1.9873490511788383,2.1322599194939618,2.194364577343301,0.1863139735480161,0.1242093156986774,0.43473260494537086,0.17174515235457063,0.3988919667590028,0.3601108033240997,0.9390581717451524,0.038781163434903045,0.45429362880886426,0.39381348107109887
Bronny James,343.0,14,28,40,0,2,3,1.4693877551020407,2.9387755102040813,4.198250728862973,0.0,0.2099125364431487,0.31486880466472306,0.07202216066481995,0.7506925207756233,0.9113573407202216,0.21606648199445982,0.19390581717451524,0.27146814404432135,0.4025854108956602
Brook Lopez,1635.0,504,112,123,0,11,87,11.097247706422019,2.4660550458715598,2.708256880733945,0.0,0.2422018348623853,1.9155963302752295,0.9889196675900277,0.5706371191135734,0.6094182825484764,0.21606648199445982,0.3047091412742382,0.9556786703601108,0.6075715604801478
Bruce Brown,1998.0,90,122,194,0,9,13,1.6216216216216215,2.198198198198198,3.4954954954954958,0.0,0.16216216216216217,0.23423423423423423,0.09695290858725762,0.44598337950138506,0.8421052631578947,0.21606648199445982,0.08587257617728532,0.13019390581717452,0.30286241920590956
Bryce McGowens,871.0,62,72,63,8,8,13,2.5625717566016073,2.975889781859931,2.6039035591274398,0.330654420206659,0.330654420206659,0.5373134328358209,0.3684210526315789,0.7590027700831025,0.5678670360110804,0.9861495844875346,0.5983379501385041,0.554016620498615,0.6389658356417359
Bub Carrington,2256.0,126,110,119,0,16,30,2.0106382978723403,1.7553191489361701,1.898936170212766,0.0,0.2553191489361702,0.4787234042553192,0.1772853185595568,0.18005540166204986,0.22714681440443213,0.21606648199445982,0.3545706371191136,0.4903047091412742,0.2742382271468144
Buddy Hield,789.0,80,54,78,0,11,4,3.650190114068441,2.463878326996198,3.55893536121673,0.0,0.5019011406844107,0.18250950570342203,0.590027700831025,0.5678670360110804,0.850415512465374,0.21606648199445982,0.9224376731301939,0.05817174515235457,0.5341643582640813
CJ McCollum,2232.0,161,166,113,0,21,14,2.596774193548387,2.6774193548387095,1.8225806451612903,0.0,0.33870967741935487,0.22580645161290325,0.37950138504155123,0.6731301939058172,0.19667590027700832,0.21606648199445982,0.6343490304709142,0.11911357340720222,0.36980609418282545
Cade Cunningham,2172.0,178,132,155,0,32,25,2.9502762430939224,2.187845303867403,2.569060773480663,0.0,0.5303867403314917,0.4143646408839779,0.4487534626038781,0.43490304709141275,0.554016620498615,0.21606648199445982,0.9390581717451524,0.4182825484764543,0.5018467220683287
Caleb Love,968.0,37,47,59,0,4,5,1.3760330578512396,1.7479338842975205,2.1942148760330578,0.0,0.1487603305785124,0.1859504132231405,0.05263157894736842,0.1772853185595568,0.3573407202216066,0.21606648199445982,0.05817174515235457,0.060941828254847646,0.15373961218836563
Caleb Martin,818.0,57,29,72,4,7,12,2.508557457212714,1.2762836185819069,3.1687041564792175,0.17603911980440098,0.3080684596577017,0.5281173594132029,0.3490304709141274,0.0332409972299169,0.7451523545706371,0.9307479224376731,0.5401662049861495,0.5512465373961218,0.5249307479224377
Cam Christie,411.0,36,34,30,0,0,3,3.153284671532847,2.978102189781022,2.627737226277372,0.0,0.0,0.26277372262773724,0.49584487534626037,0.7645429362880887,0.5817174515235457,0.21606648199445982,0.006925207756232687,0.18282548476454294,0.37465373961218834
Cam Spencer,1672.0,54,88,110,2,15,20,1.1626794258373208,1.894736842105263,2.3684210526315788,0.043062200956937795,0.3229665071770335,0.430622009569378,0.0332409972299169,0.2548476454293629,0.4626038781163435,0.6620498614958449,0.5678670360110804,0.44321329639889195,0.40397045244690677
Cam Thomas,839.0,50,40,32,1,1,4,2.1454112038140645,1.7163289630512515,1.373063170441001,0.04290822407628128,0.04290822407628128,0.17163289630512513,0.2188365650969529,0.15789473684210525,0.0664819944598338,0.6592797783933518,0.013850415512465374,0.0443213296398892,0.1934441366574331
Cameron Johnson,1647.0,117,107,101,5,11,27,2.5573770491803276,2.33879781420765,2.2076502732240435,0.1092896174863388,0.24043715846994537,0.5901639344262295,0.3628808864265928,0.4986149584487535,0.3684210526315789,0.8614958448753463,0.30193905817174516,0.6177285318559557,0.5018467220683287
Caris LeVert,1124.0,103,80,101,0,16,15,3.298932384341637,2.5622775800711746,3.2348754448398576,0.0,0.5124555160142349,0.4804270462633452,0.5290858725761773,0.6038781163434903,0.7700831024930748,0.21606648199445982,0.9279778393351801,0.4930747922437673,0.590027700831025
Carter Bryant,791.0,110,70,45,1,10,12,5.006321112515803,3.185840707964602,2.048040455120101,0.04551201011378003,0.4551201011378002,0.5461441213653603,0.7617728531855956,0.8337950138504155,0.296398891966759,0.6731301939058172,0.8753462603878116,0.5678670360110804,0.6680517082179133
Cason Wallace,2046.0,134,200,338,0,16,31,2.357771260997067,3.5190615835777126,5.947214076246334,0.0,0.281524926686217,0.5454545454545454,0.29085872576177285,0.9141274238227147,0.9889196675900277,0.21606648199445982,0.4626038781163435,0.5650969529085873,0.5729455216989843
Cedric Coward,1598.0,170,154,102,2,30,14,3.8297872340425534,3.469336670838548,2.2978723404255317,0.04505632040050063,0.6758448060075094,0.31539424280350437,0.631578947368421,0.9030470914127424,0.43213296398891965,0.6648199445983379,0.9944598337950139,0.2742382271468144,0.6500461680517081
Chet Holmgren,1997.0,510,174,87,1,11,68,9.193790686029043,3.1367050575863797,1.5683525287931899,0.01802704056084126,0.19829744616925388,1.2258387581372059,0.9529085872576177,0.8199445983379502,0.11080332409972299,0.46814404432132967,0.1634349030470914,0.8282548476454293,0.5572483841181902
Christian Braun,1399.0,97,91,91,0,9,12,2.4960686204431735,2.341672623302359,2.341672623302359,0.0,0.2315939957112223,0.30879199428162973,0.34349030470914127,0.5013850415512465,0.4487534626038781,0.21606648199445982,0.27146814404432135,0.2631578947368421,0.3407202216066482
Clint Capela,919.0,260,76,50,1,9,36,10.184983677910774,2.9771490750816105,1.9586507072905333,0.03917301414581066,0.35255712731229594,1.4102285092491837,0.9750692520775623,0.7617728531855956,0.2548476454293629,0.628808864265928,0.6731301939058172,0.8836565096952909,0.6962142197599261
Coby White,1205.0,94,73,44,7,9,21,2.808298755186722,2.180912863070539,1.3145228215767635,0.2091286307053942,0.2688796680497925,0.6273858921161826,0.43213296398891965,0.4265927977839335,0.060941828254847646,0.9584487534626038,0.407202216066482,0.6343490304709142,0.48661126500461677
Cody Williams,1622.0,170,73,126,0,17,9,3.773119605425401,1.6202219482120839,2.7965474722564734,0.0,0.37731196054254007,0.19975339087546237,0.6204986149584487,0.12742382271468145,0.6371191135734072,0.21606648199445982,0.7340720221606648,0.09418282548476455,0.4048938134810711
Collin Gillespie,2282.0,92,118,201,12,29,23,1.4513584574934268,1.8615249780893952,3.170902716914987,0.18930762489044697,0.45749342681858024,0.3628396143733567,0.06925207756232687,0.23268698060941828,0.7479224376731302,0.9445983379501385,0.8808864265927978,0.3490304709141274,0.5373961218836566
Collin Murray-Boyles,1246.0,180,110,157,1,7,30,5.200642054574639,3.178170144462279,4.536115569823435,0.028892455858747994,0.20224719101123595,0.8667736757624398,0.7728531855955678,0.8310249307479224,0.9501385041551247,0.556786703601108,0.1745152354570637,0.7479224376731302,0.6722068328716527
Collin Sexton,1613.0,94,73,136,1,16,12,2.097954122752635,1.629262244265344,3.035337879727216,0.022318660880347178,0.35709857408555484,0.26782393056416615,0.2077562326869806,0.1329639889196676,0.7146814404432132,0.5069252077562327,0.6786703601108033,0.19113573407202217,0.40535549399815324
Cooper Flagg,2344.0,251,224,151,0,29,25,3.854948805460751,3.4402730375426622,2.3191126279863483,0.0,0.4453924914675768,0.38395904436860073,0.6343490304709142,0.8947368421052632,0.4404432132963989,0.21606648199445982,0.8642659279778393,0.38227146814404434,0.5720221606648199
Corey Kispert,1048.0,120,69,38,1,8,6,4.122137404580153,2.3702290076335877,1.3053435114503815,0.03435114503816794,0.2748091603053435,0.20610687022900764,0.667590027700831,0.5152354570637119,0.05817174515235457,0.6038781163434903,0.4265927977839335,0.09695290858725762,0.3947368421052632
Craig Porter Jr.,1141.0,107,66,139,0,8,10,3.375985977212971,2.082383873794917,4.385626643295355,0.0,0.252410166520596,0.31551270815074495,0.5429362880886427,0.37119113573407203,0.9307479224376731,0.21606648199445982,0.33518005540166207,0.2770083102493075,0.44552169898430294
Dalen Terry,505.0,68,38,45,1,7,4,4.847524752475248,2.7089108910891087,3.2079207920792077,0.0712871287128713,0.499009900990099,0.2851485148514852,0.7534626038781164,0.6869806094182825,0.7617728531855956,0.778393351800554,0.9141274238227147,0.23268698060941828,0.6879039704524469
Dalton Knecht,496.0,50,33,16,2,3,5,3.629032258064516,2.3951612903225805,1.161290322580645,0.14516129032258063,0.21774193548387097,0.3629032258064516,0.5817174515235457,0.5373961218836565,0.024930747922437674,0.9085872576177285,0.2299168975069252,0.3518005540166205,0.43905817174515227
Daniel Gafford,1195.0,311,78,102,3,12,45,9.369037656903767,2.3497907949790795,3.0728033472803347,0.0903765690376569,0.3615062761506276,1.3556485355648535,0.9556786703601108,0.5041551246537396,0.7174515235457064,0.8282548476454293,0.6842105263157895,0.8642659279778393,0.7590027700831025
Daniss Jenkins,1422.0,106,72,117,0,18,10,2.6835443037974684,1.8227848101265822,2.962025316455696,0.0,0.45569620253164556,0.25316455696202533,0.4099722991689751,0.2188365650969529,0.6897506925207756,0.21606648199445982,0.8781163434903048,0.1634349030470914,0.42936288088642655
Danny Wolf,1171.0,215,88,67,0,7,22,6.609735269000854,2.705380017079419,2.0597779675491035,0.0,0.215200683176772,0.6763450042698548,0.8282548476454293,0.6842105263157895,0.30193905817174516,0.21606648199445982,0.2188365650969529,0.6565096952908587,0.48430286241920584
Darius Garland,1344.0,69,83,84,2,8,6,1.8482142857142856,2.2232142857142856,2.25,0.05357142857142857,0.21428571428571427,0.1607142857142857,0.14958448753462603,0.4598337950138504,0.389196675900277,0.6980609418282548,0.21191135734072022,0.038781163434903045,0.32456140350877194
Davion Mitchell,2000.0,60,145,128,8,22,20,1.08,2.61,2.3040000000000003,0.14400000000000002,0.39599999999999996,0.36,0.019390581717451522,0.6232686980609419,0.4376731301939058,0.9058171745152355,0.7811634349030471,0.3462603878116344,0.5189289012003694
Day'Ron Sharpe,1160.0,163,86,151,0,9,40,5.058620689655172,2.668965517241379,4.686206896551725,0.0,0.2793103448275862,1.2413793103448276,0.7645429362880887,0.6620498614958449,0.9584487534626038,0.21606648199445982,0.4515235457063712,0.8337950138504155,0.6477377654662974
De'Aaron Fox,2231.0,113,140,201,2,19,7,1.823397579560735,2.2590766472433885,3.2433886149708653,0.03227252353204841,0.3065889735544599,0.11295383236216942,0.13573407202216067,0.4709141274238227,0.7728531855955678,0.5955678670360111,0.5318559556786704,0.019390581717451522,0.42105263157894735
De'Andre Hunter,1175.0,72,63,78,0,9,22,2.2059574468085104,1.9302127659574468,2.389787234042553,0.0,0.2757446808510638,0.6740425531914894,0.23268698060941828,0.28254847645429365,0.47645429362880887,0.21606648199445982,0.43490304709141275,0.6537396121883656,0.3827331486611265
De'Anthony Melton,1125.0,65,54,144,0,19,11,2.08,1.728,4.6080000000000005,0.0,0.608,0.352,0.1994459833795014,0.16620498614958448,0.9556786703601108,0.21606648199445982,0.9722991689750693,0.32409972299168976,0.47229916897506924
DeMar DeRozan,2406.0,123,94,124,4,23,28,1.8403990024937655,1.4064837905236907,1.855361596009975,0.059850374064837904,0.344139650872818,0.4189526184538654,0.1440443213296399,0.06371191135734072,0.2077562326869806,0.7285318559556787,0.6509695290858726,0.4265927977839335,0.3702677746999077
Dean Wade,1318.0,203,80,116,0,11,50,5.544764795144157,2.1851289833080427,3.1684370257966616,0.0,0.30045523520485584,1.3657056145675266,0.7922437673130194,0.43213296398891965,0.7423822714681441,0.21606648199445982,0.5041551246537396,0.8670360110803325,0.5923361034164358
Deandre Ayton,1958.0,420,145,79,0,15,39,7.722165474974464,2.665985699693565,1.452502553626149,0.0,0.27579162410623087,0.7170582226762002,0.9030470914127424,0.6592797783933518,0.07756232686980609,0.21606648199445982,0.4376731301939058,0.6703601108033241,0.4939981532779316
Deni Avdija,2199.0,183,98,103,0,13,20,2.9959072305593453,1.6043656207366985,1.6862210095497954,0.0,0.21282401091405184,0.3274215552523875,0.4598337950138504,0.12188365650969529,0.14127423822714683,0.21606648199445982,0.20221606648199447,0.29085872576177285,0.23868882733148658
Dennis Schröder,1658.0,77,78,105,7,15,10,1.6718938480096501,1.6936067551266585,2.2798552472858864,0.15199034981905912,0.3256936067551267,0.21712907117008443,0.10526315789473684,0.14958448753462603,0.4155124653739612,0.9113573407202216,0.5817174515235457,0.10526315789473684,0.3781163434903047
Derik Queen,2023.0,356,193,184,4,9,57,6.335145823035096,3.4345032130499256,3.2743450321304994,0.07118141374196738,0.1601581809194266,1.014335145823035,0.8199445983379502,0.8919667590027701,0.7839335180055401,0.775623268698061,0.07756232686980609,0.7839335180055401,0.6888273314866113
Derrick Jones Jr.,1350.0,122,74,107,0,6,10,3.253333333333333,1.9733333333333334,2.8533333333333335,0.0,0.16,0.26666666666666666,0.5207756232686981,0.31024930747922436,0.6703601108033241,0.21606648199445982,0.07479224376731301,0.18559556786703602,0.3296398891966759
Derrick White,2625.0,320,230,196,8,28,17,4.388571428571429,3.1542857142857144,2.688,0.10971428571428572,0.384,0.23314285714285715,0.7008310249307479,0.8254847645429363,0.6011080332409973,0.8642659279778393,0.7506925207756233,0.12465373961218837,0.644506001846722
Desmond Bane,2756.0,193,194,149,2,32,20,2.5210449927431062,2.5341074020319305,1.946298984034833,0.026124818577648767,0.41799709724238027,0.2612481857764877,0.3518005540166205,0.592797783933518,0.2520775623268698,0.53601108033241,0.8227146814404432,0.1772853185595568,0.4554478301015697
Devin Booker,2146.0,95,77,89,2,23,30,1.5936626281453867,1.2917054986020504,1.4930102516309411,0.033550792171481825,0.385834109972041,0.5032618825722274,0.09141274238227147,0.036011080332409975,0.09141274238227147,0.6011080332409973,0.7562326869806094,0.5235457063711911,0.34995383194829177
Devin Vassell,2044.0,138,76,114,0,15,11,2.430528375733855,1.3385518590998042,2.0078277886497062,0.0,0.26418786692759294,0.19373776908023482,0.3185595567867036,0.0443213296398892,0.27977839335180055,0.21606648199445982,0.3878116343490305,0.07756232686980609,0.22068328716528163
Dillon Brooks,1702.0,79,98,112,1,13,14,1.6709753231492364,2.072855464159812,2.3689776733254995,0.02115158636897767,0.27497062279670975,0.29612220916568743,0.10249307479224377,0.3656509695290859,0.46537396121883656,0.4986149584487535,0.4293628808864266,0.24653739612188366,0.35133887349953835
Dominick Barlow,1689.0,353,139,122,0,23,23,7.523978685612788,2.9626998223801064,2.600355239786856,0.0,0.4902309058614565,0.4902309058614565,0.8808864265927978,0.7562326869806094,0.5650969529085873,0.21606648199445982,0.9058171745152355,0.5013850415512465,0.6375807940904894
Donovan Clingan,2094.0,755,278,82,1,13,55,12.979942693409741,4.7793696275071635,1.4097421203438396,0.017191977077363897,0.22349570200573066,0.9455587392550143,1.0,1.0,0.06925207756232687,0.4626038781163435,0.23822714681440443,0.775623268698061,0.5909510618651893
Donovan Mitchell,2318.0,95,116,198,0,24,23,1.4754098360655736,1.8015530629853322,3.0750647109577223,0.0,0.37273511647972385,0.35720448662640203,0.07479224376731301,0.21052631578947367,0.7202216066481995,0.21606648199445982,0.7119113573407202,0.33518005540166207,0.3781163434903047
Donte DiVincenzo,2487.0,137,123,239,0,37,17,1.983112183353438,1.7804583835946923,3.459589867310012,0.0,0.5355850422195416,0.24607961399276235,0.16897506925207756,0.19390581717451524,0.8254847645429363,0.21606648199445982,0.9418282548476454,0.15512465373961218,0.4168975069252077
Drake Powell,1303.0,90,77,82,0,9,15,2.486569455103607,2.127398311588642,2.2655410590943976,0.0,0.2486569455103607,0.41442824251726784,0.3379501385041551,0.3878116343490305,0.3961218836565097,0.21606648199445982,0.32409972299168976,0.42382271468144045,0.34764542936288084
Draymond Green,1869.0,322,182,147,5,13,72,6.202247191011236,3.50561797752809,2.831460674157303,0.09630818619582664,0.2504012841091493,1.3868378812199036,0.8088642659279779,0.9113573407202216,0.6592797783933518,0.8310249307479224,0.33240997229916897,0.8808864265927978,0.7373037857802401
Drew Eubanks,552.0,111,30,36,1,2,21,7.239130434782609,1.9565217391304348,2.3478260869565215,0.06521739130434782,0.13043478260869565,1.3695652173913044,0.8670360110803325,0.296398891966759,0.4515235457063712,0.7590027700831025,0.04709141274238227,0.8698060941828255,0.5484764542936288
Dru Smith,1133.0,82,91,196,12,13,17,2.6054721977052075,2.89143865842895,6.227714033539276,0.38128861429832306,0.41306266548985,0.5401588702559577,0.38227146814404434,0.7313019390581718,1.0,0.9916897506925207,0.8116343490304709,0.5595567867036011,0.7460757156048015
Duncan Robinson,2113.0,142,114,139,6,13,29,2.4193090392806433,1.942262186464742,2.36819687647894,0.10222432560340747,0.22148603880738285,0.4940842404164695,0.31301939058171746,0.29085872576177285,0.4598337950138504,0.8448753462603878,0.23545706371191136,0.5069252077562327,0.4418282548476455
Dwight Powell,899.0,190,49,87,5,16,44,7.60845383759733,1.9621802002224695,3.4838709677419355,0.20022246941045607,0.6407119021134594,1.7619577308120133,0.889196675900277,0.3047091412742382,0.8365650969529086,0.9529085872576177,0.9806094182825484,0.9418282548476454,0.8176361957525392
Dylan Cardwell,901.0,244,48,60,0,6,37,9.749167591564929,1.9178690344062153,2.3973362930077693,0.0,0.2397336293007769,1.4783573806881245,0.96398891966759,0.26869806094182824,0.481994459833795,0.21606648199445982,0.2880886426592798,0.8947368421052632,0.5189289012003694
Dylan Harper,1558.0,135,66,92,0,20,6,3.1193838254172017,1.5250320924261873,2.1258023106546857,0.0,0.4621309370988447,0.1386392811296534,0.48753462603878117,0.09418282548476455,0.32409972299168976,0.21606648199445982,0.889196675900277,0.027700831024930747,0.33979686057248387
Dyson Daniels,2520.0,228,189,315,3,38,21,3.257142857142857,2.6999999999999997,4.5,0.04285714285714286,0.5428571428571428,0.3,0.5235457063711911,0.6786703601108033,0.9418282548476454,0.6565096952908587,0.9473684210526315,0.2520775623268698,0.6666666666666666
Egor Dëmin,1308.0,132,84,88,3,7,19,3.6330275229357802,2.3119266055045875,2.422018348623853,0.08256880733944955,0.19266055045871558,0.5229357798165137,0.5844875346260388,0.48753462603878117,0.49584487534626037,0.817174515235457,0.14681440443213298,0.5457063711911357,0.512927054478301
Evan Mobley,2074.0,464,205,116,0,13,78,8.054001928640309,3.5583413693346193,2.0135004821600773,0.0,0.22565091610414656,1.3539054966248796,0.9224376731301939,0.925207756232687,0.28254847645429365,0.21606648199445982,0.24653739612188366,0.8614958448753463,0.5757156048014774
GG Jackson,1173.0,166,95,63,0,10,7,5.094629156010231,2.915601023017903,1.9335038363171355,0.0,0.3069053708439898,0.21483375959079282,0.7673130193905817,0.7479224376731302,0.24653739612188366,0.21606648199445982,0.5346260387811634,0.10249307479224377,0.43582640812557716
Gabe Vincent,855.0,54,67,67,4,7,9,2.2736842105263158,2.8210526315789473,2.8210526315789473,0.16842105263157894,0.2947368421052632,0.37894736842105264,0.25761772853185594,0.7174515235457064,0.6509695290858726,0.925207756232687,0.4792243767313019,0.3767313019390582,0.5678670360110804
Gary Harris,617.0,24,44,64,0,6,4,1.40032414910859,2.567260940032415,3.7341977309562395,0.0,0.3500810372771475,0.23338735818476497,0.060941828254847646,0.6094182825484764,0.8698060941828255,0.21606648199445982,0.667590027700831,0.12742382271468145,0.425207756232687
Gary Payton II,1122.0,77,60,143,0,14,11,2.4705882352941178,1.9251336898395721,4.588235294117647,0.0,0.44919786096256686,0.3529411764705882,0.3296398891966759,0.2742382271468144,0.9529085872576177,0.21606648199445982,0.8698060941828255,0.3268698060941828,0.494921514312096
Gary Trent Jr.,1298.0,23,30,96,0,7,7,0.637904468412943,0.8320493066255777,2.662557781201849,0.0,0.19414483821263484,0.19414483821263484,0.008310249307479225,0.002770083102493075,0.592797783933518,0.21606648199445982,0.15512465373961218,0.08033240997229917,0.17590027700831024
Goga Bitadze,972.0,206,89,84,1,9,50,7.62962962962963,3.2962962962962963,3.1111111111111107,0.03703703703703704,0.3333333333333333,1.8518518518518519,0.8919667590027701,0.8587257617728532,0.7285318559556787,0.6149584487534626,0.6121883656509696,0.9473684210526315,0.775623268698061
Gradey Dick,1029.0,31,30,117,3,12,8,1.0845481049562682,1.0495626822157433,4.093294460641399,0.10495626822157435,0.4198250728862974,0.27988338192419826,0.0221606648199446,0.0110803324099723,0.8975069252077562,0.853185595567867,0.8282548476454293,0.22160664819944598,0.47229916897506924
Grayson Allen,1443.0,80,76,119,0,16,9,1.9958419958419957,1.8960498960498962,2.9688149688149688,0.0,0.3991683991683992,0.22453222453222454,0.1745152354570637,0.25761772853185594,0.6952908587257618,0.21606648199445982,0.7867036011080333,0.11634349030470914,0.3744228993536473
Guerschon Yabusele,970.0,107,47,57,2,10,35,3.971134020618557,1.7443298969072165,2.1154639175257732,0.07422680412371134,0.3711340206185567,1.2989690721649483,0.6481994459833795,0.1745152354570637,0.3157894736842105,0.7950138504155124,0.703601108033241,0.850415512465374,0.5812557710064635
Gui Santos,1380.0,178,119,106,4,10,34,4.643478260869565,3.1043478260869564,2.765217391304348,0.10434782608695653,0.2608695652173913,0.8869565217391304,0.7257617728531855,0.8088642659279779,0.631578947368421,0.850415512465374,0.3739612188365651,0.7673130193905817,0.692982456140351
Harrison Barnes,1986.0,142,120,98,3,14,42,2.574018126888218,2.175226586102719,1.7764350453172206,0.054380664652567974,0.2537764350453172,0.7613293051359517,0.3739612188365651,0.42382271468144045,0.17174515235457063,0.7119113573407202,0.3462603878116344,0.7008310249307479,0.4547553093259465
Herbert Jones,1588.0,105,105,194,2,16,33,2.380352644836272,2.380352644836272,4.397984886649874,0.04534005037783375,0.36272040302267,0.7481108312342568,0.30193905817174516,0.5235457063711911,0.9335180055401662,0.6703601108033241,0.6897506925207756,0.6897506925207756,0.6348107109879962
Hugo González,1071.0,109,74,68,2,10,11,3.6638655462184873,2.4873949579831933,2.2857142857142856,0.06722689075630252,0.3361344537815126,0.3697478991596639,0.592797783933518,0.5734072022160664,0.42382271468144045,0.7617728531855956,0.628808864265928,0.3628808864265928,0.5572483841181902
Immanuel Quickley,2231.0,128,115,162,0,20,23,2.065441506051098,1.8556701030927834,2.614074406095921,0.0,0.3227252353204841,0.3711340206185567,0.1883656509695291,0.2299168975069252,0.5734072022160664,0.21606648199445982,0.5650969529085873,0.3656509695290859,0.3564173591874423
Isaac Okoro,1695.0,227,119,96,14,13,44,4.8212389380530976,2.527433628318584,2.038938053097345,0.2973451327433628,0.2761061946902655,0.9345132743362832,0.7506925207756233,0.590027700831025,0.2880886426592798,0.9778393351800554,0.44182825484764543,0.7700831024930748,0.6364265927977839
Isaiah Collier,1468.0,46,104,100,1,7,4,1.1280653950953679,2.5504087193460494,2.452316076294278,0.024523160762942777,0.17166212534059946,0.09809264305177111,0.024930747922437674,0.6011080332409973,0.5152354570637119,0.5249307479224377,0.10803324099722991,0.008310249307479225,0.29709141274238227
Isaiah Hartenstein,1137.0,227,92,94,1,12,66,7.1873350923482855,2.9129287598944593,2.9762532981530345,0.0316622691292876,0.37994722955145116,2.0897097625329817,0.8587257617728532,0.7451523545706371,0.6980609418282548,0.5844875346260388,0.739612188365651,0.9806094182825484,0.7677746999076639
Isaiah Jackson,906.0,193,88,101,0,6,22,7.668874172185431,3.4966887417218544,4.013245033112582,0.0,0.23841059602649006,0.8741721854304636,0.8975069252077562,0.9085872576177285,0.8919667590027701,0.21606648199445982,0.2839335180055402,0.7534626038781164,0.6585872576177285
Isaiah Joe,1507.0,66,103,114,8,13,15,1.5766423357664234,2.4605175846051757,2.723291307232913,0.19110816191108163,0.31055076310550767,0.35832780358327804,0.0886426592797784,0.5595567867036011,0.6121883656509696,0.9473684210526315,0.5429362880886427,0.3407202216066482,0.515235457063712
Isaiah Stewart,1317.0,385,142,32,0,9,55,10.523917995444192,3.8815489749430525,0.8747152619589977,0.0,0.2460136674259681,1.5034168564920274,0.9833795013850416,0.9667590027700831,0.00554016620498615,0.21606648199445982,0.3157894736842105,0.9058171745152355,0.5655586334256695
Ivica Zubac,1447.0,340,99,47,0,8,65,8.458880442294403,2.463026952315135,1.1693158258465792,0.0,0.1990324809951624,1.6171389080856944,0.9335180055401662,0.5650969529085873,0.030470914127423823,0.21606648199445982,0.16620498614958448,0.9196675900277008,0.47183748845798706
Ja'Kobe Walter,1474.0,91,97,170,5,14,11,2.2225237449118045,2.3690637720488468,4.151967435549525,0.12211668928086838,0.3419267299864315,0.26865671641791045,0.24376731301939059,0.5124653739612188,0.9058171745152355,0.8781163434903048,0.6454293628808865,0.19667590027700832,0.5637119113573408
Jabari Smith Jr.,2705.0,313,160,117,0,21,44,4.165619223659889,2.129390018484288,1.557116451016636,0.0,0.2794824399260628,0.5855822550831793,0.6814404432132964,0.39058171745152354,0.10803324099722991,0.21606648199445982,0.45429362880886426,0.6121883656509696,0.41043397968605727
Jabari Walker,729.0,59,39,52,4,6,8,2.9135802469135803,1.9259259259259258,2.567901234567901,0.19753086419753085,0.29629629629629634,0.3950617283950617,0.44321329639889195,0.2770083102493075,0.5512465373961218,0.9501385041551247,0.481994459833795,0.40166204986149584,0.5175438596491228
Jaden Hardy,824.0,38,33,36,3,5,11,1.6601941747572815,1.441747572815534,1.5728155339805825,0.13106796116504854,0.21844660194174756,0.4805825242718446,0.0997229916897507,0.08033240997229917,0.11357340720221606,0.8864265927977839,0.23268698060941828,0.49584487534626037,0.3180978762696214
Jaden McDaniels,2316.0,275,174,156,1,26,9,4.274611398963731,2.7046632124352334,2.4248704663212437,0.015544041450777202,0.40414507772020725,0.13989637305699482,0.6925207756232687,0.6814404432132964,0.4986149584487535,0.44598337950138506,0.7977839335180056,0.030470914127423823,0.5244690674053555
Jae'Sean Tate,384.0,40,28,24,2,4,11,3.75,2.625,2.25,0.1875,0.375,1.03125,0.6066481994459834,0.6371191135734072,0.389196675900277,0.9418282548476454,0.7188365650969529,0.7950138504155124,0.6814404432132964
Jaime Jaquez Jr.,2121.0,229,155,106,0,17,48,3.886845827439887,2.630834512022631,1.799151343705799,0.0,0.28854314002828857,0.8147100424328148,0.6398891966759003,0.6398891966759003,0.18282548476454294,0.21606648199445982,0.46814404432132967,0.7313019390581718,0.47968605724838415
Jake LaRavia,2061.0,181,136,253,2,24,32,3.1615720524017465,2.3755458515283845,4.419213973799127,0.034934497816593885,0.41921397379912667,0.5589519650655022,0.5013850415512465,0.518005540166205,0.9362880886426593,0.6066481994459834,0.8254847645429363,0.5844875346260388,0.6620498614958449
Jakob Poeltl,1149.0,221,82,116,2,12,61,6.924281984334204,2.569190600522193,3.6344647519582245,0.06266318537859007,0.37597911227154046,1.9112271540469974,0.850415512465374,0.6121883656509696,0.8587257617728532,0.7534626038781164,0.7257617728531855,0.9501385041551247,0.7917820867959372
Jalen Brunson,2590.0,82,140,111,29,24,14,1.1397683397683398,1.945945945945946,1.542857142857143,0.40308880308880307,0.33359073359073355,0.1945945945945946,0.027700831024930747,0.29362880886426596,0.10249307479224377,0.9944598337950139,0.6177285318559557,0.08310249307479224,0.3531855955678671
Jalen Duren,1976.0,415,186,106,0,21,94,7.560728744939271,3.388663967611336,1.9311740890688258,0.0,0.3825910931174089,1.7125506072874492,0.8864265927977839,0.8864265927977839,0.24376731301939059,0.21606648199445982,0.7451523545706371,0.9307479224376731,0.6514312096029548
Jalen Johnson,2532.0,202,140,171,2,13,42,2.8720379146919433,1.990521327014218,2.431279620853081,0.02843601895734597,0.1848341232227488,0.5971563981042655,0.4376731301939058,0.3268698060941828,0.5013850415512465,0.5526315789473685,0.12465373961218837,0.6204986149584487,0.4272853185595568
Jalen Pickett,731.0,43,44,25,0,3,11,2.1176470588235294,2.1668946648426815,1.231190150478796,0.0,0.14774281805745554,0.5417236662106704,0.21052631578947367,0.4155124653739612,0.0443213296398892,0.21606648199445982,0.055401662049861494,0.5623268698060941,0.25069252077562326
Jalen Smith,1095.0,221,94,36,4,11,63,7.265753424657534,3.0904109589041098,1.1835616438356162,0.13150684931506848,0.36164383561643837,2.0712328767123287,0.8698060941828255,0.8033240997229917,0.0332409972299169,0.889196675900277,0.6869806094182825,0.9750692520775623,0.7096029547553093
Jalen Suggs,1574.0,100,80,187,6,17,10,2.287166454891995,1.8297331639135959,4.2770012706480305,0.1372299872935197,0.38881829733163914,0.22871664548919948,0.26038781163434904,0.22437673130193905,0.9224376731301939,0.8975069252077562,0.7659279778393352,0.12188365650969529,0.5320867959372114
Jalen Wilson,828.0,52,49,47,0,5,16,2.2608695652173916,2.130434782608696,2.0434782608695654,0.0,0.21739130434782608,0.6956521739130435,0.2548476454293629,0.39335180055401664,0.29085872576177285,0.21606648199445982,0.22714681440443213,0.6620498614958449,0.3407202216066482
Jamal Murray,2652.0,160,155,136,4,17,14,2.171945701357466,2.1040723981900453,1.846153846153846,0.05429864253393665,0.23076923076923075,0.1900452488687783,0.22437673130193905,0.38227146814404434,0.20221606648199447,0.7091412742382271,0.26454293628808867,0.07202216066481995,0.309095106186519
Jamal Shead,1852.0,66,113,168,6,11,15,1.2829373650107991,2.1965442764578835,3.265658747300216,0.11663066954643628,0.21382289416846653,0.29157667386609076,0.04155124653739612,0.4404432132963989,0.7811634349030471,0.8698060941828255,0.2077562326869806,0.2409972299168975,0.430286241920591
Jamaree Bouyea,607.0,45,33,65,0,5,4,2.6688632619439865,1.957166392092257,3.8550247116968697,0.0,0.29654036243822074,0.2372322899505766,0.40443213296398894,0.29916897506925205,0.8808864265927978,0.21606648199445982,0.48753462603878117,0.1371191135734072,0.40420129270544786
James Harden,2438.0,92,130,133,0,25,37,1.3584905660377358,1.9196062346185396,1.9639048400328138,0.0,0.36915504511895,0.5463494667760459,0.04986149584487535,0.27146814404432135,0.25761772853185594,0.21606648199445982,0.6980609418282548,0.5706371191135734,0.34395198522622344
Jamir Watkins,1032.0,115,74,121,4,14,11,4.011627906976744,2.5813953488372094,4.22093023255814,0.13953488372093023,0.4883720930232558,0.38372093023255816,0.6592797783933518,0.6177285318559557,0.9168975069252078,0.9002770083102493,0.9030470914127424,0.37950138504155123,0.7294552169898431
Jamison Battle,424.0,44,16,19,1,3,6,3.7358490566037736,1.3584905660377358,1.6132075471698113,0.08490566037735849,0.25471698113207547,0.5094339622641509,0.6011080332409973,0.05263157894736842,0.12188365650969529,0.8199445983379502,0.3518005540166205,0.5290858725761773,0.41274238227146814
Jarace Walker,1937.0,127,90,145,1,14,29,2.3603510583376357,1.6726897263810014,2.6948890036138358,0.018585441404233353,0.2601961796592669,0.5389778007227671,0.29362880886426596,0.1440443213296399,0.6038781163434903,0.4709141274238227,0.37119113573407203,0.556786703601108,0.4067405355493998
Jared McCain,1121.0,72,67,62,3,13,5,2.312221231043711,2.151650312221231,1.9910793933987512,0.09634255129348795,0.4174843889384478,0.16057091882247992,0.2770083102493075,0.407202216066482,0.2742382271468144,0.8337950138504155,0.8199445983379502,0.036011080332409975,0.44136657433056325
Jaren Jackson Jr.,1455.0,289,147,108,1,12,35,7.150515463917525,3.6371134020618556,2.672164948453608,0.024742268041237116,0.29690721649484536,0.865979381443299,0.8559556786703602,0.9418282548476454,0.5955678670360111,0.5290858725761773,0.49445983379501385,0.7451523545706371,0.6936749769159741
Jarred Vanderbilt,1108.0,94,43,105,0,18,16,3.0541516245487363,1.3971119133574008,3.411552346570397,0.0,0.5848375451263538,0.5198555956678701,0.47368421052631576,0.060941828254847646,0.8116343490304709,0.21606648199445982,0.96398891966759,0.5429362880886427,0.5115420129270545
Jarrett Allen,1519.0,355,93,135,2,14,58,8.413429888084266,2.204081632653061,3.1994733377221856,0.047399605003291635,0.3317972350230415,1.3745885450954576,0.9307479224376731,0.45429362880886426,0.7590027700831025,0.6786703601108033,0.6066481994459834,0.8753462603878116,0.7174515235457063
Jase Richardson,501.0,49,17,30,1,6,5,3.5209580838323356,1.221556886227545,2.155688622754491,0.0718562874251497,0.4311377245508982,0.3592814371257485,0.5734072022160664,0.019390581717451522,0.3407202216066482,0.7867036011080333,0.8393351800554016,0.34349030470914127,0.4838411819021237
Javon Small,819.0,39,69,73,0,7,4,1.7142857142857142,3.0329670329670333,3.208791208791209,0.0,0.3076923076923077,0.1758241758241758,0.11911357340720222,0.7867036011080333,0.7645429362880887,0.21606648199445982,0.5373961218836565,0.04709141274238227,0.41181902123730385
Javonte Green,1428.0,71,71,207,1,31,23,1.7899159663865545,1.7899159663865545,5.218487394957983,0.025210084033613446,0.7815126050420168,0.5798319327731092,0.13019390581717452,0.20221606648199447,0.9833795013850416,0.5318559556786704,0.997229916897507,0.6094182825484764,0.5757156048014774
Jaxson Hayes,1207.0,244,128,73,1,10,35,7.277547638773819,3.8177299088649543,2.1772990886495442,0.029826014913007456,0.2982601491300746,1.043910521955261,0.8725761772853186,0.9584487534626038,0.3490304709141274,0.5650969529085873,0.4986149584487535,0.7977839335180056,0.6735918744228994
Jay Huff,1717.0,531,166,70,1,8,92,11.133372160745486,3.4804892253931277,1.467676179382644,0.020966802562609202,0.16773442050087362,1.9289458357600466,0.9916897506925207,0.9058171745152355,0.08310249307479224,0.49584487534626037,0.09418282548476455,0.961218836565097,0.5886426592797783
Jaylen Brown,2443.0,127,205,128,1,23,51,1.871469504707327,3.0208759721653706,1.8862054850593533,0.014735980352026197,0.3389275480966025,0.7515349979533361,0.15512465373961218,0.7811634349030471,0.22160664819944598,0.4404432132963989,0.6371191135734072,0.6925207756232687,0.4879963065558634
Jaylen Clark,869.0,95,54,89,0,6,6,3.935558112773303,2.237054085155351,3.6869965477560416,0.0,0.2485615650172612,0.2485615650172612,0.6454293628808865,0.46537396121883656,0.8642659279778393,0.21606648199445982,0.32132963988919666,0.15789473684210525,0.4450600184672207
Jaylen Wells,1821.0,129,111,111,0,21,12,2.5502471169686984,2.1943986820428334,2.1943986820428334,0.0,0.41515650741350907,0.2372322899505766,0.3573407202216066,0.4376731301939058,0.3628808864265928,0.21606648199445982,0.814404432132964,0.1371191135734072,0.3875807940904894
Jaylin Williams,1277.0,313,160,61,17,9,74,8.823805794831637,4.510571652310102,1.7196554424432264,0.4792482380579483,0.25371965544244324,2.086139389193422,0.9390581717451524,0.9916897506925207,0.1523545706371191,1.0,0.34349030470914127,0.9778393351800554,0.7340720221606648
Jaylon Tyson,1778.0,169,134,116,0,17,21,3.421822272215973,2.7131608548931383,2.348706411698538,0.0,0.344206974128234,0.4251968503937008,0.554016620498615,0.6897506925207756,0.45429362880886426,0.21606648199445982,0.6537396121883656,0.43213296398891965,0.49999999999999994
Jerami Grant,1695.0,101,77,77,2,13,26,2.145132743362832,1.6353982300884955,1.6353982300884955,0.04247787610619469,0.2761061946902655,0.552212389380531,0.21606648199445982,0.13573407202216067,0.13019390581717452,0.6537396121883656,0.44182825484764543,0.5789473684210527,0.3594182825484764
Jeremiah Fears,2112.0,127,140,209,1,19,16,2.1647727272727275,2.3863636363636362,3.5625,0.017045454545454544,0.3238636363636364,0.2727272727272727,0.22160664819944598,0.5290858725761773,0.853185595567867,0.4598337950138504,0.5734072022160664,0.21191135734072022,0.47483841181902126
Jeremy Sochan,447.0,65,26,40,0,8,7,5.23489932885906,2.0939597315436242,3.2214765100671143,0.0,0.6442953020134228,0.563758389261745,0.778393351800554,0.37950138504155123,0.7673130193905817,0.21606648199445982,0.9833795013850416,0.590027700831025,0.6191135734072023
Jericho Sims,1303.0,165,84,40,0,11,45,4.5587106676899465,2.3207981580966996,1.1051419800460476,0.0,0.30391404451266313,1.2432847275518035,0.7091412742382271,0.4930747922437673,0.0110803324099723,0.21606648199445982,0.5207756232686981,0.8365650969529086,0.4644506001846722
Jett Howard,668.0,70,32,30,0,6,7,3.772455089820359,1.7245508982035929,1.6167664670658684,0.0,0.32335329341317365,0.3772455089820359,0.6177285318559557,0.16066481994459833,0.12465373961218837,0.21606648199445982,0.5706371191135734,0.3739612188365651,0.3439519852262234
Jevon Carter,830.0,39,63,83,0,7,10,1.691566265060241,2.7325301204819277,3.6,0.0,0.3036144578313253,0.43373493975903615,0.11080332409972299,0.6952908587257618,0.8559556786703602,0.21606648199445982,0.518005540166205,0.4515235457063712,0.4746075715604801
Jock Landale,1506.0,284,67,69,1,8,83,6.788844621513944,1.601593625498008,1.649402390438247,0.02390438247011952,0.19123505976095617,1.9840637450199203,0.8393351800554016,0.11634349030470914,0.1329639889196676,0.518005540166205,0.14127423822714683,0.96398891966759,0.4519852262234534
John Collins,1871.0,196,184,114,1,15,23,3.771245323356494,3.5403527525387495,2.193479422768573,0.019241047568145375,0.28861571352218063,0.4425440940673437,0.6149584487534626,0.9168975069252078,0.3545706371191136,0.4792243767313019,0.4709141274238227,0.45706371191135736,0.548938134810711
John Konchar,1097.0,92,76,146,1,18,12,3.019143117593437,2.4940747493163173,4.7912488605287145,0.032816773017319965,0.5907019143117593,0.39380127620783956,0.46537396121883656,0.5789473684210527,0.9695290858725761,0.5983379501385041,0.9695290858725761,0.3961218836565097,0.6629732225300092
Jonas Valančiūnas,864.0,212,48,17,0,6,48,8.833333333333334,2.0,0.7083333333333334,0.0,0.25,2.0,0.9418282548476454,0.33518005540166207,0.002770083102493075,0.21606648199445982,0.3296398891966759,0.9667590027700831,0.46537396121883656
Jonathan Isaac,516.0,98,36,62,0,3,11,6.837209302325581,2.511627906976744,4.325581395348838,0.0,0.20930232558139533,0.7674418604651163,0.8448753462603878,0.5817174515235457,0.9279778393351801,0.21606648199445982,0.18975069252077562,0.7063711911357341,0.5777931671283473
Jordan Clarkson,1265.0,79,63,75,0,6,27,2.2482213438735177,1.792885375494071,2.1343873517786562,0.0,0.1707509881422925,0.7683794466403162,0.2520775623268698,0.2077562326869806,0.3296398891966759,0.21606648199445982,0.10526315789473684,0.7091412742382271,0.3033240997229916
Jordan Goodwin,1572.0,85,69,260,1,19,23,1.946564885496183,1.580152671755725,5.954198473282443,0.02290076335877863,0.4351145038167939,0.5267175572519084,0.1634349030470914,0.10803324099722991,0.9916897506925207,0.5124653739612188,0.8448753462603878,0.5484764542936288,0.5281625115420129
Jordan Hawkins,646.0,57,37,22,1,6,4,3.1764705882352944,2.061919504643963,1.2260061919504643,0.05572755417956657,0.33436532507739936,0.22291021671826627,0.5096952908587258,0.3573407202216066,0.04155124653739612,0.7174515235457064,0.6218836565096952,0.11357340720221606,0.3935826408125577
Jordan McLaughlin,257.0,19,12,40,0,1,2,2.6614785992217898,1.6809338521400778,5.603112840466926,0.0,0.14007782101167315,0.2801556420233463,0.40166204986149584,0.14681440443213298,0.9861495844875346,0.21606648199445982,0.04986149584487535,0.22437673130193905,0.33748845798707294
Jordan Miller,1319.0,93,118,82,1,9,8,2.5382865807429873,3.2206216830932526,2.23805913570887,0.027293404094010612,0.24564063684609555,0.2183472327520849,0.3545706371191136,0.8421052631578947,0.37950138504155123,0.5484764542936288,0.31301939058171746,0.10803324099722991,0.4242843951985226
Jordan Walsh,1198.0,110,84,117,0,8,19,3.3055091819699496,2.5242070116861433,3.5158597662771287,0.0,0.24040066777963273,0.5709515859766277,0.5318559556786704,0.5872576177285319,0.8448753462603878,0.21606648199445982,0.29778393351800553,0.6011080332409973,0.5131578947368421
Jose Alvarado,1346.0,28,52,151,1,16,12,0.7488855869242199,1.3907875185735512,4.038632986627043,0.02674591381872214,0.4279346210995542,0.32095096582466565,0.0110803324099723,0.05817174515235457,0.8947368421052632,0.5429362880886427,0.8365650969529086,0.27977839335180055,0.4372114496768236
Josh Giddey,1731.0,107,161,102,2,15,17,2.2253032928942806,3.348353552859619,2.121317157712305,0.04159445407279029,0.3119584055459272,0.35355285961871746,0.24653739612188366,0.8753462603878116,0.3185595567867036,0.6481994459833795,0.5457063711911357,0.33240997229916897,0.49445983379501385
Josh Green,874.0,59,48,69,1,8,12,2.4302059496567505,1.9771167048054918,2.8421052631578947,0.041189931350114416,0.3295194508009153,0.49427917620137296,0.3157894736842105,0.3185595567867036,0.667590027700831,0.6426592797783933,0.590027700831025,0.5096952908587258,0.5073868882733149
Josh Hart,1994.0,151,199,193,4,30,24,2.72617853560682,3.592778335005015,3.4844533600802405,0.07221664994984955,0.5416248746238715,0.43329989969909727,0.42105263157894735,0.9335180055401662,0.8393351800554016,0.7922437673130194,0.9445983379501385,0.4487534626038781,0.7299168975069251
Josh Minott,831.0,92,67,109,0,9,11,3.9855595667870034,2.9025270758122743,4.722021660649819,0.0,0.3898916967509025,0.47653429602888087,0.6509695290858726,0.739612188365651,0.961218836565097,0.21606648199445982,0.7700831024930748,0.48753462603878117,0.6375807940904893
Josh Okogie,1334.0,88,64,129,2,21,7,2.3748125937031483,1.7271364317841078,3.4812593703148424,0.05397301349325337,0.5667166416791604,0.1889055472263868,0.29916897506925205,0.1634349030470914,0.8337950138504155,0.7008310249307479,0.9556786703601108,0.06371191135734072,0.502770083102493
Jrue Holiday,1538.0,52,78,113,0,13,13,1.2171651495448634,1.8257477243172953,2.644993498049415,0.0,0.30429128738621586,0.30429128738621586,0.036011080332409975,0.22160664819944598,0.5872576177285319,0.21606648199445982,0.5235457063711911,0.26038781163434904,0.3074792243767313
Julian Champagnie,2266.0,202,122,125,0,30,37,3.2091791703442185,1.9382171226831422,1.9858781994704324,0.0,0.4766107678729038,0.587819947043248,0.518005540166205,0.2880886426592798,0.26869806094182824,0.21606648199445982,0.8919667590027701,0.6149584487534626,0.4662973222530009
Julian Phillips,390.0,32,29,36,2,2,9,2.953846153846154,2.6769230769230767,3.3230769230769233,0.18461538461538463,0.18461538461538463,0.8307692307692308,0.4515235457063712,0.6703601108033241,0.7922437673130194,0.9362880886426593,0.12188365650969529,0.7368421052631579,0.618190212373038
Julian Strawther,787.0,48,36,54,1,7,3,2.1956797966963153,1.6467598475222363,2.4701397712833546,0.0457433290978399,0.32020330368487926,0.1372299872935197,0.2299168975069252,0.13850415512465375,0.5263157894736842,0.6759002770083102,0.5623268698060941,0.024930747922437674,0.3596491228070175
Julius Randle,2610.0,222,148,166,0,22,55,3.0620689655172413,2.0413793103448277,2.2896551724137932,0.0,0.30344827586206896,0.7586206896551725,0.47645429362880887,0.3518005540166205,0.4293628808864266,0.21606648199445982,0.5138504155124654,0.6980609418282548,0.4475992613111726
Justin Champagnie,1371.0,139,93,129,0,11,15,3.649890590809628,2.4420131291028446,3.387308533916849,0.0,0.2888402625820569,0.3938730853391685,0.5872576177285319,0.556786703601108,0.8060941828254847,0.21606648199445982,0.47368421052631576,0.3988919667590028,0.5064635272391506
Justin Edwards,943.0,41,46,101,1,10,9,1.5652173913043477,1.7560975609756098,3.855779427359491,0.03817603393425239,0.3817603393425239,0.3435843054082715,0.08033240997229917,0.18282548476454294,0.8836565096952909,0.6204986149584487,0.7423822714681441,0.31301939058171746,0.47045244690674054
Jusuf Nurkić,1083.0,175,100,112,0,6,87,5.8171745152354575,3.32409972299169,3.7229916897506925,0.0,0.1994459833795014,2.89196675900277,0.7977839335180056,0.8642659279778393,0.8670360110803325,0.21606648199445982,0.16897506925207756,0.997229916897507,0.6518928901200369
Karl-Anthony Towns,2322.0,310,139,154,2,23,113,4.8062015503875966,2.1550387596899223,2.387596899224806,0.031007751937984496,0.35658914728682173,1.751937984496124,0.7479224376731302,0.4099722991689751,0.4709141274238227,0.5706371191135734,0.6759002770083102,0.9390581717451524,0.6357340720221606
Karlo Matković,912.0,202,90,63,2,8,36,7.973684210526316,3.5526315789473686,2.486842105263158,0.07894736842105263,0.3157894736842105,1.4210526315789473,0.9141274238227147,0.9224376731301939,0.5373961218836565,0.8088642659279779,0.554016620498615,0.889196675900277,0.7710064635272392
Kasparas Jakučionis,934.0,82,79,89,3,16,9,3.1605995717344753,3.044967880085653,3.430406852248394,0.11563169164882227,0.6167023554603854,0.3468950749464668,0.4986149584487535,0.7950138504155124,0.817174515235457,0.8670360110803325,0.9750692520775623,0.3157894736842105,0.711449676823638
Kawhi Leonard,2085.0,106,140,218,0,17,30,1.8302158273381295,2.41726618705036,3.7640287769784173,0.0,0.2935251798561151,0.5179856115107914,0.13850415512465375,0.5457063711911357,0.8781163434903048,0.21606648199445982,0.47645429362880887,0.5373961218836565,0.46537396121883656
Keaton Wallace,501.0,38,50,41,0,9,10,2.730538922155689,3.592814371257485,2.9461077844311374,0.0,0.6467065868263473,0.718562874251497,0.42382271468144045,0.9362880886426593,0.6814404432132964,0.21606648199445982,0.9889196675900277,0.6759002770083102,0.6537396121883657
Kel'el Ware,1692.0,354,124,107,0,19,90,7.531914893617021,2.6382978723404253,2.2765957446808507,0.0,0.4042553191489362,1.9148936170212767,0.8836565096952909,0.6454293628808865,0.4099722991689751,0.21606648199445982,0.8005540166204986,0.9529085872576177,0.6514312096029548
Keldon Johnson,1911.0,141,98,91,1,21,35,2.6562009419152277,1.846153846153846,1.7142857142857142,0.01883830455259027,0.39560439560439564,0.6593406593406593,0.3988919667590028,0.22714681440443213,0.14958448753462603,0.47368421052631576,0.778393351800554,0.6481994459833795,0.44598337950138506
Kelly Olynyk,344.0,40,44,31,3,2,8,4.186046511627907,4.604651162790698,3.2441860465116275,0.313953488372093,0.20930232558139533,0.8372093023255813,0.685595567867036,0.9944598337950139,0.775623268698061,0.9833795013850416,0.18975069252077562,0.739612188365651,0.7280701754385964
Kelly Oubre Jr.,1574.0,93,87,211,0,17,16,2.127064803049555,1.9898348157560357,4.825921219822109,0.0,0.38881829733163914,0.3659466327827192,0.21329639889196675,0.32409972299168976,0.9750692520775623,0.21606648199445982,0.7659279778393352,0.3573407202216066,0.47530009233610343
Kenrich Williams,842.0,54,55,73,6,5,17,2.308788598574822,2.351543942992874,3.1211401425178145,0.25653206650831356,0.21377672209026127,0.7268408551068885,0.26869806094182824,0.5069252077562327,0.7313019390581718,0.9722991689750693,0.20498614958448755,0.6814404432132964,0.5609418282548476
Kentavious Caldwell-Pope,1088.0,24,37,69,0,8,6,0.7941176470588236,1.2242647058823528,2.2830882352941178,0.0,0.2647058823529412,0.1985294117647059,0.013850415512465374,0.0221606648199446,0.42105263157894735,0.21606648199445982,0.39058171745152354,0.0886426592797784,0.19205909510618654
Keon Ellis,1462.0,94,111,193,0,18,3,2.3146374829001366,2.7332421340629276,4.752393980848153,0.0,0.4432284541723666,0.07387140902872777,0.27977839335180055,0.6980609418282548,0.96398891966759,0.21606648199445982,0.8587257617728532,0.002770083102493075,0.5032317636195753
Kevin Durant,2840.0,238,211,119,0,21,23,3.016901408450704,2.6746478873239434,1.508450704225352,0.0,0.2661971830985915,0.2915492957746479,0.4626038781163435,0.667590027700831,0.09695290858725762,0.21606648199445982,0.39335180055401664,0.23822714681440443,0.34579870729455214
Kevin Huerter,1549.0,138,120,118,1,12,22,3.2072304712717883,2.7888960619754677,2.742414460942544,0.023240800516462233,0.2788896061975468,0.5112976113621691,0.5152354570637119,0.7091412742382271,0.6204986149584487,0.5152354570637119,0.4487534626038781,0.5318559556786704,0.5567867036011079
Keyonte George,1773.0,66,105,94,2,17,18,1.3401015228426396,2.1319796954314723,1.9086294416243657,0.04060913705583757,0.34517766497461927,0.36548223350253806,0.04709141274238227,0.3961218836565097,0.2299168975069252,0.6398891966759003,0.6565096952908587,0.3545706371191136,0.38734995383194826
Khaman Maluach,406.0,121,45,12,0,2,17,10.729064039408868,3.9901477832512318,1.064039408866995,0.0,0.17733990147783252,1.5073891625615763,0.9861495844875346,0.9750692520775623,0.008310249307479225,0.21606648199445982,0.11357340720221606,0.9113573407202216,0.5350877192982456
Khris Middleton,1419.0,74,78,98,5,9,29,1.8773784355179706,1.9788583509513742,2.4862579281183934,0.12684989429175475,0.22832980972515857,0.7357293868921776,0.15789473684210525,0.32132963988919666,0.5346260387811634,0.8808864265927978,0.2562326869806094,0.6869806094182825,0.47299168975069256
Klay Thompson,1415.0,86,63,45,0,10,7,2.1879858657243814,1.602826855123675,1.1448763250883391,0.0,0.254416961130742,0.17809187279151945,0.22714681440443213,0.11911357340720222,0.0221606648199446,0.21606648199445982,0.3490304709141274,0.05263157894736842,0.16435826408125576
Kobe Brown,903.0,72,47,42,3,9,18,2.8704318936877073,1.8737541528239203,1.6744186046511627,0.11960132890365449,0.3588039867109634,0.7176079734219268,0.43490304709141275,0.23545706371191136,0.13850415512465375,0.8753462603878116,0.6814404432132964,0.6731301939058172,0.5064635272391506
Kobe Sanders,1337.0,130,75,91,1,17,23,3.50037397157816,2.019446522064323,2.450261780104712,0.026925953627524306,0.4577412116679132,0.619296933433059,0.5623268698060941,0.34349030470914127,0.5124653739612188,0.5457063711911357,0.8836565096952909,0.628808864265928,0.5794090489381348
Kon Knueppel,2551.0,295,139,145,3,21,33,4.163073304586437,1.9615836926695414,2.04625637005096,0.042336338690709525,0.29635437083496663,0.4656997255978048,0.6786703601108033,0.30193905817174516,0.29362880886426596,0.6509695290858726,0.48476454293628807,0.47645429362880887,0.48107109879963067
Kris Dunn,2230.0,105,157,295,0,25,11,1.695067264573991,2.5345291479820626,4.762331838565022,0.0,0.40358744394618834,0.17757847533632287,0.11357340720221606,0.5955678670360111,0.9667590027700831,0.21606648199445982,0.7936288088642659,0.04986149584487535,0.45590951061865187
Kris Murray,1329.0,143,50,101,2,15,27,3.8735891647855527,1.3544018058690745,2.73589164785553,0.05417607223476298,0.40632054176072235,0.7313769751693002,0.6371191135734072,0.04986149584487535,0.6177285318559557,0.7063711911357341,0.8060941828254847,0.6842105263157895,0.5835641735918744
Kyle Anderson,853.0,90,63,107,0,2,21,3.798358733880422,2.6588511137162953,4.515826494724502,0.0,0.08440797186400938,0.8862837045720984,0.628808864265928,0.6565096952908587,0.9445983379501385,0.21606648199445982,0.027700831024930747,0.7645429362880887,0.5397045244690674
Kyle Filipowski,1797.0,256,186,129,3,8,60,5.128547579298831,3.7262103505843074,2.584307178631052,0.06010016694490818,0.16026711185308848,1.2020033388981635,0.7700831024930748,0.9473684210526315,0.5595567867036011,0.7326869806094183,0.08033240997229917,0.8254847645429363,0.6525854108956602
Kyle Kuzma,1788.0,155,95,58,3,8,33,3.120805369127517,1.912751677852349,1.1677852348993287,0.060402684563758385,0.1610738255033557,0.6644295302013423,0.4903047091412742,0.2631578947368421,0.027700831024930747,0.7368421052631579,0.08310249307479224,0.6509695290858726,0.37534626038781155
Kyshawn George,1391.0,185,138,120,6,15,30,4.787922358015816,3.571531272465852,3.1056793673616108,0.1552839683680805,0.38820992092020135,0.7764198418404027,0.7423822714681441,0.9279778393351801,0.7257617728531855,0.9168975069252078,0.7617728531855956,0.7146814404432132,0.7982456140350876
LaMelo Ball,1962.0,75,61,144,0,24,22,1.3761467889908257,1.1192660550458715,2.6422018348623855,0.0,0.44036697247706424,0.4036697247706422,0.055401662049861494,0.013850415512465374,0.5844875346260388,0.21606648199445982,0.8559556786703602,0.41274238227146814,0.3564173591874423
Landry Shamet,1168.0,102,85,74,2,6,18,3.143835616438356,2.6198630136986303,2.280821917808219,0.06164383561643835,0.18493150684931506,0.5547945205479452,0.4930747922437673,0.6343490304709142,0.4182825484764543,0.7423822714681441,0.12742382271468145,0.5817174515235457,0.4995383194829179
Lauri Markkanen,1443.0,183,71,71,0,11,26,4.5654885654885655,1.7713097713097712,1.7713097713097712,0.0,0.27442827442827444,0.6486486486486487,0.7119113573407202,0.18559556786703602,0.16897506925207756,0.21606648199445982,0.42382271468144045,0.6440443213296398,0.39173591874422903
LeBron James,1989.0,78,72,107,0,18,22,1.4117647058823528,1.3031674208144797,1.9366515837104075,0.0,0.3257918552036199,0.3981900452488688,0.06371191135734072,0.038781163434903045,0.24930747922437674,0.21606648199445982,0.5844875346260388,0.40443213296398894,0.25946445060018464
Leonard Miller,694.0,104,73,34,0,5,12,5.394812680115273,3.786743515850144,1.7636887608069163,0.0,0.25936599423631124,0.622478386167147,0.7867036011080333,0.9556786703601108,0.16620498614958448,0.21606648199445982,0.3684210526315789,0.631578947368421,0.520775623268698
Luguentz Dort,1849.0,90,164,117,2,14,26,1.752298539751217,3.1930773391022176,2.277988101676582,0.038939967550027044,0.2725797728501893,0.5062195781503516,0.12742382271468145,0.8365650969529086,0.41274238227146814,0.6260387811634349,0.42105263157894735,0.5263157894736842,0.4916897506925207
Luka Dončić,2289.0,147,169,196,14,22,17,2.3119266055045875,2.657929226736566,3.0825688073394493,0.22018348623853212,0.346002621231979,0.2673656618610747,0.2742382271468144,0.6537396121883656,0.7229916897506925,0.96398891966759,0.6620498614958449,0.1883656509695291,0.5775623268698061
Luka Garza,1116.0,230,67,93,5,3,71,7.419354838709678,2.161290322580645,3.0,0.16129032258064516,0.09677419354838711,2.2903225806451615,0.8781163434903048,0.41274238227146814,0.7119113573407202,0.9196675900277008,0.030470914127423823,0.9861495844875346,0.6565096952908588
Luke Kennard,1670.0,91,79,103,0,9,15,1.9616766467065867,1.702994011976048,2.220359281437126,0.0,0.1940119760479042,0.32335329341317365,0.16620498614958448,0.15512465373961218,0.3767313019390582,0.21606648199445982,0.1523545706371191,0.2853185595567867,0.22530009233610337
Luke Kornet,1430.0,508,142,58,4,5,49,12.788811188811188,3.574825174825175,1.46013986013986,0.10069930069930069,0.1258741258741259,1.2335664335664336,0.997229916897507,0.9307479224376731,0.08033240997229917,0.8393351800554016,0.04155124653739612,0.8310249307479224,0.6200369344413666
Malik Monk,1352.0,88,72,81,1,10,4,2.3431952662721893,1.9171597633136095,2.1568047337278107,0.026627218934911243,0.2662721893491124,0.10650887573964497,0.2880886426592798,0.2659279778393352,0.3462603878116344,0.5401662049861495,0.3961218836565097,0.0110803324099723,0.3079409048938135
Marcus Smart,1769.0,76,117,171,20,20,38,1.5466365178066706,2.3810062182023746,3.479932165065008,0.40700960994912383,0.40700960994912383,0.7733182589033353,0.07756232686980609,0.5263157894736842,0.8310249307479224,0.997229916897507,0.8088642659279779,0.7119113573407202,0.6588180978762698
Mark Williams,1416.0,351,155,139,0,13,64,8.923728813559322,3.940677966101695,3.5338983050847457,0.0,0.3305084745762712,1.6271186440677967,0.9473684210526315,0.9722991689750693,0.8476454293628809,0.21606648199445982,0.5955678670360111,0.925207756232687,0.7506925207756233
Marvin Bagley III,1201.0,246,111,57,7,8,45,7.373855120732723,3.3272273105745214,1.7085761865112408,0.20982514571190675,0.23980016652789343,1.3488759367194005,0.8753462603878116,0.8698060941828255,0.14681440443213298,0.961218836565097,0.29085872576177285,0.8587257617728532,0.6671283471837488
Matas Buzelis,2248.0,395,213,103,2,14,25,6.325622775800712,3.411032028469751,1.6494661921708185,0.03202846975088968,0.22419928825622776,0.40035587188612104,0.814404432132964,0.889196675900277,0.13573407202216067,0.5872576177285319,0.24376731301939059,0.407202216066482,0.512927054478301
Max Christie,2245.0,233,137,79,2,12,12,3.7363028953229396,2.196881959910913,1.2668151447661469,0.032071269487750555,0.19242761692650334,0.19242761692650334,0.6038781163434903,0.44321329639889195,0.04709141274238227,0.590027700831025,0.1440443213296399,0.07479224376731301,0.31717451523545703
Maxi Kleber,458.0,98,38,27,1,2,18,7.703056768558952,2.986899563318777,2.1222707423580784,0.07860262008733623,0.15720524017467247,1.4148471615720524,0.9002770083102493,0.7673130193905817,0.32132963988919666,0.8060941828254847,0.0664819944598338,0.8864265927977839,0.6246537396121884
Maxime Raynaud,1964.0,368,182,79,0,14,64,6.74541751527495,3.336048879837067,1.4480651731160896,0.0,0.25661914460285135,1.1731160896130346,0.8365650969529086,0.8725761772853186,0.07479224376731301,0.21606648199445982,0.3573407202216066,0.817174515235457,0.5290858725761772
Micah Peavy,868.0,60,43,79,1,6,12,2.4884792626728114,1.7834101382488479,3.2764976958525343,0.041474654377880185,0.2488479262672811,0.4976958525345622,0.3407202216066482,0.19667590027700832,0.7867036011080333,0.6454293628808865,0.3268698060941828,0.518005540166205,0.469067405355494
Micah Potter,908.0,214,82,45,0,5,42,8.484581497797357,3.251101321585903,1.7841409691629955,0.0,0.19823788546255508,1.6651982378854626,0.9362880886426593,0.850415512465374,0.1772853185595568,0.21606648199445982,0.16066481994459833,0.9279778393351801,0.5447830101569714
Michael Porter Jr.,1689.0,98,67,97,0,15,20,2.088809946714032,1.4280639431616342,2.0674955595026643,0.0,0.3197158081705151,0.42628774422735344,0.20221606648199447,0.07479224376731301,0.3047091412742382,0.21606648199445982,0.5595567867036011,0.43490304709141275,0.2987072945521699
Mikal Bridges,2692.0,276,152,183,1,21,43,3.690936106983655,2.0326894502228825,2.4472511144130755,0.01337295690936107,0.28083209509658247,0.575037147102526,0.5983379501385041,0.3462603878116344,0.5096952908587258,0.43490304709141275,0.45706371191135736,0.6066481994459834,0.4921514312096029
Mike Conley,957.0,62,50,68,0,10,8,2.3322884012539187,1.8808777429467083,2.5579937304075235,0.0,0.3761755485893417,0.30094043887147337,0.2853185595567867,0.24653739612188366,0.5457063711911357,0.21606648199445982,0.7285318559556787,0.25761772853185594,0.37996306555863346
Miles Bridges,2387.0,250,207,100,0,14,38,3.7704231252618348,3.1219103477167995,1.5081692501047341,0.0,0.21114369501466276,0.573104315039799,0.6121883656509696,0.814404432132964,0.09418282548476455,0.21606648199445982,0.1994459833795014,0.6038781163434903,0.4233610341643583
Miles McBride,1080.0,104,72,75,0,9,11,3.466666666666667,2.4,2.5,0.0,0.3,0.3666666666666667,0.5595567867036011,0.5401662049861495,0.5401662049861495,0.21606648199445982,0.5013850415512465,0.3601108033240997,0.45290858725761773
Mitchell Robinson,1175.0,159,99,127,0,11,76,4.871489361702128,3.033191489361702,3.891063829787234,0.0,0.3370212765957447,2.3285106382978724,0.7562326869806094,0.7894736842105263,0.8864265927977839,0.21606648199445982,0.631578947368421,0.9916897506925207,0.7119113573407202
Mohamed Diawara,555.0,43,28,29,0,2,10,2.789189189189189,1.816216216216216,1.8810810810810812,0.0,0.12972972972972974,0.6486486486486487,0.4293628808864266,0.21606648199445982,0.2188365650969529,0.21606648199445982,0.0443213296398892,0.6440443213296398,0.2947830101569714
Moses Moody,1514.0,140,76,145,3,24,27,3.3289299867899604,1.8071334214002641,3.4478203434610304,0.071334214002642,0.570673712021136,0.6420079260237781,0.5373961218836565,0.21329639889196675,0.8227146814404432,0.7811634349030471,0.9584487534626038,0.6398891966759003,0.6588180978762697
Mouhamed Gueye,1160.0,169,106,138,2,13,49,5.244827586206897,3.2896551724137932,4.2827586206896555,0.06206896551724138,0.40344827586206894,1.5206896551724138,0.7811634349030471,0.8559556786703602,0.925207756232687,0.7479224376731302,0.7894736842105263,0.9141274238227147,0.8356417359187441
Moussa Diabaté,1899.0,380,182,97,0,10,78,7.203791469194313,3.4502369668246446,1.8388625592417063,0.0,0.18957345971563982,1.4786729857819905,0.8642659279778393,0.8975069252077562,0.1994459833795014,0.21606648199445982,0.13850415512465375,0.8975069252077562,0.5355493998153278
Myles Turner,1912.0,429,139,124,0,11,80,8.077405857740585,2.6171548117154813,2.3347280334728033,0.0,0.20711297071129708,1.506276150627615,0.925207756232687,0.631578947368421,0.44321329639889195,0.21606648199445982,0.18282548476454294,0.9085872576177285,0.5512465373961218
Myron Gardner,392.0,40,21,45,0,3,6,3.673469387755102,1.9285714285714284,4.13265306122449,0.0,0.2755102040816326,0.5510204081632653,0.5955678670360111,0.27977839335180055,0.9002770083102493,0.21606648199445982,0.43213296398891965,0.5761772853185596,0.5
Nae'Qwan Tomlin,990.0,91,80,114,0,9,22,3.309090909090909,2.909090909090909,4.1454545454545455,0.0,0.32727272727272727,0.8,0.5346260387811634,0.7423822714681441,0.9030470914127424,0.21606648199445982,0.5872576177285319,0.7229916897506925,0.6177285318559557
Naji Marshall,2184.0,145,147,138,0,19,30,2.39010989010989,2.423076923076923,2.2747252747252746,0.0,0.3131868131868132,0.4945054945054945,0.3074792243767313,0.5484764542936288,0.407202216066482,0.21606648199445982,0.5484764542936288,0.5124653739612188,0.42336103416435816
Naz Reid,2002.0,267,169,128,4,21,55,4.801198801198802,3.038961038961039,2.301698301698302,0.07192807192807193,0.37762237762237766,0.989010989010989,0.7451523545706371,0.7922437673130194,0.43490304709141275,0.7894736842105263,0.7368421052631579,0.7811634349030471,0.7132963988919667
Neemias Queta,1926.0,430,160,128,0,9,103,8.037383177570094,2.990654205607477,2.392523364485981,0.0,0.16822429906542055,1.925233644859813,0.9196675900277008,0.7728531855955678,0.4792243767313019,0.21606648199445982,0.09695290858725762,0.9584487534626038,0.5738688827331487
Nic Claxton,1920.0,327,174,118,0,9,47,6.1312500000000005,3.2624999999999997,2.2125,0.0,0.16874999999999998,0.88125,0.8033240997229917,0.853185595567867,0.3739612188365651,0.21606648199445982,0.0997229916897507,0.7590027700831025,0.5175438596491228
Nick Richards,701.0,140,53,33,0,1,27,7.1897289586305275,2.7218259629101285,1.6947218259629102,0.0,0.05135520684736092,1.3865905848787445,0.8614958448753463,0.6925207756232687,0.1440443213296399,0.21606648199445982,0.01662049861495845,0.8781163434903048,0.46814404432132967
Nickeil Alexander-Walker,2603.0,177,84,271,4,28,36,2.4479446792162887,1.161736457933154,3.7479830964271996,0.05532078371110258,0.387245485977718,0.4978870533999231,0.3268698060941828,0.01662049861495845,0.8725761772853186,0.7146814404432132,0.7590027700831025,0.5207756232686981,0.5350877192982456
Nicolas Batum,1249.0,125,89,93,0,12,17,3.602882305844676,2.565252201761409,2.680544435548439,0.0,0.34587670136108883,0.4899919935948759,0.5789473684210527,0.6066481994459834,0.5983379501385041,0.21606648199445982,0.6592797783933518,0.4986149584487535,0.5263157894736842
Nikola Jokić,2265.0,251,135,178,1,15,110,3.989403973509934,2.1456953642384105,2.829139072847682,0.015894039735099338,0.23841059602649006,1.7483443708609272,0.6537396121883656,0.40443213296398894,0.6537396121883656,0.4487534626038781,0.2839335180055402,0.9362880886426593,0.5634810710987996
Nikola Jović,795.0,126,66,41,1,4,18,5.70566037735849,2.9886792452830186,1.8566037735849057,0.045283018867924525,0.1811320754716981,0.8150943396226414,0.7950138504155124,0.7700831024930748,0.21052631578947367,0.667590027700831,0.11911357340720222,0.7340720221606648,0.5493998153277931
Nikola Vučević,1818.0,335,168,90,1,6,103,6.633663366336633,3.3267326732673266,1.7821782178217822,0.019801980198019802,0.1188118811881188,2.0396039603960396,0.8310249307479224,0.8670360110803325,0.1745152354570637,0.48753462603878117,0.036011080332409975,0.9695290858725761,0.5609418282548476
Nique Clifford,1882.0,166,157,141,9,16,13,3.1753453772582363,3.0031880977683314,2.6971307120085015,0.17215727948990436,0.30605738575982994,0.24867162592986186,0.5069252077562327,0.775623268698061,0.6066481994459834,0.9279778393351801,0.5290858725761773,0.16066481994459833,0.5844875346260388
Noah Clowney,1780.0,260,154,108,4,15,34,5.258426966292134,3.1146067415730334,2.1842696629213485,0.08089887640449439,0.3033707865168539,0.6876404494382022,0.7839335180055401,0.8116343490304709,0.3518005540166205,0.8116343490304709,0.5096952908587258,0.6592797783933518,0.65466297322253
Noah Penda,707.0,93,45,58,0,13,12,4.735502121640735,2.2913719943422914,2.953323903818953,0.0,0.6619519094766619,0.611032531824611,0.7340720221606648,0.481994459833795,0.6869806094182825,0.21606648199445982,0.9916897506925207,0.6260387811634349,0.6228070175438596
Nolan Traore,1235.0,150,52,78,1,9,14,4.37246963562753,1.5157894736842106,2.2736842105263158,0.029149797570850202,0.2623481781376518,0.4080971659919029,0.6952908587257618,0.09141274238227147,0.40443213296398894,0.5595567867036011,0.38227146814404434,0.4155124653739612,0.4247460757156048
Norman Powell,1707.0,63,71,149,0,20,19,1.328646748681898,1.4973637961335675,3.142355008787346,0.0,0.421792618629174,0.4007029876977153,0.0443213296398892,0.0886426592797784,0.7368421052631579,0.21606648199445982,0.8310249307479224,0.4099722991689751,0.3878116343490305
OG Anunoby,2224.0,262,204,185,3,23,68,4.241007194244604,3.302158273381295,2.9946043165467624,0.048561151079136694,0.3723021582733813,1.1007194244604317,0.6897506925207756,0.8614958448753463,0.7091412742382271,0.6869806094182825,0.7091412742382271,0.8060941828254847,0.7437673130193905
Ochai Agbaji,950.0,123,69,69,0,5,12,4.661052631578948,2.614736842105263,2.614736842105263,0.0,0.18947368421052632,0.45473684210526316,0.7285318559556787,0.6260387811634349,0.5761772853185596,0.21606648199445982,0.13573407202216067,0.47368421052631576,0.45937211449676824
Olivier-Maxence Prosper,979.0,135,66,61,1,9,32,4.964249233912156,2.426966292134831,2.2431052093973443,0.03677221654749745,0.33094994892747703,1.1767109295199183,0.7590027700831025,0.554016620498615,0.3850415512465374,0.6121883656509696,0.6011080332409973,0.8199445983379502,0.6218836565096953
Onyeka Okongwu,2297.0,393,176,174,2,28,81,6.159338267305181,2.7583804962995213,2.7270352633870263,0.03134523291249456,0.4388332607749238,1.2694819329560296,0.8060941828254847,0.703601108033241,0.6149584487534626,0.5734072022160664,0.8476454293628809,0.8448753462603878,0.7317636195752538
Oso Ighodaro,1808.0,318,115,173,0,13,55,6.331858407079646,2.2898230088495577,3.4446902654867255,0.0,0.2588495575221239,1.0951327433628317,0.817174515235457,0.4792243767313019,0.8199445983379502,0.21606648199445982,0.3656509695290859,0.8033240997229917,0.5835641735918745
Ousmane Dieng,1092.0,139,102,58,0,7,9,4.582417582417582,3.3626373626373627,1.912087912087912,0.0,0.23076923076923075,0.2967032967032967,0.7146814404432132,0.8836565096952909,0.23268698060941828,0.21606648199445982,0.26454293628808867,0.24930747922437674,0.4268236380424746
P.J. Washington,1736.0,221,152,104,1,17,37,4.58294930875576,3.1520737327188937,2.1566820276497696,0.020737327188940093,0.35253456221198154,0.7672811059907835,0.7174515235457064,0.8227146814404432,0.34349030470914127,0.4930747922437673,0.6703601108033241,0.703601108033241,0.6251154201292706
Paolo Banchero,2502.0,271,179,89,0,11,38,3.8992805755395685,2.5755395683453237,1.2805755395683454,0.0,0.15827338129496402,0.5467625899280576,0.6426592797783933,0.6149584487534626,0.055401662049861494,0.21606648199445982,0.07202216066481995,0.5734072022160664,0.3624192059095106
Pascal Siakam,2057.0,236,124,139,0,14,54,4.130286825473991,2.1701507049100632,2.432668935342732,0.0,0.245017015070491,0.9450656295576082,0.6703601108033241,0.4182825484764543,0.5041551246537396,0.21606648199445982,0.31024930747922436,0.7728531855955678,0.481994459833795
Pat Connaughton,268.0,19,27,11,1,2,6,2.5522388059701493,3.626865671641791,1.4776119402985075,0.13432835820895522,0.26865671641791045,0.8059701492537313,0.3601108033240997,0.9390581717451524,0.08587257617728532,0.8947368421052632,0.40443213296398894,0.7257617728531855,0.5683287165281626
Pat Spencer,1188.0,67,62,74,0,10,9,2.0303030303030303,1.8787878787878787,2.2424242424242427,0.0,0.30303030303030304,0.2727272727272727,0.18005540166204986,0.2409972299168975,0.38227146814404434,0.21606648199445982,0.5069252077562327,0.21191135734072022,0.2897045244690674
Patrick Williams,1448.0,141,106,100,0,15,51,3.505524861878453,2.6353591160220993,2.4861878453038675,0.0,0.3729281767955801,1.2679558011049723,0.5678670360110804,0.6426592797783933,0.5318559556786704,0.21606648199445982,0.7146814404432132,0.8421052631578947,0.5858725761772853
Paul Reed,892.0,219,88,123,1,10,34,8.838565022421523,3.551569506726457,4.9641255605381165,0.04035874439461883,0.40358744394618834,1.3721973094170403,0.9445983379501385,0.9196675900277008,0.9806094182825484,0.6343490304709142,0.7936288088642659,0.8725761772853186,0.8575715604801477
Payton Pritchard,2465.0,41,92,108,2,18,31,0.5987829614604463,1.3436105476673428,1.5772819472616633,0.02920892494929006,0.26288032454361054,0.45273833671399594,0.002770083102493075,0.04709141274238227,0.11634349030470914,0.5623268698060941,0.3850415512465374,0.4709141274238227,0.26408125577100644
Pelle Larsson,1849.0,195,136,124,12,8,31,3.7966468361276364,2.647917793401839,2.4142779881016767,0.23363980530016226,0.15575987020010817,0.6035694970254192,0.6260387811634349,0.6509695290858726,0.4930747922437673,0.9667590027700831,0.06371191135734072,0.6232686980609419,0.5706371191135734
Pete Nance,719.0,92,44,31,0,2,9,4.606397774687066,2.2030598052851182,1.5521557719054242,0.0,0.10013908205841446,0.4506258692628651,0.7202216066481995,0.4515235457063712,0.10526315789473684,0.21606648199445982,0.0332409972299169,0.46537396121883656,0.3319482917820868
Peyton Watson,1598.0,206,124,85,3,18,8,4.640801001251565,2.793491864831039,1.9148936170212767,0.06758448060075094,0.4055068836045056,0.18022528160200252,0.7229916897506925,0.7119113573407202,0.23545706371191136,0.7645429362880887,0.8033240997229917,0.055401662049861494,0.548938134810711
Precious Achiuwa,1745.0,253,152,127,3,10,24,5.219484240687679,3.135816618911175,2.620057306590258,0.061891117478510026,0.20630372492836677,0.4951289398280802,0.775623268698061,0.817174515235457,0.5789473684210527,0.7451523545706371,0.18005540166204986,0.5152354570637119,0.6020313942751616
Quentin Grimes,2168.0,133,135,148,1,19,12,2.208487084870849,2.2416974169741697,2.4575645756457565,0.016605166051660517,0.31549815498154976,0.1992619926199262,0.23545706371191136,0.46814404432132967,0.518005540166205,0.45706371191135736,0.5512465373961218,0.09141274238227147,0.38688827331486614
Quenton Jackson,880.0,42,62,73,0,14,6,1.7181818181818183,2.536363636363636,2.9863636363636368,0.0,0.5727272727272726,0.24545454545454545,0.12188365650969529,0.5983379501385041,0.7063711911357341,0.21606648199445982,0.961218836565097,0.14958448753462603,0.45891043397968606
Quinten Post,1155.0,314,98,39,0,16,42,9.787012987012988,3.0545454545454547,1.2155844155844155,0.0,0.4987012987012987,1.309090909090909,0.9667590027700831,0.7977839335180056,0.038781163434903045,0.21606648199445982,0.9113573407202216,0.8559556786703602,0.6311172668513388
RJ Barrett,1726.0,152,118,106,3,13,18,3.1703360370799536,2.461181923522596,2.2108922363847046,0.06257242178447277,0.2711471610660487,0.37543453070683663,0.5041551246537396,0.5623268698060941,0.37119113573407203,0.7506925207756233,0.4155124653739612,0.3684210526315789,0.4953831948291782
Rasheer Fleming,646.0,60,40,61,0,3,8,3.343653250773994,2.2291021671826625,3.39938080495356,0.0,0.16718266253869968,0.44582043343653255,0.5401662049861495,0.4626038781163435,0.8088642659279779,0.21606648199445982,0.09141274238227147,0.4626038781163435,0.430286241920591
Rayan Rupert,1025.0,77,69,107,2,8,7,2.7043902439024388,2.423414634146342,3.7580487804878047,0.0702439024390244,0.2809756097560976,0.24585365853658536,0.4182825484764543,0.5512465373961218,0.8753462603878116,0.7673130193905817,0.4598337950138504,0.1523545706371191,0.5373961218836566
Reed Sheppard,2147.0,153,156,287,0,22,14,2.5654401490451795,2.615742897065673,4.812296227293898,0.0,0.36888681881695384,0.23474615742897068,0.37119113573407203,0.628808864265928,0.9722991689750693,0.21606648199445982,0.6952908587257618,0.1329639889196676,0.502770083102493
Rob Dillingham,942.0,62,60,83,0,9,3,2.3694267515923566,2.2929936305732483,3.1719745222929934,0.0,0.34394904458598724,0.11464968152866242,0.296398891966759,0.48476454293628807,0.7506925207756233,0.21606648199445982,0.6481994459833795,0.0221606648199446,0.40304709141274236
Robert Williams III,1008.0,217,94,69,0,6,31,7.75,3.357142857142857,2.4642857142857144,0.0,0.21428571428571427,1.107142857142857,0.9085872576177285,0.8808864265927978,0.5235457063711911,0.21606648199445982,0.21191135734072022,0.8088642659279779,0.5916435826408125
Ronald Holland II,1504.0,78,79,167,2,21,7,1.8670212765957446,1.8909574468085109,3.997340425531915,0.047872340425531915,0.5026595744680851,0.1675531914893617,0.1523545706371191,0.2520775623268698,0.889196675900277,0.6842105263157895,0.925207756232687,0.04155124653739612,0.49076638965835634
Royce O'Neale,2213.0,87,96,172,0,20,35,1.4152733845458654,1.56168097605061,2.798011748757343,0.0,0.32535020334387704,0.5693628558517849,0.0664819944598338,0.0997229916897507,0.6398891966759003,0.21606648199445982,0.5789473684210527,0.5955678670360111,0.36611265004616805
Rudy Gobert,2380.0,622,188,138,1,5,99,9.408403361344538,2.8436974789915963,2.0873949579831934,0.015126050420168069,0.07563025210084033,1.4974789915966387,0.9584487534626038,0.7229916897506925,0.31024930747922436,0.44321329639889195,0.0221606648199446,0.9030470914127424,0.5600184672206833
Rui Hachimura,1901.0,154,84,84,1,10,38,2.9163598106259867,1.5907417148869016,1.5907417148869016,0.01893740136770121,0.1893740136770121,0.7196212519726459,0.44598337950138506,0.11357340720221606,0.11911357340720222,0.47645429362880887,0.1329639889196676,0.6786703601108033,0.32779316712834716
Russell Westbrook,1749.0,49,61,137,0,21,7,1.0085763293310464,1.25557461406518,2.8198970840480277,0.0,0.4322469982847341,0.14408233276157806,0.01662049861495845,0.027700831024930747,0.6481994459833795,0.21606648199445982,0.8421052631578947,0.0332409972299169,0.29732225300092335
Ryan Dunn,1346.0,131,121,125,0,10,8,3.5037147102526003,3.236255572065379,3.3432392273402676,0.0,0.2674591381872214,0.2139673105497771,0.5650969529085873,0.8448753462603878,0.7977839335180056,0.21606648199445982,0.3988919667590028,0.0997229916897507,0.48707294552169905
Ryan Kalkbrenner,1479.0,505,142,71,2,14,124,12.2920892494929,3.4563894523326573,1.7281947261663286,0.0486815415821501,0.3407707910750507,3.0182555780933065,0.9944598337950139,0.9002770083102493,0.15512465373961218,0.6897506925207756,0.6398891966759003,1.0,0.7299168975069251
Ryan Nembhard,1135.0,53,50,35,2,14,8,1.681057268722467,1.5859030837004406,1.1101321585903083,0.06343612334801763,0.4440528634361234,0.2537444933920705,0.10803324099722991,0.11080332409972299,0.013850415512465374,0.7562326869806094,0.8614958448753463,0.16620498614958448,0.3361034164358265
Ryan Rollins,2375.0,153,136,298,4,26,18,2.319157894736842,2.0614736842105263,4.517052631578948,0.060631578947368425,0.39410526315789474,0.2728421052631579,0.28254847645429365,0.3545706371191136,0.9473684210526315,0.739612188365651,0.775623268698061,0.21606648199445982,0.5526315789473685
Saddiq Bey,2218.0,97,85,95,1,20,32,1.5743913435527501,1.3796212804328225,1.5419296663660955,0.016230838593327322,0.3246167718665464,0.5193868349864743,0.08587257617728532,0.055401662049861494,0.0997229916897507,0.45429362880886426,0.5761772853185596,0.5401662049861495,0.30193905817174516
Sam Hauser,1927.0,183,119,93,0,11,47,3.4187856772184744,2.2231447846393357,1.7374156720290608,0.0,0.20550077841203943,0.8780487804878049,0.5512465373961218,0.45706371191135736,0.15789473684210525,0.21606648199445982,0.1772853185595568,0.7562326869806094,0.3859649122807018
Sam Merrill,1377.0,98,54,80,3,8,13,2.5620915032679736,1.4117647058823528,2.0915032679738563,0.07843137254901962,0.20915032679738563,0.33986928104575165,0.3656509695290859,0.0664819944598338,0.31301939058171746,0.8033240997229917,0.18559556786703602,0.3047091412742382,0.33979686057248387
Sandro Mamukelashvili,1751.0,318,139,138,0,18,62,6.5379782981153625,2.857795545402627,2.8372358652198746,0.0,0.37007424328954885,1.274700171330668,0.8227146814404432,0.7285318559556787,0.6648199445983379,0.21606648199445982,0.7008310249307479,0.8476454293628809,0.6634349030470915
Santi Aldama,1198.0,183,103,62,2,8,28,5.499165275459099,3.0951585976627713,1.8631051752921537,0.06010016694490818,0.24040066777963273,0.8414023372287145,0.7894736842105263,0.8060941828254847,0.21329639889196675,0.7326869806094183,0.29778393351800553,0.7423822714681441,0.5969529085872576
Scottie Barnes,2681.0,326,147,255,1,25,71,4.377471092875792,1.9738903394255876,3.4240954867586724,0.013427825438269304,0.3356956359567326,0.9533756061171205,0.6980609418282548,0.31301939058171746,0.814404432132964,0.4376731301939058,0.6260387811634349,0.778393351800554,0.6112650046168052
Shaedon Sharpe,1471.0,52,73,96,1,13,21,1.2726036709721278,1.786539768864718,2.3494221617946978,0.024473147518694765,0.31815091774303195,0.5139360978925901,0.038781163434903045,0.1994459833795014,0.45706371191135736,0.5207756232686981,0.556786703601108,0.5346260387811634,0.3845798707294552
Shai Gilgeous-Alexander,2259.0,156,137,198,1,28,16,2.48605577689243,2.183266932270916,3.155378486055777,0.01593625498007968,0.4462151394422311,0.2549800796812749,0.33518005540166207,0.4293628808864266,0.739612188365651,0.4515235457063712,0.8670360110803325,0.16897506925207756,0.4986149584487534
Sharife Cooper,659.0,33,16,33,5,3,2,1.802731411229135,0.874051593323217,1.802731411229135,0.27314112291350534,0.1638846737481032,0.10925644916540213,0.1329639889196676,0.00554016620498615,0.18559556786703602,0.9750692520775623,0.0886426592797784,0.01662049861495845,0.23407202216066483
Sidy Cissoko,1395.0,102,64,112,8,11,12,2.632258064516129,1.6516129032258065,2.890322580645161,0.2064516129032258,0.28387096774193554,0.3096774193548387,0.39058171745152354,0.14127423822714683,0.6731301939058172,0.9556786703601108,0.46537396121883656,0.2659279778393352,0.481994459833795
Simone Fontecchio,1159.0,84,69,71,0,11,18,2.609145815358067,2.1432269197584124,2.2053494391717,0.0,0.3416738567730802,0.5591026747195859,0.3850415512465374,0.40166204986149584,0.3656509695290859,0.21606648199445982,0.6426592797783933,0.5872576177285319,0.43305632502308405
Sion James,1843.0,173,107,105,1,11,29,3.37927292457949,2.0900705371676613,2.051003798155182,0.019533369506239826,0.21486706456863808,0.566467715680955,0.5457063711911357,0.3739612188365651,0.29916897506925205,0.481994459833795,0.21606648199445982,0.592797783933518,0.4182825484764543
Spencer Jones,1416.0,187,94,125,4,12,31,4.7542372881355925,2.389830508474576,3.1779661016949152,0.1016949152542373,0.3050847457627119,0.788135593220339,0.7368421052631579,0.5318559556786704,0.7534626038781164,0.8421052631578947,0.5263157894736842,0.7202216066481995,0.6851338873499538
Stephen Curry,1329.0,59,60,104,3,18,10,1.5981941309255079,1.6252821670428894,2.8171557562076748,0.08126410835214447,0.4875846501128668,0.2708803611738149,0.09418282548476455,0.13019390581717452,0.6454293628808865,0.814404432132964,0.8975069252077562,0.2077562326869806,0.46491228070175444
Stephon Castle,2038.0,172,117,156,1,14,17,3.0382728164867516,2.0667320902845927,2.7556427870461238,0.017664376840039252,0.24730127576054955,0.3002944062806673,0.46814404432132967,0.3628808864265928,0.6232686980609419,0.46537396121883656,0.3185595567867036,0.2548476454293629,0.41551246537396125
Svi Mykhailiuk,1146.0,66,64,80,1,14,15,2.0732984293193715,2.0104712041884816,2.513089005235602,0.031413612565445025,0.43979057591623033,0.4712041884816754,0.19113573407202217,0.3379501385041551,0.5429362880886427,0.5761772853185596,0.850415512465374,0.481994459833795,0.4967682363804247
T.J. McConnell,934.0,36,42,115,4,23,7,1.3875802997858673,1.6188436830835118,4.43254817987152,0.15417558886509636,0.886509635974304,0.2698072805139186,0.05817174515235457,0.12465373961218837,0.9390581717451524,0.9141274238227147,1.0,0.20498614958448755,0.5401662049861495
Tari Eason,1549.0,178,100,141,0,21,14,4.136862491930278,2.3240800516462237,3.276952872821175,0.0,0.4880568108457069,0.3253712072304713,0.6759002770083102,0.49584487534626037,0.7894736842105263,0.21606648199445982,0.9002770083102493,0.2880886426592798,0.5609418282548476
Taylor Hendricks,1118.0,130,90,97,1,6,12,4.186046511627907,2.8980322003577816,3.1234347048300535,0.03220035778175313,0.19320214669051877,0.38640429338103754,0.685595567867036,0.7368421052631579,0.7340720221606648,0.592797783933518,0.14958448753462603,0.3850415512465374,0.5473222530009233
Terance Mann,1529.0,98,74,124,3,8,15,2.307390451275343,1.7423152387181164,2.919555264879006,0.07063440156965337,0.18835840418574232,0.3531720078482668,0.2659279778393352,0.17174515235457063,0.6786703601108033,0.7728531855955678,0.13019390581717452,0.3296398891966759,0.39150507848568794
Terrence Shannon Jr.,513.0,39,28,29,2,2,9,2.7368421052631575,1.9649122807017543,2.0350877192982457,0.14035087719298245,0.14035087719298245,0.631578947368421,0.4265927977839335,0.3074792243767313,0.2853185595567867,0.9030470914127424,0.05263157894736842,0.6371191135734072,0.43536472760849493
Thomas Bryant,721.0,159,31,36,1,4,32,7.938973647711512,1.5478502080443828,1.79750346740638,0.049930651872399444,0.19972260748959778,1.5977808599167822,0.9113573407202216,0.09695290858725762,0.18005540166204986,0.6952908587257618,0.17174515235457063,0.9168975069252078,0.4953831948291782
Tim Hardaway Jr.,2117.0,123,111,67,7,10,19,2.091639111950874,1.8875767595654227,1.1393481341521021,0.11903637222484648,0.17005196032120926,0.3230987246102976,0.20498614958448755,0.24930747922437674,0.019390581717451522,0.8725761772853186,0.10249307479224377,0.28254847645429365,0.2885503231763619
Tobias Harris,1740.0,129,115,88,0,16,54,2.668965517241379,2.3793103448275863,1.8206896551724139,0.0,0.3310344827586207,1.1172413793103448,0.407202216066482,0.5207756232686981,0.19113573407202217,0.21606648199445982,0.6038781163434903,0.8116343490304709,0.4584487534626039
Tony Bradley,443.0,81,31,14,0,3,26,6.582392776523702,2.5191873589164784,1.1376975169300225,0.0,0.2437923250564334,2.1128668171557563,0.8254847645429363,0.5844875346260388,0.01662049861495845,0.21606648199445982,0.3074792243767313,0.9833795013850416,0.48891966759002775
Toumani Camara,2731.0,250,173,213,18,18,36,3.2954961552544852,2.280483339436104,2.8077627242768215,0.23727572317832296,0.23727572317832296,0.4745514463566459,0.5263157894736842,0.47645429362880887,0.6426592797783933,0.9695290858725761,0.2770083102493075,0.48476454293628807,0.5627885503231763
Trayce Jackson-Davis,485.0,135,39,29,0,4,24,10.02061855670103,2.8948453608247426,2.1525773195876288,0.0,0.29690721649484536,1.781443298969072,0.9722991689750693,0.7340720221606648,0.3379501385041551,0.21606648199445982,0.49445983379501385,0.9445983379501385,0.6165743305632503
Tre Johnson,1401.0,80,69,81,0,6,10,2.0556745182012848,1.773019271948608,2.081370449678801,0.0,0.15417558886509636,0.2569593147751606,0.18559556786703602,0.1883656509695291,0.3074792243767313,0.21606648199445982,0.060941828254847646,0.17174515235457063,0.18836565096952906
Tre Jones,1752.0,101,62,145,8,11,19,2.0753424657534247,1.273972602739726,2.9794520547945207,0.1643835616438356,0.22602739726027396,0.3904109589041096,0.19390581717451524,0.030470914127423823,0.703601108033241,0.9224376731301939,0.24930747922437674,0.3878116343490305,0.41458910433979684
Tre Mann,635.0,43,36,50,0,8,6,2.437795275590551,2.0409448818897635,2.8346456692913384,0.0,0.45354330708661417,0.3401574803149606,0.32409972299168976,0.3490304709141274,0.6620498614958449,0.21606648199445982,0.8725761772853186,0.3074792243767313,0.45521698984302866
Trendon Watford,853.0,98,87,43,0,6,8,4.135990621336459,3.671746776084408,1.8147713950762017,0.0,0.25322391559202817,0.3376318874560375,0.6731301939058172,0.9445983379501385,0.1883656509695291,0.21606648199445982,0.3407202216066482,0.29916897506925205,0.4436749769159742
Trey Murphy III,2341.0,172,143,184,0,25,17,2.6450234942332336,2.1990602306706535,2.829560017086715,0.0,0.3844510892780863,0.26142674070909866,0.39335180055401664,0.4487534626038781,0.6565096952908587,0.21606648199445982,0.7534626038781164,0.18005540166204986,0.4413665743305632
Tristan Vukcevic,665.0,143,60,55,1,4,24,7.741353383458647,3.2481203007518795,2.977443609022556,0.05413533834586466,0.21654135338345865,1.299248120300752,0.9058171745152355,0.8476454293628809,0.7008310249307479,0.703601108033241,0.22437673130193905,0.853185595567867,0.7059095106186519
Tristan da Silva,1899.0,190,109,127,0,12,46,3.6018957345971563,2.066350710900474,2.4075829383886256,0.0,0.22748815165876776,0.8720379146919431,0.5761772853185596,0.3601108033240997,0.48753462603878117,0.21606648199445982,0.2520775623268698,0.7506925207756233,0.4404432132963989
Tyler Kolek,684.0,42,30,38,2,10,8,2.2105263157894735,1.5789473684210527,2.0,0.10526315789473684,0.5263157894736842,0.42105263157894735,0.23822714681440443,0.10526315789473684,0.2770083102493075,0.8559556786703602,0.9362880886426593,0.4293628808864266,0.4736842105263159
Tyrese Martin,732.0,51,46,53,0,12,8,2.5081967213114753,2.262295081967213,2.6065573770491803,0.0,0.5901639344262295,0.39344262295081966,0.3462603878116344,0.47368421052631576,0.5706371191135734,0.21606648199445982,0.9667590027700831,0.39335180055401664,0.4944598337950139
Tyrese Maxey,2661.0,116,156,248,3,34,14,1.5693348365276212,2.1104847801578352,3.355129650507328,0.040586245772266064,0.4599774520856821,0.18940248027057496,0.08310249307479224,0.3850415512465374,0.8033240997229917,0.6371191135734072,0.8864265927977839,0.0664819944598338,0.47691597414589104
Tyrese Proctor,503.0,16,27,59,1,7,6,1.1451292246520874,1.9324055666003976,4.222664015904573,0.07157057654075547,0.5009940357852883,0.4294234592445328,0.030470914127423823,0.2853185595567867,0.9196675900277008,0.7839335180055401,0.9196675900277008,0.4376731301939058,0.5627885503231763
Tyus Jones,832.0,14,33,54,0,5,6,0.6057692307692307,1.4278846153846154,2.3365384615384617,0.0,0.21634615384615385,0.25961538461538464,0.00554016620498615,0.07202216066481995,0.44598337950138506,0.21606648199445982,0.22160664819944598,0.1745152354570637,0.18928901200369344
VJ Edgecombe,2623.0,197,137,244,0,40,21,2.7037743042317954,1.8802897445672893,3.3488372093023253,0.0,0.5489897064430043,0.2882195958825772,0.4155124653739612,0.24376731301939059,0.8005540166204986,0.21606648199445982,0.9529085872576177,0.23545706371191136,0.47737765466297327
Victor Wembanyama,1866.0,431,166,169,3,12,42,8.315112540192926,3.202572347266881,3.2604501607717045,0.05787781350482315,0.2315112540192926,0.8102893890675241,0.9279778393351801,0.8393351800554016,0.778393351800554,0.7229916897506925,0.26869806094182824,0.7285318559556787,0.7109879963065558
Vít Krejčí,1386.0,154,116,92,0,16,19,4.0,3.012987012987013,2.38961038961039,0.0,0.4155844155844156,0.4935064935064935,0.6565096952908587,0.778393351800554,0.47368421052631576,0.21606648199445982,0.817174515235457,0.5041551246537396,0.5743305632502308
Walter Clayton Jr.,1394.0,132,163,88,4,10,13,3.4088952654232427,4.209469153515064,2.272596843615495,0.10329985652797705,0.2582496413199426,0.33572453371592537,0.5484764542936288,0.9833795013850416,0.40166204986149584,0.8476454293628809,0.3628808864265928,0.29362880886426596,0.5729455216989843
Wendell Carter Jr.,2288.0,445,152,125,2,21,146,7.0017482517482525,2.3916083916083917,1.9667832167832169,0.03146853146853147,0.3304195804195804,2.2972027972027975,0.853185595567867,0.5346260387811634,0.26038781163434904,0.5817174515235457,0.592797783933518,0.9889196675900277,0.6352723915050785
Will Richard,1344.0,76,70,157,5,10,13,2.0357142857142856,1.875,4.205357142857143,0.13392857142857142,0.26785714285714285,0.3482142857142857,0.18282548476454294,0.23822714681440443,0.9141274238227147,0.8919667590027701,0.40166204986149584,0.32132963988919666,0.4916897506925208
Will Riley,1609.0,157,80,86,1,10,16,3.512740832815413,1.7899316345556247,1.9241765071472965,0.022374145431945307,0.22374145431945308,0.3579863269111249,0.5706371191135734,0.20498614958448755,0.2409972299168975,0.5096952908587258,0.2409972299168975,0.3379501385041551,0.3508771929824561
Yang Hansen,287.0,79,37,17,0,0,22,9.909407665505228,4.641114982578397,2.132404181184669,0.0,0.0,2.759581881533101,0.9695290858725761,0.997229916897507,0.3268698060941828,0.21606648199445982,0.006925207756232687,0.9944598337950139,0.5851800554016621
Yanic Konan Niederhäuser,399.0,114,23,21,2,0,18,10.285714285714285,2.075187969924812,1.894736842105263,0.18045112781954886,0.0,1.6240601503759398,0.9778393351800554,0.3684210526315789,0.22437673130193905,0.9335180055401662,0.006925207756232687,0.9224376731301939,0.572253000923361
Yves Missi,1297.0,288,162,51,0,12,43,7.993831919814957,4.496530454895914,1.415574402467232,0.0,0.3330763299922899,1.1935235158057056,0.9168975069252078,0.9889196675900277,0.07202216066481995,0.21606648199445982,0.6094182825484764,0.8227146814404432,0.6043397968605725
Zaccharie Risacher,1503.0,190,104,139,0,16,13,4.550898203592815,2.4910179640718564,3.3293413173652695,0.0,0.38323353293413176,0.31137724550898205,0.703601108033241,0.5761772853185596,0.7950138504155124,0.21606648199445982,0.7479224376731302,0.26869806094182824,0.551246537396122
Zeke Nnaji,618.0,114,64,44,1,6,13,6.640776699029126,3.7281553398058254,2.563106796116505,0.05825242718446602,0.3495145631067961,0.7572815533980582,0.8337950138504155,0.9501385041551247,0.5484764542936288,0.7257617728531855,0.6648199445983379,0.6952908587257618,0.7363804247460757
Ziaire Williams,1266.0,91,111,173,1,17,10,2.5876777251184833,3.156398104265403,4.919431279620853,0.02843601895734597,0.4834123222748815,0.2843601895734597,0.3767313019390582,0.8282548476454293,0.9778393351800554,0.5526315789473685,0.8947368421052632,0.2299168975069252,0.6433518005540166
Zion Williamson,1841.0,117,138,123,1,10,40,2.287887017925041,2.6985334057577406,2.4052145573058117,0.01955458989679522,0.1955458989679522,0.7821835958718087,0.2631578947368421,0.6759002770083102,0.48476454293628807,0.48476454293628807,0.15789473684210525,0.7174515235457064,0.46398891966759
