PLAY_TYPE,PLAYER_NAME,TEAM_ABBREVIATION,POSS,POSS_PCT,player_ppp,league_ppp,pts_saved_above_lg_avg
OffScreen,Jamal Cain,ORL,10,0.045,0.2,0.9762821812284613,7.762821812284613
OffScreen,Maxime Raynaud,SAC,15,0.015,0.26666666666666666,0.9762821812284613,10.644232718426919
OffScreen,Gui Santos,GSW,13,0.026,0.3076923076923077,0.9762821812284613,8.691668355969997
OffScreen,Dennis Schröder,CLE,13,0.062,0.38461538461538464,0.9762821812284613,7.6916683559699965
OffScreen,Jericho Sims,MIL,11,0.022,0.45454545454545453,0.9762821812284613,5.739103993513075
OffScreen,Karlo Matković,NOP,11,0.031,0.45454545454545453,0.9762821812284613,5.739103993513075
OffScreen,John Konchar,MEM,13,0.079,0.46153846153846156,0.9762821812284613,6.6916683559699965
OffScreen,Onyeka Okongwu,ATL,11,0.01,0.5454545454545454,0.9762821812284613,4.739103993513075
OffScreen,Josh Minott,BOS,11,0.047,0.5454545454545454,0.9762821812284613,4.739103993513075
OffScreen,Ayo Dosunmu,CHI,18,0.046,0.3888888888888889,0.9762821812284613,10.573079262112303
OffScreen,Devin Carter,SAC,14,0.054,0.5,0.9762821812284613,6.667950537198458
OffScreen,Adem Bona,PHI,12,0.019,0.5833333333333334,0.9762821812284613,4.7153861747415355
OffScreen,Luke Kornet,SAS,10,0.012,0.7,0.9762821812284613,2.7628218122846135
OffScreen,Craig Porter Jr.,CLE,17,0.039,0.47058823529411764,0.9762821812284613,8.596797080883842
OffScreen,Gabe Vincent,LAL,14,0.06,0.5714285714285714,0.9762821812284613,5.667950537198459
OffScreen,Danny Wolf,BKN,13,0.03,0.6153846153846154,0.9762821812284613,4.6916683559699965
OffScreen,Jusuf Nurkić,UTA,12,0.027,0.6666666666666666,0.9762821812284613,3.7153861747415364
OffScreen,Dorian Finney-Smith,HOU,11,0.049,0.7272727272727273,0.9762821812284613,2.7391039935130745
OffScreen,Julian Strawther,DEN,10,0.036,0.8,0.9762821812284613,1.7628218122846129
OffScreen,Franz Wagner,ORL,14,0.038,0.6428571428571429,0.9762821812284613,4.6679505371984575
OffScreen,Coby White,CHI,14,0.049,0.6428571428571429,0.9762821812284613,4.6679505371984575
OffScreen,Caleb Love,POR,13,0.044,0.6923076923076923,0.9762821812284613,3.6916683559699974
OffScreen,Micah Peavy,NOP,12,0.038,0.75,0.9762821812284613,2.715386174741536
OffScreen,Jordan Poole,NOP,12,0.04,0.75,0.9762821812284613,2.715386174741536
OffScreen,Kevin Huerter,DET,11,0.058,0.8181818181818182,0.9762821812284613,1.739103993513074
OffScreen,Anthony Davis,DAL,10,0.034,0.9,0.9762821812284613,0.7628218122846131
OffScreen,Jared McCain,PHI,10,0.051,0.9,0.9762821812284613,0.7628218122846131
OffScreen,Rayan Rupert,POR,10,0.052,0.9,0.9762821812284613,0.7628218122846131
OffScreen,Brandon Williams,DAL,23,0.044,0.43478260869565216,0.9762821812284613,12.45449016825461
OffScreen,CJ McCollum,ATL,21,0.042,0.47619047619047616,0.9762821812284613,10.501925805797688
OffScreen,Tyler Herro,MIA,18,0.056,0.5555555555555556,0.9762821812284613,7.573079262112303
OffScreen,Walter Clayton Jr.,UTA,17,0.047,0.5882352941176471,0.9762821812284613,6.596797080883842
OffScreen,Kyle Filipowski,UTA,16,0.023,0.625,0.9762821812284613,5.620514899655381
OffScreen,James Harden,CLE,14,0.051,0.7142857142857143,0.9762821812284613,3.6679505371984584
OffScreen,Ethan Thompson,IND,12,0.046,0.8333333333333334,0.9762821812284613,1.7153861747415355
OffScreen,Luka Garza,BOS,11,0.02,0.9090909090909091,0.9762821812284613,0.739103993513075
OffScreen,Ivica Zubac,LAC,10,0.016,1.0,0.9762821812284613,-0.23717818771538668
OffScreen,Dalton Knecht,LAL,10,0.054,1.0,0.9762821812284613,-0.23717818771538668
OffScreen,Kris Murray,POR,15,0.039,0.7333333333333333,0.9762821812284613,3.6442327184269208
OffScreen,Elijah Harkless,UTA,15,0.063,0.7333333333333333,0.9762821812284613,3.6442327184269208
OffScreen,Terrence Shannon Jr.,MIN,14,0.09,0.7857142857142857,0.9762821812284613,2.667950537198459
OffScreen,Buddy Hield,GSW,13,0.044,0.8461538461538461,0.9762821812284613,1.6916683559699974
OffScreen,Khris Middleton,WAS,12,0.047,0.9166666666666666,0.9762821812284613,0.7153861747415364
OffScreen,Donovan Clingan,POR,11,0.009,1.0,0.9762821812284613,-0.26089600648692535
OffScreen,Jarrett Allen,CLE,11,0.016,1.0,0.9762821812284613,-0.26089600648692535
OffScreen,Saddiq Bey,NOP,36,0.058,0.3333333333333333,0.9762821812284613,23.146158524224607
OffScreen,Grant Williams,CHA,18,0.068,0.6666666666666666,0.9762821812284613,5.573079262112305
OffScreen,LeBron James,LAL,16,0.036,0.75,0.9762821812284613,3.6205148996553813
OffScreen,Dru Smith,MIA,15,0.029,0.8,0.9762821812284613,2.6442327184269194
OffScreen,Joel Embiid,PHI,13,0.021,0.9230769230769231,0.9762821812284613,0.6916683559699967
OffScreen,Taylor Hendricks,MEM,12,0.051,1.0,0.9762821812284613,-0.284613825258464
OffScreen,Neemias Queta,BOS,11,0.012,1.0909090909090908,0.9762821812284613,-1.2608960064869246
OffScreen,Dejounte Murray,NOP,10,0.07,1.2,0.9762821812284613,-2.2371781877153865
OffScreen,Bam Adebayo,MIA,21,0.022,0.6190476190476191,0.9762821812284613,7.501925805797687
OffScreen,Collin Sexton,CHA,21,0.073,0.6190476190476191,0.9762821812284613,7.501925805797687
OffScreen,Noah Penda,ORL,20,0.065,0.65,0.9762821812284613,6.525643624569226
OffScreen,Terance Mann,BKN,19,0.036,0.6842105263157895,0.9762821812284613,5.549361443340765
OffScreen,Spencer Jones,DEN,17,0.032,0.7647058823529411,0.9762821812284613,3.5967970808838436
OffScreen,Jared McCain,OKC,13,0.064,1.0,0.9762821812284613,-0.3083316440300027
OffScreen,Tyrese Proctor,CLE,12,0.068,1.0833333333333333,0.9762821812284613,-1.2846138252584631
OffScreen,Dalen Terry,CHI,12,0.081,1.0833333333333333,0.9762821812284613,-1.2846138252584631
OffScreen,Taylor Hendricks,UTA,11,0.056,1.1818181818181819,0.9762821812284613,-2.260896006486926
OffScreen,Nikola Vučević,CHI,10,0.013,1.3,0.9762821812284613,-3.2371781877153873
OffScreen,John Konchar,UTA,10,0.039,1.3,0.9762821812284613,-3.2371781877153873
OffScreen,Jaden Ivey,DET,10,0.051,1.3,0.9762821812284613,-3.2371781877153873
OffScreen,Jamal Shead,TOR,22,0.031,0.6363636363636364,0.9762821812284613,7.478207987026149
OffScreen,Dennis Schröder,SAC,19,0.047,0.7368421052631579,0.9762821812284613,4.549361443340766
OffScreen,Aaron Gordon,DEN,18,0.05,0.7777777777777778,0.9762821812284613,3.5730792621123038
OffScreen,Draymond Green,GSW,16,0.024,0.875,0.9762821812284613,1.6205148996553813
OffScreen,Kevin Huerter,CHI,16,0.044,0.875,0.9762821812284613,1.6205148996553813
OffScreen,Mike Conley,MIN,16,0.047,0.875,0.9762821812284613,1.6205148996553813
OffScreen,Giannis Antetokounmpo,MIL,16,0.05,0.875,0.9762821812284613,1.6205148996553813
OffScreen,Alperen Sengun,HOU,15,0.012,0.9333333333333333,0.9762821812284613,0.6442327184269198
OffScreen,Chet Holmgren,OKC,15,0.019,0.9333333333333333,0.9762821812284613,0.6442327184269198
OffScreen,Nicolas Batum,LAC,14,0.044,1.0,0.9762821812284613,-0.33204946280154135
OffScreen,Sandro Mamukelashvili,TOR,12,0.015,1.1666666666666667,0.9762821812284613,-2.284613825258465
OffScreen,Alex Sarr,WAS,12,0.018,1.1666666666666667,0.9762821812284613,-2.284613825258465
OffScreen,Jay Huff,IND,11,0.012,1.2727272727272727,0.9762821812284613,-3.260896006486925
OffScreen,Obi Toppin,IND,10,0.066,1.4,0.9762821812284613,-4.237178187715386
OffScreen,Jaylen Clark,MIN,22,0.063,0.6818181818181818,0.9762821812284613,6.478207987026151
OffScreen,Jordan Hawkins,NOP,20,0.084,0.75,0.9762821812284613,4.525643624569227
OffScreen,Santi Aldama,MEM,15,0.029,1.0,0.9762821812284613,-0.35576728157308
OffScreen,Gradey Dick,TOR,13,0.033,1.1538461538461537,0.9762821812284613,-2.3083316440300012
OffScreen,Wendell Carter Jr.,ORL,12,0.011,1.25,0.9762821812284613,-3.284613825258464
OffScreen,Taurean Prince,MIL,11,0.065,1.3636363636363635,0.9762821812284613,-4.260896006486925
OffScreen,Jahmai Mashack,MEM,10,0.041,1.5,0.9762821812284613,-5.2371781877153865
OffScreen,Keldon Johnson,SAS,29,0.052,0.5517241379310345,0.9762821812284613,12.31218325562538
OffScreen,Cameron Johnson,DEN,20,0.038,0.8,0.9762821812284613,3.5256436245692258
OffScreen,Jalen Green,PHX,19,0.066,0.8421052631578947,0.9762821812284613,2.549361443340766
OffScreen,Jaren Jackson Jr.,MEM,17,0.03,0.9411764705882353,0.9762821812284613,0.5967970808838429
OffScreen,Jalen Williams,OKC,14,0.054,1.1428571428571428,0.9762821812284613,-2.3320494628015407
OffScreen,Bryce McGowens,NOP,13,0.037,1.2307692307692308,0.9762821812284613,-3.3083316440300035
OffScreen,Jonathan Kuminga,GSW,11,0.062,1.4545454545454546,0.9762821812284613,-5.2608960064869255
OffScreen,Ja Morant,MEM,10,0.051,1.6,0.9762821812284613,-6.237178187715387
OffScreen,Jaden Hardy,DAL,10,0.069,1.6,0.9762821812284613,-6.237178187715387
OffScreen,Anthony Edwards,MIN,29,0.044,0.5862068965517241,0.9762821812284613,11.31218325562538
OffScreen,Isaiah Joe,OKC,29,0.057,0.5862068965517241,0.9762821812284613,11.31218325562538
OffScreen,Ajay Mitchell,OKC,29,0.061,0.5862068965517241,0.9762821812284613,11.31218325562538
OffScreen,Jimmy Butler III,GSW,25,0.072,0.68,0.9762821812284613,7.407054530711532
OffScreen,Mouhamed Gueye,ATL,19,0.04,0.8947368421052632,0.9762821812284613,1.5493614433407652
OffScreen,Shaedon Sharpe,POR,16,0.038,1.0625,0.9762821812284613,-1.3794851003446187
OffScreen,Jalen Pickett,DEN,16,0.068,1.0625,0.9762821812284613,-1.3794851003446187
OffScreen,Corey Kispert,ATL,15,0.055,1.1333333333333333,0.9762821812284613,-2.3557672815730797
OffScreen,Collin Murray-Boyles,TOR,14,0.024,1.2142857142857142,0.9762821812284613,-3.33204946280154
OffScreen,Bobby Portis,MIL,10,0.017,1.7,0.9762821812284613,-7.2371781877153865
OffScreen,Austin Reaves,LAL,29,0.051,0.6206896551724138,0.9762821812284613,10.312183255625378
OffScreen,Shai Gilgeous-Alexander,OKC,26,0.037,0.6923076923076923,0.9762821812284613,7.383336711939995
OffScreen,Victor Wembanyama,SAS,20,0.02,0.9,0.9762821812284613,1.5256436245692262
OffScreen,Dillon Brooks,PHX,20,0.036,0.9,0.9762821812284613,1.5256436245692262
OffScreen,T.J. McConnell,IND,14,0.047,1.2857142857142858,0.9762821812284613,-4.3320494628015425
OffScreen,Alex Caruso,OKC,13,0.034,1.3846153846153846,0.9762821812284613,-5.308331644030003
OffScreen,Tyus Jones,ORL,10,0.044,1.8,0.9762821812284613,-8.237178187715386
OffScreen,Luke Kennard,ATL,18,0.059,1.0555555555555556,0.9762821812284613,-1.4269207378876965
OffScreen,Carter Bryant,SAS,17,0.046,1.1176470588235294,0.9762821812284613,-2.4032029191161577
OffScreen,Anfernee Simons,BOS,17,0.047,1.1176470588235294,0.9762821812284613,-2.4032029191161577
OffScreen,Javon Small,MEM,15,0.051,1.2666666666666666,0.9762821812284613,-4.355767281573079
OffScreen,Isaiah Stewart,DET,14,0.022,1.3571428571428572,0.9762821812284613,-5.3320494628015425
OffScreen,Michael Porter Jr.,BKN,12,0.028,1.5833333333333333,0.9762821812284613,-7.284613825258463
OffScreen,Kam Jones,IND,11,0.051,1.7272727272727273,0.9762821812284613,-8.260896006486925
OffScreen,Jerami Grant,POR,27,0.049,0.7407407407407407,0.9762821812284613,6.359618893168457
OffScreen,Norman Powell,MIA,24,0.06,0.8333333333333334,0.9762821812284613,3.430772349483071
OffScreen,CJ McCollum,WAS,24,0.064,0.8333333333333334,0.9762821812284613,3.430772349483071
OffScreen,Josh Green,CHA,22,0.072,0.9090909090909091,0.9762821812284613,1.47820798702615
OffScreen,Johnny Furphy,IND,22,0.076,0.9090909090909091,0.9762821812284613,1.47820798702615
OffScreen,Ryan Nembhard,DAL,18,0.045,1.1111111111111112,0.9762821812284613,-2.4269207378876967
OffScreen,Noah Clowney,BKN,17,0.027,1.1764705882352942,0.9762821812284613,-3.403202919116158
OffScreen,Simone Fontecchio,MIA,17,0.042,1.1764705882352942,0.9762821812284613,-3.403202919116158
OffScreen,Keon Ellis,SAC,17,0.052,1.1764705882352942,0.9762821812284613,-3.403202919116158
OffScreen,Nic Claxton,BKN,16,0.022,1.25,0.9762821812284613,-4.379485100344619
OffScreen,Jalen Duren,DET,15,0.018,1.3333333333333333,0.9762821812284613,-5.355767281573079
OffScreen,Zion Williamson,NOP,28,0.045,0.75,0.9762821812284613,6.335901074396917
OffScreen,Dean Wade,CLE,24,0.044,0.875,0.9762821812284613,2.430772349483072
OffScreen,Daniss Jenkins,DET,24,0.048,0.875,0.9762821812284613,2.430772349483072
OffScreen,Kasparas Jakučionis,MIA,24,0.063,0.875,0.9762821812284613,2.430772349483072
OffScreen,Bones Hyland,MIN,23,0.046,0.9130434782608695,0.9762821812284613,1.4544901682546119
OffScreen,Jarred Vanderbilt,LAL,23,0.065,0.9130434782608695,0.9762821812284613,1.4544901682546119
OffScreen,Jordan Walsh,BOS,19,0.039,1.105263157894737,0.9762821812284613,-2.4506385566592366
OffScreen,De'Andre Hunter,CLE,17,0.05,1.2352941176470589,0.9762821812284613,-4.403202919116159
OffScreen,Jalen Wilson,BKN,16,0.054,1.3125,0.9762821812284613,-5.379485100344619
OffScreen,Zach LaVine,SAC,14,0.038,1.5,0.9762821812284613,-7.332049462801542
OffScreen,Yves Missi,NOP,13,0.021,1.6153846153846154,0.9762821812284613,-8.308331644030003
OffScreen,Rui Hachimura,LAL,33,0.059,0.6666666666666666,0.9762821812284613,10.217311980539225
OffScreen,Marcus Smart,LAL,30,0.048,0.7333333333333333,0.9762821812284613,7.2884654368538415
OffScreen,James Harden,LAC,29,0.06,0.7586206896551724,0.9762821812284613,6.31218325562538
OffScreen,Jalen Suggs,ORL,28,0.049,0.7857142857142857,0.9762821812284613,5.335901074396918
OffScreen,Svi Mykhailiuk,UTA,28,0.067,0.7857142857142857,0.9762821812284613,5.335901074396918
OffScreen,Jamir Watkins,WAS,28,0.067,0.7857142857142857,0.9762821812284613,5.335901074396918
OffScreen,Kentavious Caldwell-Pope,MEM,23,0.077,0.9565217391304348,0.9762821812284613,0.45449016825460997
OffScreen,Jaime Jaquez Jr.,MIA,22,0.028,1.0,0.9762821812284613,-0.5217920129738507
OffScreen,Naz Reid,MIN,22,0.033,1.0,0.9762821812284613,-0.5217920129738507
OffScreen,Pat Spencer,GSW,22,0.057,1.0,0.9762821812284613,-0.5217920129738507
OffScreen,Stephen Curry,GSW,21,0.058,1.0476190476190477,0.9762821812284613,-1.4980741942023132
OffScreen,Darius Garland,CLE,17,0.062,1.2941176470588236,0.9762821812284613,-5.403202919116159
OffScreen,Egor Dëmin,BKN,16,0.04,1.375,0.9762821812284613,-6.379485100344619
OffScreen,Patrick Williams,CHI,30,0.057,0.7666666666666667,0.9762821812284613,6.288465436853839
OffScreen,Lauri Markkanen,UTA,30,0.072,0.7666666666666667,0.9762821812284613,6.288465436853839
OffScreen,Derik Queen,NOP,25,0.027,0.92,0.9762821812284613,1.4070545307115323
OffScreen,Quenton Jackson,IND,23,0.053,1.0,0.9762821812284613,-0.5455098317453894
OffScreen,Moussa Diabaté,CHA,20,0.023,1.15,0.9762821812284613,-3.4743563754307716
OffScreen,Aaron Holiday,HOU,19,0.068,1.2105263157894737,0.9762821812284613,-4.450638556659235
OffScreen,Jalen Smith,CHI,13,0.026,1.7692307692307692,0.9762821812284613,-10.308331644030002
OffScreen,Bennedict Mathurin,IND,29,0.099,0.8275862068965517,0.9762821812284613,4.312183255625379
OffScreen,Evan Mobley,CLE,26,0.029,0.9230769230769231,0.9762821812284613,1.3833367119399933
OffScreen,Caris LeVert,DET,22,0.055,1.0909090909090908,0.9762821812284613,-2.521792012973849
OffScreen,Justin Edwards,PHI,18,0.048,1.3333333333333333,0.9762821812284613,-6.426920737887695
OffScreen,Tim Hardaway Jr.,DEN,33,0.049,0.7575757575757576,0.9762821812284613,7.2173119805392245
OffScreen,Aaron Wiggins,OKC,29,0.054,0.8620689655172413,0.9762821812284613,3.31218325562538
OffScreen,Brandon Ingram,TOR,28,0.04,0.8928571428571429,0.9762821812284613,2.335901074396916
OffScreen,Nae'Qwan Tomlin,CLE,23,0.061,1.0869565217391304,0.9762821812284613,-2.545509831745388
OffScreen,Jordan Clarkson,NYK,20,0.052,1.25,0.9762821812284613,-5.474356375430773
OffScreen,Mitchell Robinson,NYK,18,0.032,1.3888888888888888,0.9762821812284613,-7.426920737887695
OffScreen,Keon Ellis,CLE,15,0.047,1.6666666666666667,0.9762821812284613,-10.355767281573081
OffScreen,Jake LaRavia,LAL,29,0.036,0.896551724137931,0.9762821812284613,2.3121832556253783
OffScreen,Klay Thompson,DAL,29,0.067,0.896551724137931,0.9762821812284613,2.3121832556253783
OffScreen,Sidy Cissoko,POR,24,0.055,1.0833333333333333,0.9762821812284613,-2.5692276505169263
OffScreen,Cam Spencer,MEM,23,0.044,1.1304347826086956,0.9762821812284613,-3.5455098317453873
OffScreen,GG Jackson,MEM,23,0.054,1.1304347826086956,0.9762821812284613,-3.5455098317453873
OffScreen,Dylan Harper,SAS,22,0.044,1.1818181818181819,0.9762821812284613,-4.521792012973852
OffScreen,Immanuel Quickley,TOR,21,0.028,1.2380952380952381,0.9762821812284613,-5.498074194202313
OffScreen,Drake Powell,BKN,18,0.048,1.4444444444444444,0.9762821812284613,-8.426920737887695
OffScreen,Jalen Johnson,ATL,33,0.045,0.8181818181818182,0.9762821812284613,5.217311980539222
OffScreen,Jamal Murray,DEN,31,0.034,0.8709677419354839,0.9762821812284613,3.264747618082301
OffScreen,Harrison Barnes,SAS,31,0.053,0.8709677419354839,0.9762821812284613,3.264747618082301
OffScreen,Will Riley,WAS,31,0.067,0.8709677419354839,0.9762821812284613,3.264747618082301
OffScreen,Jrue Holiday,POR,30,0.056,0.9,0.9762821812284613,2.2884654368538393
OffScreen,John Collins,LAC,29,0.043,0.9310344827586207,0.9762821812284613,1.3121832556253794
OffScreen,Kawhi Leonard,LAC,27,0.046,1.0,0.9762821812284613,-0.640381106831544
OffScreen,Gary Trent Jr.,MIL,24,0.06,1.125,0.9762821812284613,-3.569227650516928
OffScreen,Karl-Anthony Towns,NYK,18,0.017,1.5,0.9762821812284613,-9.426920737887697
OffScreen,Ben Saraf,BKN,17,0.052,1.588235294117647,0.9762821812284613,-10.403202919116156
OffScreen,Gary Harris,MIL,15,0.056,1.8,0.9762821812284613,-12.355767281573081
OffScreen,Kevin Durant,HOU,46,0.06,0.6086956521739131,0.9762821812284613,16.90898033650922
OffScreen,Trey Murphy III,NOP,39,0.053,0.717948717948718,0.9762821812284613,10.075005067909991
OffScreen,Bruce Brown,DEN,38,0.048,0.7368421052631579,0.9762821812284613,9.098722886681532
OffScreen,Tobias Harris,DET,31,0.052,0.9032258064516129,0.9762821812284613,2.264747618082302
OffScreen,Gary Payton II,GSW,29,0.071,0.9655172413793104,0.9762821812284613,0.3121832556253774
OffScreen,Justin Champagnie,WAS,28,0.053,1.0,0.9762821812284613,-0.6640989256030827
OffScreen,Tre Johnson,WAS,26,0.056,1.0769230769230769,0.9762821812284613,-2.6166632880600043
OffScreen,Ja'Kobe Walter,TOR,36,0.061,0.8055555555555556,0.9762821812284613,6.146158524224607
OffScreen,DeMar DeRozan,SAC,28,0.048,1.0357142857142858,0.9762821812284613,-1.6640989256030854
OffScreen,Vít Krejčí,ATL,22,0.053,1.3181818181818181,0.9762821812284613,-7.521792012973849
OffScreen,Miles McBride,NYK,20,0.052,1.45,0.9762821812284613,-9.474356375430773
OffScreen,Paul George,PHI,20,0.057,1.45,0.9762821812284613,-9.474356375430773
OffScreen,Jose Alvarado,NOP,19,0.064,1.5263157894736843,0.9762821812284613,-10.450638556659236
OffScreen,Tyrese Maxey,PHI,41,0.048,0.7317073170731707,0.9762821812284613,10.027569430366915
OffScreen,Kevin Porter Jr.,MIL,37,0.071,0.8108108108108109,0.9762821812284613,6.122440705453068
OffScreen,Sam Merrill,CLE,28,0.06,1.0714285714285714,0.9762821812284613,-2.664098925603082
OffScreen,Baylor Scheierman,BOS,27,0.05,1.1111111111111112,0.9762821812284613,-3.6403811068315455
OffScreen,Josh Giddey,CHI,23,0.04,1.3043478260869565,0.9762821812284613,-7.54550983174539
OffScreen,Nolan Traore,BKN,18,0.039,1.6666666666666667,0.9762821812284613,-12.426920737887697
OffScreen,Tari Eason,HOU,39,0.074,0.7948717948717948,0.9762821812284613,7.075005067909994
OffScreen,Christian Braun,DEN,36,0.057,0.8611111111111112,0.9762821812284613,4.146158524224607
OffScreen,Landry Shamet,NYK,29,0.07,1.0689655172413792,0.9762821812284613,-2.687816744374619
OffScreen,Rudy Gobert,MIN,23,0.017,1.3478260869565217,0.9762821812284613,-8.54550983174539
OffScreen,Keegan Murray,SAC,22,0.085,1.4090909090909092,0.9762821812284613,-9.521792012973853
OffScreen,Vince Williams Jr.,MEM,21,0.068,1.4761904761904763,0.9762821812284613,-10.498074194202314
OffScreen,OG Anunoby,NYK,47,0.056,0.6808510638297872,0.9762821812284613,13.885262517737683
OffScreen,Jarace Walker,IND,41,0.068,0.7804878048780488,0.9762821812284613,8.027569430366913
OffScreen,Will Richard,GSW,40,0.076,0.8,0.9762821812284613,7.0512872491384515
OffScreen,Brice Sensabaugh,UTA,38,0.07,0.8421052631578947,0.9762821812284613,5.098722886681532
OffScreen,Reed Sheppard,HOU,32,0.037,1.0,0.9762821812284613,-0.7589702006892374
OffScreen,Jeremiah Fears,NOP,31,0.038,1.032258064516129,0.9762821812284613,-1.735252381917698
OffScreen,AJ Green,MIL,29,0.039,1.103448275862069,0.9762821812284613,-3.687816744374621
OffScreen,Daeqwon Plowden,SAC,22,0.065,1.4545454545454546,0.9762821812284613,-10.521792012973851
OffScreen,Kelly Oubre Jr.,PHI,44,0.071,0.75,0.9762821812284613,9.956415974052298
OffScreen,Collin Gillespie,PHX,43,0.057,0.7674418604651163,0.9762821812284613,8.980133792823835
OffScreen,Devin Booker,PHX,37,0.059,0.8918918918918919,0.9762821812284613,3.1224407054530694
OffScreen,Kyshawn George,WAS,35,0.057,0.9428571428571428,0.9762821812284613,1.1698763429961474
OffScreen,Jordan Goodwin,PHX,30,0.053,1.1,0.9762821812284613,-3.711534563146163
OffScreen,Deni Avdija,POR,24,0.039,1.375,0.9762821812284613,-9.569227650516929
OffScreen,Jordan Miller,LAC,23,0.047,1.434782608695652,0.9762821812284613,-10.545509831745388
OffScreen,Jalen Brunson,NYK,25,0.029,1.36,0.9762821812284613,-9.59294546928847
OffScreen,Julius Randle,MIN,57,0.059,0.6140350877192983,0.9762821812284613,20.648084330022293
OffScreen,Desmond Bane,ORL,46,0.061,0.7608695652173914,0.9762821812284613,9.908980336509218
OffScreen,Sam Hauser,BOS,41,0.06,0.8536585365853658,0.9762821812284613,5.027569430366915
OffScreen,Ryan Dunn,PHX,34,0.067,1.0294117647058822,0.9762821812284613,-1.8064058382323112
OffScreen,Donovan Mitchell,CLE,31,0.051,1.1290322580645162,0.9762821812284613,-4.735252381917702
OffScreen,Josh Okogie,HOU,28,0.062,1.25,0.9762821812284613,-7.664098925603083
OffScreen,Jabari Smith Jr.,HOU,45,0.049,0.8,0.9762821812284613,7.932698155280758
OffScreen,Bub Carrington,WAS,35,0.048,1.0285714285714285,0.9762821812284613,-1.83012365700385
OffScreen,Derrick Jones Jr.,LAC,35,0.06,1.0285714285714285,0.9762821812284613,-1.83012365700385
OffScreen,Javonte Green,DET,30,0.058,1.2,0.9762821812284613,-6.7115345631461585
OffScreen,Hugo González,BOS,27,0.059,1.3333333333333333,0.9762821812284613,-9.640381106831542
OffScreen,Davion Mitchell,MIA,34,0.042,1.088235294117647,0.9762821812284613,-3.806405838232312
OffScreen,Ronald Holland II,DET,34,0.053,1.088235294117647,0.9762821812284613,-3.806405838232312
OffScreen,Ziaire Williams,BKN,32,0.062,1.15625,0.9762821812284613,-5.758970200689237
OffScreen,Kobe Sanders,LAC,31,0.06,1.1935483870967742,0.9762821812284613,-6.7352523819177
OffScreen,De'Anthony Melton,GSW,29,0.07,1.2758620689655173,0.9762821812284613,-8.687816744374624
OffScreen,Paolo Banchero,ORL,50,0.059,0.76,0.9762821812284613,10.814109061423066
OffScreen,Brandon Miller,CHA,45,0.066,0.8444444444444444,0.9762821812284613,5.93269815528076
OffScreen,Caleb Martin,DAL,39,0.116,0.9743589743589743,0.9762821812284613,0.07500506790999273
OffScreen,Aaron Nesmith,IND,36,0.069,1.0555555555555556,0.9762821812284613,-2.853841475775393
OffScreen,Payton Pritchard,BOS,55,0.07,0.7090909090909091,0.9762821812284613,14.695519967565373
OffScreen,Pascal Siakam,IND,37,0.049,1.054054054054054,0.9762821812284613,-2.8775592945469266
OffScreen,Dominick Barlow,PHI,32,0.045,1.21875,0.9762821812284613,-7.758970200689237
OffScreen,Jaylon Tyson,CLE,35,0.048,1.1428571428571428,0.9762821812284613,-5.830123657003851
OffScreen,Malik Monk,SAC,32,0.075,1.25,0.9762821812284613,-8.758970200689237
OffScreen,Kon Knueppel,CHA,53,0.057,0.7735849056603774,0.9762821812284613,10.742955605108447
OffScreen,Ben Sheppard,IND,42,0.089,0.9761904761904762,0.9762821812284613,0.003851611595377058
OffScreen,Ace Bailey,UTA,35,0.051,1.1714285714285715,0.9762821812284613,-6.830123657003855
OffScreen,Cody Williams,UTA,34,0.06,1.2058823529411764,0.9762821812284613,-7.806405838232313
OffScreen,Cooper Flagg,DAL,32,0.044,1.28125,0.9762821812284613,-9.758970200689237
OffScreen,Bilal Coulibaly,WAS,32,0.066,1.28125,0.9762821812284613,-9.758970200689237
OffScreen,Luka Dončić,LAL,30,0.038,1.3666666666666667,0.9762821812284613,-11.711534563146161
OffScreen,Quentin Grimes,PHI,43,0.056,0.9767441860465116,0.9762821812284613,-0.019866207176160944
OffScreen,Duncan Robinson,DET,43,0.056,0.9767441860465116,0.9762821812284613,-0.019866207176160944
OffScreen,Kyle Kuzma,MIL,43,0.065,0.9767441860465116,0.9762821812284613,-0.019866207176160944
OffScreen,RJ Barrett,TOR,37,0.056,1.135135135135135,0.9762821812284613,-5.877559294546929
OffScreen,Zaccharie Risacher,ATL,37,0.066,1.135135135135135,0.9762821812284613,-5.877559294546929
OffScreen,Russell Westbrook,SAC,36,0.06,1.1666666666666667,0.9762821812284613,-6.853841475775395
OffScreen,Isaiah Collier,UTA,30,0.063,1.4,0.9762821812284613,-12.711534563146158
OffScreen,Ausar Thompson,DET,57,0.074,0.7543859649122807,0.9762821812284613,12.648084330022295
OffScreen,Cade Cunningham,DET,37,0.05,1.162162162162162,0.9762821812284613,-6.877559294546927
OffScreen,Royce O'Neale,PHX,35,0.051,1.2285714285714286,0.9762821812284613,-8.830123657003856
OffScreen,Tre Jones,CHI,40,0.06,1.1,0.9762821812284613,-4.94871275086155
OffScreen,Pelle Larsson,MIA,33,0.047,1.3333333333333333,0.9762821812284613,-11.782688019460773
OffScreen,Isaac Okoro,CHI,60,0.083,0.75,0.9762821812284613,13.57693087370768
OffScreen,Devin Vassell,SAS,43,0.072,1.0465116279069768,0.9762821812284613,-3.0198662071761664
OffScreen,Brandin Podziemski,GSW,37,0.055,1.2162162162162162,0.9762821812284613,-8.87755929454693
OffScreen,Jaylen Brown,BOS,60,0.079,0.7666666666666667,0.9762821812284613,12.576930873707678
OffScreen,Keyonte George,UTA,47,0.072,0.9787234042553191,0.9762821812284613,-0.11473748226231595
OffScreen,Grayson Allen,PHX,46,0.09,1.0,0.9762821812284613,-1.0910196634907787
OffScreen,Andrew Nembhard,IND,42,0.068,1.0952380952380953,0.9762821812284613,-4.996148388404628
OffScreen,Moses Moody,GSW,35,0.059,1.3142857142857143,0.9762821812284613,-11.830123657003853
OffScreen,Sion James,CHA,51,0.072,0.9215686274509803,0.9762821812284613,2.7903912426515305
OffScreen,Derrick White,BOS,47,0.048,1.0,0.9762821812284613,-1.1147374822623175
OffScreen,De'Aaron Fox,SAS,46,0.056,1.0217391304347827,0.9762821812284613,-2.0910196634907834
OffScreen,Josh Hart,NYK,45,0.06,1.0444444444444445,0.9762821812284613,-3.067301844719243
OffScreen,Peyton Watson,DEN,44,0.067,1.0681818181818181,0.9762821812284613,-4.043584025947698
OffScreen,LaMelo Ball,CHA,43,0.077,1.0930232558139534,0.9762821812284613,-5.01986620717616
OffScreen,Herbert Jones,NOP,40,0.075,1.175,0.9762821812284613,-7.9487127508615485
OffScreen,VJ Edgecombe,PHI,63,0.065,0.7777777777777778,0.9762821812284613,12.505777417393062
OffScreen,Toumani Camara,POR,56,0.052,0.9107142857142857,0.9762821812284613,3.6718021487938355
OffScreen,Nique Clifford,SAC,47,0.067,1.0851063829787233,0.9762821812284613,-5.114737482262313
OffScreen,Luguentz Dort,OKC,50,0.069,1.06,0.9762821812284613,-4.185890938576936
OffScreen,Donte DiVincenzo,MIN,48,0.061,1.1041666666666667,0.9762821812284613,-6.13845530103386
OffScreen,Precious Achiuwa,SAC,43,0.059,1.2325581395348837,0.9762821812284613,-11.019866207176161
OffScreen,Anthony Black,ORL,56,0.067,0.9642857142857143,0.9762821812284613,0.6718021487938337
OffScreen,Andrew Wiggins,MIA,49,0.056,1.1020408163265305,0.9762821812284613,-6.16217311980539
OffScreen,Cason Wallace,OKC,58,0.062,0.9482758620689655,0.9762821812284613,1.6243665112507568
OffScreen,Scottie Barnes,TOR,57,0.054,0.9649122807017544,0.9762821812284613,0.6480843300222958
OffScreen,Mikal Bridges,NYK,54,0.059,1.0555555555555556,0.9762821812284613,-4.280762213663089
OffScreen,Cedric Coward,MEM,52,0.082,1.0961538461538463,0.9762821812284613,-6.233326576120016
OffScreen,Jaylen Wells,MEM,51,0.07,1.1176470588235294,0.9762821812284613,-7.209608757348473
OffScreen,Ryan Rollins,MIL,62,0.064,0.9354838709677419,0.9762821812284613,2.529495236164606
OffScreen,Dyson Daniels,ATL,59,0.05,0.9830508474576272,0.9762821812284613,-0.39935130752078407
OffScreen,Kris Dunn,LAC,57,0.06,1.0175438596491229,0.9762821812284613,-2.351915669977707
OffScreen,Nickeil Alexander-Walker,ATL,56,0.059,1.0357142857142858,0.9762821812284613,-3.3281978512061707
OffScreen,Tristan da Silva,ORL,51,0.078,1.1372549019607843,0.9762821812284613,-8.20960875734847
OffScreen,P.J. Washington,DAL,47,0.066,1.2340425531914894,0.9762821812284613,-12.114737482262317
OffScreen,Max Christie,DAL,77,0.09,0.7922077922077922,0.9762821812284613,14.17372795459152
OffScreen,Naji Marshall,DAL,59,0.072,1.0508474576271187,0.9762821812284613,-4.399351307520787
OffScreen,Miles Bridges,CHA,52,0.067,1.25,0.9762821812284613,-14.23332657612001
OffScreen,Amen Thompson,HOU,69,0.066,0.9710144927536232,0.9762821812284613,0.36347050476383314
OffScreen,Stephon Castle,SAS,57,0.069,1.2105263157894737,0.9762821812284613,-13.351915669977704
OffScreen,Julian Champagnie,SAS,69,0.095,1.0144927536231885,0.9762821812284613,-2.6365294952361724
OffScreen,Matas Buzelis,CHI,71,0.08,1.0985915492957747,0.9762821812284613,-8.683965132779251
OffScreen,Jaden McDaniels,MIN,85,0.077,0.9529411764705882,0.9762821812284613,1.9839854044192178
Isolation,Dejounte Murray,NOP,11,0.077,0.5454545454545454,0.9320971395459094,4.253068535005005
Isolation,Jayson Tatum,BOS,10,0.061,0.6,0.9320971395459094,3.320971395459095
Isolation,Jalen Wilson,BKN,17,0.058,0.47058823529411764,0.9320971395459094,7.845651372280461
Isolation,Scoot Henderson,POR,13,0.049,0.6153846153846154,0.9320971395459094,4.117262814096822
Isolation,Kevin Love,UTA,11,0.053,0.7272727272727273,0.9320971395459094,2.2530685350050037
Isolation,Jared McCain,PHI,10,0.051,0.8,0.9320971395459094,1.320971395459094
Isolation,Jaden Hardy,DAL,14,0.097,0.6428571428571429,0.9320971395459094,4.049359953642732
Isolation,Oscar Tshiebwe,UTA,11,0.056,0.8181818181818182,0.9320971395459094,1.2530685350050033
Isolation,Ja Morant,MEM,11,0.056,0.8181818181818182,0.9320971395459094,1.2530685350050033
Isolation,Tyson Etienne,BKN,11,0.091,0.8181818181818182,0.9320971395459094,1.2530685350050033
Isolation,Kobe Brown,LAC,11,0.099,0.8181818181818182,0.9320971395459094,1.2530685350050033
Isolation,Rob Dillingham,MIN,10,0.082,0.9,0.9320971395459094,0.32097139545909426
Isolation,Josh Green,CHA,18,0.059,0.5555555555555556,0.9320971395459094,6.77774851182637
Isolation,Drew Eubanks,SAC,18,0.062,0.5555555555555556,0.9320971395459094,6.77774851182637
Isolation,Max Strus,CLE,14,0.106,0.7142857142857143,0.9320971395459094,3.049359953642732
Isolation,E.J. Liddell,BKN,10,0.081,1.0,0.9320971395459094,-0.6790286045409055
Isolation,Jett Howard,ORL,17,0.084,0.6470588235294118,0.9320971395459094,4.84565137228046
Isolation,Tyrese Martin,BKN,13,0.071,0.8461538461538461,0.9320971395459094,1.117262814096823
Isolation,Blake Wesley,POR,10,0.085,1.1,0.9320971395459094,-1.6790286045409064
Isolation,Ajay Mitchell,OKC,32,0.067,0.375,0.9320971395459094,17.827108465469102
Isolation,Jase Richardson,ORL,19,0.098,0.631578947368421,0.9320971395459094,5.70984565137228
Isolation,Jordan Hawkins,NOP,16,0.068,0.75,0.9320971395459094,2.913554232734551
Isolation,Tyrese Proctor,CLE,15,0.085,0.8,0.9320971395459094,1.981457093188641
Isolation,Jonas Valančiūnas,DEN,13,0.034,0.9230769230769231,0.9320971395459094,0.11726281409682215
Isolation,Jeremiah Robinson-Earl,IND,10,0.1,1.2,0.9320971395459094,-2.679028604540905
Isolation,Caleb Love,POR,16,0.054,0.8125,0.9320971395459094,1.9135542327345512
Isolation,Gabe Vincent,LAL,15,0.065,0.8666666666666667,0.9320971395459094,0.9814570931886413
Isolation,Marcus Sasser,DET,15,0.094,0.8666666666666667,0.9320971395459094,0.9814570931886413
Isolation,Devin Carter,SAC,12,0.046,1.0833333333333333,0.9320971395459094,-1.8148343254490857
Isolation,John Konchar,MEM,19,0.115,0.7368421052631579,0.9320971395459094,3.70984565137228
Isolation,Jalen Pickett,DEN,18,0.076,0.7777777777777778,0.9320971395459094,2.7777485118263696
Isolation,Tony Bradley,IND,18,0.083,0.7777777777777778,0.9320971395459094,2.7777485118263696
Isolation,Jahmai Mashack,MEM,16,0.066,0.875,0.9320971395459094,0.9135542327345512
Isolation,Jeremy Sochan,SAS,15,0.101,0.9333333333333333,0.9320971395459094,-0.018542906811358506
Isolation,Dalton Knecht,LAL,14,0.076,1.0,0.9320971395459094,-0.9506400463572677
Isolation,Nick Smith Jr.,LAL,10,0.081,1.4,0.9320971395459094,-4.679028604540905
Isolation,Steven Adams,HOU,25,0.063,0.6,0.9320971395459094,8.302428488647736
Isolation,Gary Payton II,GSW,19,0.047,0.7894736842105263,0.9320971395459094,2.7098456513722793
Isolation,Trayce Jackson-Davis,GSW,19,0.098,0.7894736842105263,0.9320971395459094,2.7098456513722793
Isolation,Tyler Kolek,NYK,17,0.067,0.8823529411764706,0.9320971395459094,0.8456513722804611
Isolation,Bogdan Bogdanović,LAC,16,0.116,0.9375,0.9320971395459094,-0.08644576726544884
Isolation,Rayan Rupert,POR,15,0.078,1.0,0.9320971395459094,-1.0185429068113583
Isolation,Larry Nance Jr.,CLE,13,0.106,1.1538461538461537,0.9320971395459094,-2.882737185903176
Isolation,Carter Bryant,SAS,26,0.07,0.6153846153846154,0.9320971395459094,8.234525628193644
Isolation,Giannis Antetokounmpo,MIL,26,0.082,0.6153846153846154,0.9320971395459094,8.234525628193644
Isolation,Moussa Cisse,DAL,17,0.07,0.9411764705882353,0.9320971395459094,-0.15434862771953917
Isolation,Jamaree Bouyea,PHX,16,0.082,1.0,0.9320971395459094,-1.0864457672654488
Isolation,Jalen Williams,OKC,15,0.058,1.0666666666666667,0.9320971395459094,-2.018542906811358
Isolation,Ty Jerome,MEM,12,0.103,1.3333333333333333,0.9320971395459094,-4.814834325449086
Isolation,Grant Williams,CHA,27,0.102,0.6296296296296297,0.9320971395459094,8.166622767739554
Isolation,Ayo Dosunmu,CHI,25,0.064,0.68,0.9320971395459094,6.302428488647735
Isolation,Isaiah Jackson,IND,24,0.084,0.7083333333333334,0.9320971395459094,5.370331349101826
Isolation,CJ McCollum,WAS,23,0.062,0.7391304347826086,0.9320971395459094,4.438234209555919
Isolation,Kam Jones,IND,22,0.102,0.7727272727272727,0.9320971395459094,3.5061370700100083
Isolation,Asa Newell,ATL,22,0.11,0.7727272727272727,0.9320971395459094,3.5061370700100083
Isolation,Kenrich Williams,OKC,21,0.078,0.8095238095238095,0.9320971395459094,2.574039930464098
Isolation,Taelon Peter,IND,18,0.09,0.9444444444444444,0.9320971395459094,-0.2222514881736295
Isolation,Javon Small,MEM,15,0.051,1.1333333333333333,0.9320971395459094,-3.0185429068113576
Isolation,Cole Anthony,MIL,15,0.075,1.1333333333333333,0.9320971395459094,-3.0185429068113576
Isolation,Guerschon Yabusele,NYK,14,0.114,1.2142857142857142,0.9320971395459094,-3.9506400463572664
Isolation,Jonathan Kuminga,GSW,13,0.073,1.3076923076923077,0.9320971395459094,-4.882737185903178
Isolation,Trae Young,ATL,12,0.112,1.4166666666666667,0.9320971395459094,-5.8148343254490875
Isolation,Josh Okogie,HOU,34,0.076,0.5294117647058824,0.9320971395459094,13.691302744560922
Isolation,Drake Powell,BKN,32,0.086,0.5625,0.9320971395459094,11.827108465469102
Isolation,Dylan Harper,SAS,31,0.062,0.5806451612903226,0.9320971395459094,10.89501132592319
Isolation,T.J. McConnell,IND,22,0.073,0.8181818181818182,0.9320971395459094,2.5061370700100065
Isolation,Taurean Prince,MIL,19,0.112,0.9473684210526315,0.9320971395459094,-0.2901543486277195
Isolation,D'Angelo Russell,DAL,15,0.082,1.2,0.9320971395459094,-4.018542906811358
Isolation,Cam Thomas,BKN,13,0.092,1.3846153846153846,0.9320971395459094,-5.882737185903177
Isolation,Caris LeVert,DET,36,0.09,0.5277777777777778,0.9320971395459094,14.55549702365274
Isolation,Vince Williams Jr.,MEM,25,0.081,0.76,0.9320971395459094,4.302428488647736
Isolation,Caleb Martin,DAL,24,0.071,0.7916666666666666,0.9320971395459094,3.3703313491018276
Isolation,Lonzo Ball,CLE,22,0.087,0.8636363636363636,0.9320971395459094,1.5061370700100076
Isolation,Jaylin Williams,OKC,38,0.057,0.5263157894736842,0.9320971395459094,15.41969130274456
Isolation,Isaiah Collier,UTA,28,0.059,0.7142857142857143,0.9320971395459094,6.098719907285464
Isolation,Tre Mann,CHA,17,0.083,1.1764705882352942,0.9320971395459094,-4.15434862771954
Isolation,Jaden Ivey,DET,15,0.077,1.3333333333333333,0.9320971395459094,-6.018542906811357
Isolation,Jordan Miller,LAC,36,0.073,0.5833333333333334,0.9320971395459094,12.55549702365274
Isolation,De'Andre Hunter,CLE,36,0.106,0.5833333333333334,0.9320971395459094,12.55549702365274
Isolation,Isaiah Joe,OKC,31,0.061,0.6774193548387096,0.9320971395459094,7.895011325923194
Isolation,Alex Caruso,OKC,27,0.07,0.7777777777777778,0.9320971395459094,4.166622767739555
Isolation,Kristaps Porziņģis,ATL,26,0.13,0.8076923076923077,0.9320971395459094,3.234525628193645
Isolation,Anfernee Simons,BOS,25,0.069,0.84,0.9320971395459094,2.302428488647737
Isolation,Jusuf Nurkić,UTA,24,0.053,0.875,0.9320971395459094,1.3703313491018267
Isolation,Jordan Poole,NOP,24,0.08,0.875,0.9320971395459094,1.3703313491018267
Isolation,Jabari Walker,PHI,24,0.093,0.875,0.9320971395459094,1.3703313491018267
Isolation,Luka Garza,BOS,21,0.039,1.0,0.9320971395459094,-1.4259600695359016
Isolation,Tyus Jones,ORL,21,0.093,1.0,0.9320971395459094,-1.4259600695359016
Isolation,Liam McNeeley,CHA,20,0.175,1.05,0.9320971395459094,-2.358057209081812
Isolation,Jonathan Isaac,ORL,19,0.103,1.105263157894737,0.9320971395459094,-3.2901543486277225
Isolation,Coby White,CHI,18,0.063,1.1666666666666667,0.9320971395459094,-4.222251488173631
Isolation,Khris Middleton,WAS,37,0.146,0.5945945945945946,0.9320971395459094,12.487594163198649
Isolation,Robert Williams III,POR,30,0.06,0.7333333333333333,0.9320971395459094,5.962914186377285
Isolation,Ryan Nembhard,DAL,27,0.068,0.8148148148148148,0.9320971395459094,3.166622767739556
Isolation,De'Anthony Melton,GSW,26,0.063,0.8461538461538461,0.9320971395459094,2.234525628193646
Isolation,Anthony Davis,DAL,25,0.086,0.88,0.9320971395459094,1.302428488647736
Isolation,Miles McBride,NYK,21,0.054,1.0476190476190477,0.9320971395459094,-2.4259600695359027
Isolation,Dalen Terry,CHI,20,0.134,1.1,0.9320971395459094,-3.358057209081813
Isolation,Aaron Holiday,HOU,19,0.068,1.1578947368421053,0.9320971395459094,-4.290154348627722
Isolation,Branden Carlson,OKC,18,0.075,1.2222222222222223,0.9320971395459094,-5.222251488173631
Isolation,Anthony Gill,WAS,31,0.078,0.7419354838709677,0.9320971395459094,5.895011325923193
Isolation,Aaron Wiggins,OKC,28,0.052,0.8214285714285714,0.9320971395459094,3.0987199072854654
Isolation,Paul George,PHI,26,0.074,0.8846153846153846,0.9320971395459094,1.2345256281936465
Isolation,Tidjane Salaün,CHA,26,0.113,0.8846153846153846,0.9320971395459094,1.2345256281936465
Isolation,Elijah Harkless,UTA,22,0.092,1.0454545454545454,0.9320971395459094,-2.4938629299899913
Isolation,Dillon Brooks,PHX,35,0.063,0.6857142857142857,0.9320971395459094,8.623399884106831
Isolation,Kawhi Leonard,LAC,26,0.044,0.9230769230769231,0.9320971395459094,0.2345256281936443
Isolation,Jock Landale,MEM,26,0.061,0.9230769230769231,0.9320971395459094,0.2345256281936443
Isolation,Malik Monk,SAC,24,0.056,1.0,0.9320971395459094,-1.6296686508981733
Isolation,Ethan Thompson,IND,23,0.088,1.0434782608695652,0.9320971395459094,-2.561765790444082
Isolation,Zach LaVine,SAC,22,0.06,1.0909090909090908,0.9320971395459094,-3.4938629299899904
Isolation,Tyrese Maxey,PHI,39,0.046,0.6410256410256411,0.9320971395459094,11.351788442290466
Isolation,Mike Conley,MIN,31,0.091,0.8064516129032258,0.9320971395459094,3.8950113259231944
Isolation,Ochai Agbaji,TOR,29,0.104,0.8620689655172413,0.9320971395459094,2.0308170468313755
Isolation,Keegan Murray,SAC,28,0.108,0.8928571428571429,0.9320971395459094,1.0987199072854632
Isolation,Yanic Konan Niederhäuser,LAC,26,0.109,0.9615384615384616,0.9320971395459094,-0.765474371806355
Isolation,Jaylen Brown,BOS,20,0.026,1.25,0.9320971395459094,-6.358057209081811
Isolation,Moritz Wagner,ORL,17,0.082,1.4705882352941178,0.9320971395459094,-9.154348627719541
Isolation,Kyle Anderson,UTA,17,0.11,1.4705882352941178,0.9320971395459094,-9.154348627719541
Isolation,Terrence Shannon Jr.,MIN,15,0.097,1.6666666666666667,0.9320971395459094,-11.018542906811359
Isolation,Pat Spencer,GSW,37,0.096,0.7027027027027027,0.9320971395459094,8.487594163198649
Isolation,Klay Thompson,DAL,35,0.081,0.7428571428571429,0.9320971395459094,6.62339988410683
Isolation,Marcus Smart,LAL,34,0.054,0.7647058823529411,0.9320971395459094,5.691302744560923
Isolation,Kevin Porter Jr.,MIL,30,0.058,0.8666666666666667,0.9320971395459094,1.9629141863772825
Isolation,Jarred Vanderbilt,LAL,26,0.073,1.0,0.9320971395459094,-1.7654743718063544
Isolation,Micah Peavy,NOP,26,0.083,1.0,0.9320971395459094,-1.7654743718063544
Isolation,Bennedict Mathurin,IND,23,0.079,1.1304347826086956,0.9320971395459094,-4.561765790444081
Isolation,Gary Harris,MIL,20,0.074,1.3,0.9320971395459094,-7.358057209081812
Isolation,Grayson Allen,PHX,44,0.086,0.6136363636363636,0.9320971395459094,14.012274140020015
Isolation,Justin Champagnie,WAS,39,0.074,0.6923076923076923,0.9320971395459094,9.35178844229047
Isolation,Jaren Jackson Jr.,MEM,35,0.063,0.7714285714285715,0.9320971395459094,5.62339988410683
Isolation,Luguentz Dort,OKC,34,0.047,0.7941176470588235,0.9320971395459094,4.6913027445609226
Isolation,Zeke Nnaji,DEN,30,0.118,0.9,0.9320971395459094,0.9629141863772828
Isolation,Tre Johnson,WAS,25,0.054,1.08,0.9320971395459094,-3.6975715113522654
Isolation,LeBron James,LAL,45,0.102,0.6222222222222222,0.9320971395459094,13.944371279565924
Isolation,Derrick White,BOS,38,0.039,0.7368421052631579,0.9320971395459094,7.41969130274456
Isolation,Jordan Clarkson,NYK,30,0.078,0.9333333333333333,0.9320971395459094,-0.03708581362271701
Isolation,Jose Alvarado,NOP,28,0.094,1.0,0.9320971395459094,-1.9012800927145355
Isolation,Keon Ellis,SAC,27,0.083,1.037037037037037,0.9320971395459094,-2.8333772322604434
Isolation,Taylor Hendricks,UTA,21,0.108,1.3333333333333333,0.9320971395459094,-8.4259600695359
Isolation,LaMelo Ball,CHA,41,0.073,0.7073170731707317,0.9320971395459094,9.21598272138229
Isolation,Donovan Clingan,POR,35,0.028,0.8285714285714286,0.9320971395459094,3.6233998841068287
Isolation,Bilal Coulibaly,WAS,33,0.068,0.8787878787878788,0.9320971395459094,1.759205605015012
Isolation,Andre Drummond,PHI,30,0.054,0.9666666666666667,0.9320971395459094,-1.0370858136227168
Isolation,Jamal Cain,ORL,26,0.117,1.1153846153846154,0.9320971395459094,-4.765474371806356
Isolation,Clint Capela,HOU,23,0.047,1.2608695652173914,0.9320971395459094,-7.561765790444084
Isolation,Josh Minott,BOS,22,0.095,1.3181818181818181,0.9320971395459094,-8.49386292998999
Isolation,Brandin Podziemski,GSW,47,0.07,0.6382978723404256,0.9320971395459094,13.808565558657742
Isolation,Kyshawn George,WAS,46,0.075,0.6521739130434783,0.9320971395459094,12.876468419111834
Isolation,Craig Porter Jr.,CLE,40,0.091,0.75,0.9320971395459094,7.283885581836378
Isolation,Jalen Suggs,ORL,36,0.063,0.8333333333333334,0.9320971395459094,3.555497023652739
Isolation,Jaylen Clark,MIN,35,0.101,0.8571428571428571,0.9320971395459094,2.6233998841068322
Isolation,Paul Reed,DET,33,0.077,0.9090909090909091,0.9320971395459094,0.7592056050150128
Isolation,Jalen Green,PHX,31,0.107,0.967741935483871,0.9320971395459094,-1.104988674076808
Isolation,Dennis Schröder,SAC,29,0.072,1.0344827586206897,0.9320971395459094,-2.969182953168628
Isolation,Isaac Okoro,CHI,44,0.061,0.7045454545454546,0.9320971395459094,10.012274140020015
Isolation,Jrue Holiday,POR,35,0.065,0.8857142857142857,0.9320971395459094,1.623399884106832
Isolation,Justin Edwards,PHI,24,0.064,1.2916666666666667,0.9320971395459094,-8.629668650898175
Isolation,Kentavious Caldwell-Pope,MEM,23,0.077,1.3478260869565217,0.9320971395459094,-9.561765790444083
Isolation,Santi Aldama,MEM,38,0.075,0.8421052631578947,0.9320971395459094,3.419691302744561
Isolation,Gradey Dick,TOR,37,0.095,0.8648648648648649,0.9320971395459094,2.487594163198648
Isolation,Jamir Watkins,WAS,31,0.074,1.032258064516129,0.9320971395459094,-3.1049886740768065
Isolation,Trendon Watford,PHI,31,0.103,1.032258064516129,0.9320971395459094,-3.1049886740768065
Isolation,Domantas Sabonis,SAC,31,0.112,1.032258064516129,0.9320971395459094,-3.1049886740768065
Isolation,Isaiah Hartenstein,OKC,42,0.076,0.7857142857142857,0.9320971395459094,6.148079860928197
Isolation,Sam Merrill,CLE,42,0.09,0.7857142857142857,0.9320971395459094,6.148079860928197
Isolation,Walter Clayton Jr.,UTA,40,0.111,0.825,0.9320971395459094,4.28388558183638
Isolation,Cameron Johnson,DEN,39,0.075,0.8461538461538461,0.9320971395459094,3.3517884422904687
Isolation,Julian Strawther,DEN,28,0.1,1.1785714285714286,0.9320971395459094,-6.901280092714536
Isolation,Peyton Watson,DEN,42,0.064,0.8095238095238095,0.9320971395459094,5.148079860928196
Isolation,Davion Mitchell,MIA,41,0.051,0.8292682926829268,0.9320971395459094,4.215982721382289
Isolation,De'Aaron Fox,SAS,38,0.047,0.8947368421052632,0.9320971395459094,1.4196913027445588
Isolation,Anthony Edwards,MIN,35,0.054,0.9714285714285714,0.9320971395459094,-1.376600115893169
Isolation,Russell Westbrook,SAC,33,0.055,1.0303030303030303,0.9320971395459094,-3.240794394984987
Isolation,Gary Trent Jr.,MIL,29,0.072,1.1724137931034482,0.9320971395459094,-6.969182953168623
Isolation,Keldon Johnson,SAS,49,0.088,0.7142857142857143,0.9320971395459094,10.672759837749561
Isolation,Tre Jones,CHI,44,0.066,0.7954545454545454,0.9320971395459094,6.0122741400200175
Isolation,Ben Saraf,BKN,40,0.121,0.875,0.9320971395459094,2.283885581836378
Isolation,Cam Spencer,MEM,39,0.074,0.8974358974358975,0.9320971395459094,1.3517884422904674
Isolation,Noah Penda,ORL,37,0.121,0.9459459459459459,0.9320971395459094,-0.5124058368013503
Isolation,Maxi Kleber,LAL,35,0.153,1.0,0.9320971395459094,-2.3766001158931696
Isolation,Ryan Kalkbrenner,CHA,32,0.037,1.09375,0.9320971395459094,-5.172891534530898
Isolation,Daniel Gafford,DAL,32,0.055,1.09375,0.9320971395459094,-5.172891534530898
Isolation,Devin Vassell,SAS,43,0.072,0.8372093023255814,0.9320971395459094,4.080177000474104
Isolation,Shaedon Sharpe,POR,41,0.098,0.8780487804878049,0.9320971395459094,2.215982721382287
Isolation,Kris Murray,POR,39,0.101,0.9230769230769231,0.9320971395459094,0.35178844229046646
Isolation,Aaron Nesmith,IND,35,0.067,1.0285714285714285,0.9320971395459094,-3.376600115893166
Isolation,Rasheer Fleming,PHX,32,0.129,1.125,0.9320971395459094,-6.172891534530898
Isolation,OG Anunoby,NYK,51,0.061,0.7254901960784313,0.9320971395459094,10.536954116841383
Isolation,Herbert Jones,NOP,44,0.083,0.8409090909090909,0.9320971395459094,4.012274140020015
Isolation,Adem Bona,PHI,41,0.065,0.9024390243902439,0.9320971395459094,1.2159827213822862
Isolation,Landry Shamet,NYK,38,0.092,0.9736842105263158,0.9320971395459094,-1.580308697255442
Isolation,Nae'Qwan Tomlin,CLE,35,0.093,1.0571428571428572,0.9320971395459094,-4.37660011589317
Isolation,Jalen Duren,DET,62,0.073,0.6129032258064516,0.9320971395459094,19.790022651846385
Isolation,Cooper Flagg,DAL,55,0.075,0.6909090909090909,0.9320971395459094,13.26534267502502
Isolation,Kris Dunn,LAC,44,0.046,0.8636363636363636,0.9320971395459094,3.0122741400200153
Isolation,Jordan Walsh,BOS,36,0.074,1.0555555555555556,0.9320971395459094,-4.444502976347261
Isolation,Dorian Finney-Smith,HOU,35,0.156,1.0857142857142856,0.9320971395459094,-5.376600115893167
Isolation,Sidy Cissoko,POR,34,0.077,1.1176470588235294,0.9320971395459094,-6.30869725543908
Isolation,Mikal Bridges,NYK,55,0.061,0.7090909090909091,0.9320971395459094,12.26534267502502
Isolation,James Harden,LAC,54,0.112,0.7222222222222222,0.9320971395459094,11.333245535479112
Isolation,Lauri Markkanen,UTA,43,0.104,0.9069767441860465,0.9320971395459094,1.0801770004741087
Isolation,Dru Smith,MIA,41,0.079,0.9512195121951219,0.9320971395459094,-0.7840172786177109
Isolation,VJ Edgecombe,PHI,40,0.042,0.975,0.9320971395459094,-1.7161144181636212
Isolation,Jamal Shead,TOR,40,0.057,0.975,0.9320971395459094,-1.7161144181636212
Isolation,Tyler Herro,MIA,40,0.124,0.975,0.9320971395459094,-1.7161144181636212
Isolation,Aaron Gordon,DEN,39,0.108,1.0,0.9320971395459094,-2.6482115577095318
Isolation,Luke Kennard,ATL,37,0.122,1.054054054054054,0.9320971395459094,-4.512405836801347
Isolation,Bones Hyland,MIN,35,0.071,1.1142857142857143,0.9320971395459094,-6.37660011589317
Isolation,Darius Garland,CLE,34,0.124,1.1470588235294117,0.9320971395459094,-7.308697255439077
Isolation,Sion James,CHA,56,0.079,0.7142857142857143,0.9320971395459094,12.197439814570927
Isolation,Saddiq Bey,NOP,52,0.084,0.7692307692307693,0.9320971395459094,8.469051256387289
Isolation,Ben Sheppard,IND,49,0.103,0.8163265306122449,0.9320971395459094,5.672759837749562
Isolation,Jarrett Allen,CLE,48,0.068,0.8333333333333334,0.9320971395459094,4.740662698203652
Isolation,Brice Sensabaugh,UTA,48,0.088,0.8333333333333334,0.9320971395459094,4.740662698203652
Isolation,Daniss Jenkins,DET,40,0.08,1.0,0.9320971395459094,-2.716114418163622
Isolation,Javonte Green,DET,39,0.075,1.0256410256410255,0.9320971395459094,-3.648211557709528
Isolation,Bryce McGowens,NOP,37,0.105,1.0810810810810811,0.9320971395459094,-5.512405836801353
Isolation,Nicolas Batum,LAC,29,0.091,1.3793103448275863,0.9320971395459094,-12.969182953168628
Isolation,Tristan Vukcevic,WAS,28,0.079,1.4285714285714286,0.9320971395459094,-13.901280092714536
Isolation,Isaiah Stewart,DET,50,0.078,0.82,0.9320971395459094,5.604856977295475
Isolation,Kobe Sanders,LAC,48,0.092,0.8541666666666666,0.9320971395459094,3.7406626982036553
Isolation,Anthony Black,ORL,45,0.054,0.9111111111111111,0.9320971395459094,0.9443712795659259
Isolation,Simone Fontecchio,MIA,42,0.103,0.9761904761904762,0.9320971395459094,-1.851920139071802
Isolation,Olivier-Maxence Prosper,MEM,40,0.09,1.025,0.9320971395459094,-3.7161144181636185
Isolation,Quenton Jackson,IND,34,0.078,1.2058823529411764,0.9320971395459094,-9.308697255439077
Isolation,Jimmy Butler III,GSW,27,0.078,1.5185185185185186,0.9320971395459094,-15.833377232260448
Isolation,Donte DiVincenzo,MIN,54,0.068,0.7777777777777778,0.9320971395459094,8.33324553547911
Isolation,Stephen Curry,GSW,52,0.144,0.8076923076923077,0.9320971395459094,6.46905125638729
Isolation,Svi Mykhailiuk,UTA,36,0.086,1.1666666666666667,0.9320971395459094,-8.444502976347263
Isolation,Pete Nance,MIL,36,0.134,1.1666666666666667,0.9320971395459094,-8.444502976347263
Isolation,Daeqwon Plowden,SAC,33,0.098,1.2727272727272727,0.9320971395459094,-11.240794394984988
Isolation,Dylan Cardwell,SAC,50,0.122,0.86,0.9320971395459094,3.604856977295473
Isolation,Jaylen Wells,MEM,45,0.062,0.9555555555555556,0.9320971395459094,-1.0556287204340769
Isolation,Donovan Mitchell,CLE,41,0.067,1.048780487804878,0.9320971395459094,-4.784017278617714
Isolation,Franz Wagner,ORL,41,0.111,1.048780487804878,0.9320971395459094,-4.784017278617714
Isolation,Norman Powell,MIA,40,0.1,1.075,0.9320971395459094,-5.71611441816362
Isolation,Matas Buzelis,CHI,67,0.075,0.6567164179104478,0.9320971395459094,18.450508349575934
Isolation,Harrison Barnes,SAS,55,0.094,0.8,0.9320971395459094,7.265342675025018
Isolation,Bub Carrington,WAS,47,0.064,0.9361702127659575,0.9320971395459094,-0.19143444134225684
Isolation,Payton Pritchard,BOS,45,0.057,0.9777777777777777,0.9320971395459094,-2.0556287204340733
Isolation,Kel'el Ware,MIA,42,0.056,1.0476190476190477,0.9320971395459094,-4.851920139071805
Isolation,Will Riley,WAS,41,0.088,1.0731707317073171,0.9320971395459094,-5.784017278617715
Isolation,Johnny Furphy,IND,40,0.138,1.1,0.9320971395459094,-6.716114418163626
Isolation,Karlo Matković,NOP,58,0.162,0.7758620689655172,0.9320971395459094,9.061634093662748
Isolation,Tari Eason,HOU,52,0.099,0.8653846153846154,0.9320971395459094,3.4690512563872895
Isolation,Luke Kornet,SAS,51,0.06,0.8823529411764706,0.9320971395459094,2.5369541168413834
Isolation,Al Horford,GSW,47,0.112,0.9574468085106383,0.9320971395459094,-1.1914344413422584
Isolation,Neemias Queta,BOS,57,0.06,0.8070175438596491,0.9320971395459094,7.129536954116841
Isolation,Jordan Goodwin,PHX,55,0.097,0.8363636363636363,0.9320971395459094,5.265342675025023
Isolation,Hugo González,BOS,49,0.108,0.9387755102040817,0.9320971395459094,-0.32724016225043917
Isolation,Cedric Coward,MEM,45,0.071,1.0222222222222221,0.9320971395459094,-4.055628720434071
Isolation,Andrew Nembhard,IND,44,0.071,1.0454545454545454,0.9320971395459094,-4.9877258599799825
Isolation,Ja'Kobe Walter,TOR,60,0.102,0.7833333333333333,0.9320971395459094,8.925828372754568
Isolation,Joel Embiid,PHI,48,0.076,0.9791666666666666,0.9320971395459094,-2.2593373017963447
Isolation,Brandon Williams,DAL,35,0.066,1.3428571428571427,0.9320971395459094,-14.376600115893165
Isolation,Dominick Barlow,PHI,63,0.089,0.7619047619047619,0.9320971395459094,10.722119791392299
Isolation,Bruce Brown,DEN,54,0.068,0.8888888888888888,0.9320971395459094,2.333245535479113
Isolation,Jerami Grant,POR,48,0.087,1.0,0.9320971395459094,-3.2593373017963465
Isolation,Keyonte George,UTA,47,0.072,1.0212765957446808,0.9320971395459094,-4.191434441342253
Isolation,Ausar Thompson,DET,38,0.049,1.263157894736842,0.9320971395459094,-12.580308697255438
Isolation,Dwight Powell,DAL,35,0.081,1.3714285714285714,0.9320971395459094,-15.37660011589317
Isolation,Nikola Jović,MIA,60,0.194,0.8166666666666667,0.9320971395459094,6.925828372754568
Isolation,Naji Marshall,DAL,51,0.063,0.9607843137254902,0.9320971395459094,-1.4630458831586197
Isolation,Josh Hart,NYK,50,0.066,0.98,0.9320971395459094,-2.3951430227045267
Isolation,Ryan Dunn,PHX,51,0.101,0.9803921568627451,0.9320971395459094,-2.463045883158616
Isolation,Cade Cunningham,DET,64,0.087,0.796875,0.9320971395459094,8.654216930938205
Isolation,Egor Dëmin,BKN,58,0.146,0.8793103448275862,0.9320971395459094,3.0616340936627493
Isolation,Josh Giddey,CHI,55,0.096,0.9272727272727272,0.9320971395459094,0.26534267502502096
Isolation,Ronald Holland II,DET,53,0.083,0.9622641509433962,0.9320971395459094,-1.5988516040667997
Isolation,Desmond Bane,ORL,50,0.066,1.02,0.9320971395459094,-4.395143022704529
Isolation,Kevin Huerter,CHI,46,0.127,1.108695652173913,0.9320971395459094,-8.123531580888168
Isolation,Gui Santos,GSW,66,0.131,0.7878787878787878,0.9320971395459094,9.518411210030026
Isolation,RJ Barrett,TOR,59,0.089,0.8813559322033898,0.9320971395459094,2.9937312332086585
Isolation,Stephon Castle,SAS,51,0.062,1.0196078431372548,0.9320971395459094,-4.463045883158615
Isolation,Quentin Grimes,PHI,66,0.085,0.803030303030303,0.9320971395459094,8.518411210030028
Isolation,Trey Murphy III,NOP,49,0.067,1.0816326530612246,0.9320971395459094,-7.327240162250441
Isolation,Buddy Hield,GSW,49,0.164,1.0816326530612246,0.9320971395459094,-7.327240162250441
Isolation,Nikola Jokić,DEN,48,0.042,1.1041666666666667,0.9320971395459094,-8.25933730179635
Isolation,Ziaire Williams,BKN,47,0.091,1.127659574468085,0.9320971395459094,-9.191434441342254
Isolation,Will Richard,GSW,46,0.088,1.1521739130434783,0.9320971395459094,-10.123531580888166
Isolation,Yves Missi,NOP,69,0.11,0.782608695652174,0.9320971395459094,10.31470262866775
Isolation,Collin Murray-Boyles,TOR,67,0.114,0.8059701492537313,0.9320971395459094,8.450508349575934
Isolation,Nolan Traore,BKN,60,0.13,0.9,0.9320971395459094,1.9258283727545655
Isolation,Baylor Scheierman,BOS,58,0.108,0.9310344827586207,0.9320971395459094,0.06163409366274952
Isolation,Kevin Durant,HOU,78,0.101,0.7051282051282052,0.9320971395459094,17.703576884580933
Isolation,Kyle Kuzma,MIL,72,0.108,0.7638888888888888,0.9320971395459094,12.110994047305484
Isolation,Jakob Poeltl,TOR,54,0.094,1.0185185185185186,0.9320971395459094,-4.666754464520894
Isolation,Kasparas Jakučionis,MIA,50,0.132,1.1,0.9320971395459094,-8.395143022704532
Isolation,Terance Mann,BKN,46,0.088,1.1956521739130435,0.9320971395459094,-12.123531580888164
Isolation,Dean Wade,CLE,72,0.133,0.7777777777777778,0.9320971395459094,11.110994047305478
Isolation,Draymond Green,GSW,62,0.094,0.9032258064516129,0.9320971395459094,1.7900226518463873
Isolation,Miles Bridges,CHA,57,0.073,0.9824561403508771,0.9320971395459094,-2.8704630458831586
Isolation,Jalen Smith,CHI,52,0.103,1.0769230769230769,0.9320971395459094,-7.530948743612706
Isolation,Tobias Harris,DET,68,0.113,0.8382352941176471,0.9320971395459094,6.382605489121842
Isolation,Amen Thompson,HOU,64,0.061,0.890625,0.9320971395459094,2.6542169309382047
Isolation,Cody Williams,UTA,60,0.105,0.95,0.9320971395459094,-1.0741716272454305
Isolation,Quinten Post,GSW,52,0.103,1.0961538461538463,0.9320971395459094,-8.530948743612715
Isolation,Ivica Zubac,LAC,51,0.082,1.1176470588235294,0.9320971395459094,-9.46304588315862
Isolation,Vít Krejčí,ATL,51,0.123,1.1176470588235294,0.9320971395459094,-9.46304588315862
Isolation,GG Jackson,MEM,46,0.108,1.2391304347826086,0.9320971395459094,-14.123531580888162
Isolation,Patrick Williams,CHI,42,0.08,1.3571428571428572,0.9320971395459094,-17.851920139071805
Isolation,Collin Gillespie,PHX,81,0.108,0.7160493827160493,0.9320971395459094,17.49986830321867
Isolation,Mark Williams,PHX,71,0.101,0.8169014084507042,0.9320971395459094,8.178896907759569
Isolation,Nique Clifford,SAC,62,0.089,0.9354838709677419,0.9320971395459094,-0.2099773481536109
Isolation,AJ Green,MIL,60,0.08,0.9666666666666667,0.9320971395459094,-2.0741716272454336
Isolation,Mitchell Robinson,NYK,58,0.103,1.0,0.9320971395459094,-3.938365906337252
Isolation,Julian Champagnie,SAS,52,0.072,1.1153846153846154,0.9320971395459094,-9.530948743612711
Isolation,Thomas Bryant,CLE,28,0.083,2.0714285714285716,0.9320971395459094,-31.90128009271454
Isolation,Sam Hauser,BOS,76,0.111,0.7763157894736842,0.9320971395459094,11.83938260548912
Isolation,Andrew Wiggins,MIA,73,0.083,0.8082191780821918,0.9320971395459094,9.043091186851388
Isolation,Jaylon Tyson,CLE,73,0.101,0.8082191780821918,0.9320971395459094,9.043091186851388
Isolation,Nickeil Alexander-Walker,ATL,63,0.067,0.9365079365079365,0.9320971395459094,-0.277880208607705
Isolation,Noah Clowney,BKN,57,0.089,1.0350877192982457,0.9320971395459094,-5.8704630458831675
Isolation,Moses Moody,GSW,57,0.097,1.0350877192982457,0.9320971395459094,-5.8704630458831675
Isolation,Day'Ron Sharpe,BKN,56,0.123,1.0535714285714286,0.9320971395459094,-6.802560185429073
Isolation,Brook Lopez,LAC,59,0.074,1.0169491525423728,0.9320971395459094,-5.00626876679134
Isolation,Michael Porter Jr.,BKN,57,0.135,1.0526315789473684,0.9320971395459094,-6.870463045883158
Isolation,Jalen Johnson,ATL,55,0.075,1.0909090909090908,0.9320971395459094,-8.734657324974975
Isolation,Kelly Oubre Jr.,PHI,43,0.069,1.3953488372093024,0.9320971395459094,-19.919822999525895
Isolation,Immanuel Quickley,TOR,68,0.089,0.8970588235294118,0.9320971395459094,2.3826054891218402
Isolation,Brandon Ingram,TOR,58,0.083,1.0517241379310345,0.9320971395459094,-6.938365906337252
Isolation,Victor Wembanyama,SAS,49,0.048,1.2448979591836735,0.9320971395459094,-15.32724016225044
Isolation,Brandon Miller,CHA,46,0.068,1.326086956521739,0.9320971395459094,-18.123531580888162
Isolation,Bobby Portis,MIL,67,0.112,0.9253731343283582,0.9320971395459094,0.45050834957593255
Isolation,Deni Avdija,POR,66,0.108,0.9393939393939394,0.9320971395459094,-0.48158878996998
Isolation,Austin Reaves,LAL,66,0.117,0.9393939393939394,0.9320971395459094,-0.48158878996998
Isolation,Jarace Walker,IND,65,0.107,0.9538461538461539,0.9320971395459094,-1.4136859295158892
Isolation,Cason Wallace,OKC,61,0.065,1.0163934426229508,0.9320971395459094,-5.142074487699524
Isolation,Mouhamed Gueye,ATL,59,0.126,1.0508474576271187,0.9320971395459094,-7.006268766791347
Isolation,Tim Hardaway Jr.,DEN,58,0.087,1.0689655172413792,0.9320971395459094,-7.938365906337247
Isolation,Nic Claxton,BKN,80,0.111,0.7875,0.9320971395459094,11.567771163672758
Isolation,Tristan da Silva,ORL,76,0.116,0.8289473684210527,0.9320971395459094,7.839382605489116
Isolation,Jaden McDaniels,MIN,69,0.062,0.9130434782608695,0.9320971395459094,1.3147026286677557
Isolation,Rui Hachimura,LAL,69,0.123,0.9130434782608695,0.9320971395459094,1.3147026286677557
Isolation,Ryan Rollins,MIL,63,0.065,1.0,0.9320971395459094,-4.277880208607705
Isolation,Jeremiah Fears,NOP,61,0.074,1.0327868852459017,0.9320971395459094,-6.142074487699526
Isolation,Christian Braun,DEN,54,0.086,1.1666666666666667,0.9320971395459094,-12.666754464520894
Isolation,Jaxson Hayes,LAL,63,0.11,1.0158730158730158,0.9320971395459094,-5.2778802086077015
Isolation,Danny Wolf,BKN,73,0.169,0.8904109589041096,0.9320971395459094,3.043091186851389
Isolation,DeMar DeRozan,SAC,59,0.1,1.1016949152542372,0.9320971395459094,-10.00626876679134
Isolation,Royce O'Neale,PHX,88,0.128,0.75,0.9320971395459094,16.02454828004003
Isolation,Karl-Anthony Towns,NYK,74,0.072,0.8918918918918919,0.9320971395459094,2.9751883263972996
Isolation,Ace Bailey,UTA,74,0.109,0.8918918918918919,0.9320971395459094,2.9751883263972996
Isolation,Devin Booker,PHX,68,0.109,0.9705882352941176,0.9320971395459094,-2.617394510878157
Isolation,Jake LaRavia,LAL,85,0.104,0.788235294117647,0.9320971395459094,12.228256861402306
Isolation,Jalen Brunson,NYK,79,0.093,0.8481012658227848,0.9320971395459094,6.635674024126849
Isolation,Dyson Daniels,ATL,73,0.062,0.9178082191780822,0.9320971395459094,1.0430911868513895
Isolation,Max Christie,DAL,60,0.07,1.1166666666666667,0.9320971395459094,-11.074171627245434
Isolation,Chet Holmgren,OKC,78,0.098,0.8717948717948718,0.9320971395459094,4.7035768845809365
Isolation,Derrick Jones Jr.,LAC,57,0.098,1.1929824561403508,0.9320971395459094,-14.870463045883158
Isolation,Pelle Larsson,MIA,78,0.111,0.8846153846153846,0.9320971395459094,3.7035768845809396
Isolation,Shai Gilgeous-Alexander,OKC,64,0.092,1.078125,0.9320971395459094,-9.345783069061795
Isolation,Myles Turner,MIL,75,0.087,0.9466666666666667,0.9320971395459094,-1.0927145340567908
Isolation,Alex Sarr,WAS,82,0.126,0.8780487804878049,0.9320971395459094,4.431965442764574
Isolation,Jay Huff,IND,82,0.091,0.8902439024390244,0.9320971395459094,3.4319654427645734
Isolation,Zaccharie Risacher,ATL,62,0.111,1.1935483870967742,0.9320971395459094,-16.20997734815362
Isolation,Naz Reid,MIN,95,0.141,0.7894736842105263,0.9320971395459094,13.549228256861397
Isolation,Bam Adebayo,MIA,91,0.097,0.8351648351648352,0.9320971395459094,8.820839698677757
Isolation,Jamal Murray,DEN,91,0.099,0.8351648351648352,0.9320971395459094,8.820839698677757
Isolation,P.J. Washington,DAL,75,0.105,1.0133333333333334,0.9320971395459094,-6.092714534056798
Isolation,Jericho Sims,MIL,72,0.146,1.0555555555555556,0.9320971395459094,-8.889005952694522
Isolation,Goga Bitadze,ORL,65,0.138,1.1692307692307693,0.9320971395459094,-15.41368592951589
Isolation,Nikola Vučević,CHI,79,0.104,0.9746835443037974,0.9320971395459094,-3.3643259758731516
Isolation,Toumani Camara,POR,76,0.071,1.0263157894736843,0.9320971395459094,-7.160617394510888
Isolation,Scottie Barnes,TOR,89,0.085,0.8876404494382022,0.9320971395459094,3.9566454195859455
Isolation,Precious Achiuwa,SAC,74,0.101,1.0675675675675675,0.9320971395459094,-10.024811673602699
Isolation,Reed Sheppard,HOU,85,0.097,0.9411764705882353,0.9320971395459094,-0.7717431385976958
Isolation,John Collins,LAC,75,0.112,1.0666666666666667,0.9320971395459094,-10.09271453405679
Isolation,Spencer Jones,DEN,67,0.128,1.2238805970149254,0.9320971395459094,-19.549491650424066
Isolation,Evan Mobley,CLE,84,0.092,1.0,0.9320971395459094,-5.703840278143606
Isolation,Onyeka Okongwu,ATL,77,0.069,1.12987012987013,0.9320971395459094,-15.228520254964977
Isolation,Zion Williamson,NOP,85,0.136,1.035294117647059,0.9320971395459094,-8.771743138597705
Isolation,Jaime Jaquez Jr.,MIA,96,0.121,0.9375,0.9320971395459094,-0.518674603592693
Isolation,Pascal Siakam,IND,78,0.102,1.1538461538461537,0.9320971395459094,-17.296423115419056
Isolation,Rudy Gobert,MIN,112,0.082,0.8125,0.9320971395459094,13.394879629141858
Isolation,Sandro Mamukelashvili,TOR,97,0.122,0.9484536082474226,0.9320971395459094,-1.5865774640467798
Isolation,Moussa Diabaté,CHA,91,0.106,1.010989010989011,0.9320971395459094,-7.179160301322237
Isolation,Kon Knueppel,CHA,98,0.104,0.9489795918367347,0.9320971395459094,-1.6544803245008795
Isolation,Alperen Sengun,HOU,98,0.08,0.9591836734693877,0.9320971395459094,-2.6544803245008697
Isolation,Derik Queen,NOP,111,0.119,0.8558558558558559,0.9320971395459094,8.462782489595945
Isolation,Maxime Raynaud,SAC,113,0.114,0.8495575221238938,0.9320971395459094,9.32697676868777
Isolation,Oso Ighodaro,PHX,109,0.154,0.8899082568807339,0.9320971395459094,4.598588210504131
Isolation,Luka Dončić,LAL,104,0.131,0.9519230769230769,0.9320971395459094,-2.061897487225412
Isolation,Kyle Filipowski,UTA,97,0.136,1.041237113402062,0.9320971395459094,-10.58657746404679
Isolation,Julius Randle,MIN,122,0.126,0.8442622950819673,0.9320971395459094,10.715851024600946
Isolation,Paolo Banchero,ORL,116,0.136,0.9655172413793104,0.9320971395459094,-3.876731812674509
Isolation,Duncan Robinson,DET,108,0.141,1.037037037037037,0.9320971395459094,-11.333508929041773
Isolation,Jabari Smith Jr.,HOU,118,0.127,1.0169491525423728,0.9320971395459094,-10.01253753358268
Isolation,Deandre Ayton,LAL,126,0.138,1.0317460317460319,0.9320971395459094,-12.555760417215424
Isolation,Wendell Carter Jr.,ORL,154,0.146,0.8766233766233766,0.9320971395459094,8.542959490070054
PRBallHandler,Chris Boucher,BOS,16,0.333,0.75,0.8781879527637194,2.0510072442195106
PRBallHandler,James Wiseman,IND,13,0.371,1.0,0.8781879527637194,-1.5835566140716475
PRBallHandler,Bradley Beal,LAC,18,0.391,0.8333333333333334,0.8781879527637194,0.8073831497469488
PRBallHandler,Yuki Kawamura,CHI,24,0.293,0.875,0.8781879527637194,0.07651086632926596
PRBallHandler,Lawson Lovering,MEM,19,0.559,1.105263157894737,0.8781879527637194,-4.314428897489333
PRBallHandler,Amir Coffey,MIL,23,0.348,0.9565217391304348,0.8781879527637194,-1.801677086434454
PRBallHandler,Ty Jerome,MEM,26,0.224,0.8846153846153846,0.8781879527637194,-0.16711322814329432
PRBallHandler,Nikola Topić,OKC,18,0.5,1.3333333333333333,0.8781879527637194,-8.19261685025305
PRBallHandler,Ron Harper Jr.,BOS,37,0.402,0.7027027027027027,0.8781879527637194,6.492954252257617
PRBallHandler,Doug McDermott,SAC,37,0.306,0.7297297297297297,0.8781879527637194,5.4929542522576185
PRBallHandler,KJ Simpson,CHA,35,0.422,0.7714285714285715,0.8781879527637194,3.7365783467301785
PRBallHandler,Walker Kessler,UTA,25,0.397,1.08,0.8781879527637194,-5.045301180907017
PRBallHandler,Chris Paul,LAC,24,0.343,1.125,0.8781879527637194,-5.923489133670734
PRBallHandler,Corey Kispert,WAS,35,0.343,0.8,0.8781879527637194,2.736578346730178
PRBallHandler,RayJ Dennis,IND,26,0.448,1.0769230769230769,0.8781879527637194,-5.167113228143294
PRBallHandler,Nick Smith Jr.,LAL,37,0.298,0.7837837837837838,0.8781879527637194,3.492954252257619
PRBallHandler,DeJon Jarreau,MEM,26,0.31,1.1153846153846154,0.8781879527637194,-6.167113228143296
PRBallHandler,LJ Cryer,GSW,32,0.337,0.9375,0.8781879527637194,-1.8979855115609787
PRBallHandler,Liam McNeeley,CHA,31,0.272,0.967741935483871,0.8781879527637194,-2.776173464324699
PRBallHandler,Larry Nance Jr.,CLE,35,0.285,0.8857142857142857,0.8781879527637194,-0.26342165326981914
PRBallHandler,Cam Thomas,BKN,31,0.22,1.0,0.8781879527637194,-3.7761734643246982
PRBallHandler,Rob Dillingham,MIN,48,0.393,0.6666666666666666,0.8781879527637194,10.153021732658534
PRBallHandler,E.J. Liddell,BKN,46,0.371,0.6956521739130435,0.8781879527637194,8.396645827131094
PRBallHandler,Dereck Lively II,DAL,30,0.526,1.0666666666666667,0.8781879527637194,-5.654361417088417
PRBallHandler,Tyrese Martin,BKN,46,0.25,0.717391304347826,0.8781879527637194,7.396645827131095
PRBallHandler,Zach Collins,CHI,41,0.466,0.8048780487804879,0.8781879527637194,3.005706063312494
PRBallHandler,Guerschon Yabusele,NYK,40,0.325,0.825,0.8781879527637194,2.1275181105487784
PRBallHandler,Tyson Etienne,BKN,42,0.347,0.8095238095238095,0.8781879527637194,2.8838940160762148
PRBallHandler,Dalen Terry,CHI,45,0.302,0.7777777777777778,0.8781879527637194,4.518457874367373
PRBallHandler,Jevon Carter,CHI,27,0.342,1.2962962962962963,0.8781879527637194,-11.288925275379576
PRBallHandler,Tyrese Proctor,CLE,57,0.324,0.631578947368421,0.8781879527637194,14.056713307532009
PRBallHandler,Ousmane Dieng,OKC,34,0.324,1.0588235294117647,0.8781879527637194,-6.141609606033541
PRBallHandler,Matisse Thybulle,POR,73,0.401,0.5205479452054794,0.8781879527637194,26.10772055175152
PRBallHandler,Scotty Pippen Jr.,MEM,49,0.445,0.7755102040816326,0.8781879527637194,5.031209685422253
PRBallHandler,Bogdan Bogdanović,LAC,37,0.268,1.054054054054054,0.8781879527637194,-6.507045747742378
PRBallHandler,Kobe Brown,LAC,36,0.324,1.1111111111111112,0.8781879527637194,-8.385233700506102
PRBallHandler,Nick Richards,PHX,53,0.52,0.7735849056603774,0.8781879527637194,5.543961496477126
PRBallHandler,Jaden Hardy,DAL,52,0.361,0.7884615384615384,0.8781879527637194,4.665773543713411
PRBallHandler,D'Angelo Russell,DAL,58,0.317,0.7586206896551724,0.8781879527637194,6.934901260295728
PRBallHandler,Taurean Prince,MIL,36,0.213,1.25,0.8781879527637194,-13.3852337005061
PRBallHandler,John Konchar,MEM,59,0.358,0.7796610169491526,0.8781879527637194,5.813089213059444
PRBallHandler,Trae Young,ATL,36,0.336,1.2777777777777777,0.8781879527637194,-14.385233700506097
PRBallHandler,Kyle Anderson,UTA,68,0.439,0.7058823529411765,0.8781879527637194,11.716780787932917
PRBallHandler,Dalton Knecht,LAL,57,0.31,0.8421052631578947,0.8781879527637194,2.0567133075320094
PRBallHandler,Elijah Harkless,UTA,56,0.233,0.8571428571428571,0.8781879527637194,1.17852535476829
PRBallHandler,Jayson Tatum,BOS,53,0.325,0.9245283018867925,0.8781879527637194,-2.456038503522872
PRBallHandler,Marcus Sasser,DET,66,0.413,0.7575757575757576,0.8781879527637194,7.960404882405482
PRBallHandler,Jordan Hawkins,NOP,61,0.257,0.819672131147541,0.8781879527637194,3.569465118586883
PRBallHandler,Blake Wesley,POR,44,0.373,1.1363636363636365,0.8781879527637194,-11.35973007839635
PRBallHandler,Asa Newell,ATL,61,0.305,0.8360655737704918,0.8781879527637194,2.5694651185868818
PRBallHandler,Dorian Finney-Smith,HOU,72,0.32,0.7361111111111112,0.8781879527637194,10.229532598987795
PRBallHandler,Max Strus,CLE,42,0.318,1.2619047619047619,0.8781879527637194,-16.116105983923784
PRBallHandler,Jeremy Sochan,SAS,51,0.342,1.0588235294117647,0.8781879527637194,-9.21241440905031
PRBallHandler,Trayce Jackson-Davis,GSW,89,0.459,0.6179775280898876,0.8781879527637194,23.158727795971032
PRBallHandler,Jaden Ivey,DET,73,0.374,0.7534246575342466,0.8781879527637194,9.107720551751516
PRBallHandler,Jonathan Isaac,ORL,67,0.364,0.8208955223880597,0.8781879527637194,3.838592835169198
PRBallHandler,Cole Anthony,MIL,66,0.328,0.8333333333333334,0.8781879527637194,2.960404882405479
PRBallHandler,Jonathan Kuminga,GSW,52,0.292,1.0576923076923077,0.8781879527637194,-9.334226456286592
PRBallHandler,Lonzo Ball,CLE,71,0.281,0.7887323943661971,0.8781879527637194,6.351344646224082
PRBallHandler,Dejounte Murray,NOP,53,0.373,1.0943396226415094,0.8781879527637194,-11.45603850352287
PRBallHandler,Jamal Cain,ORL,76,0.342,0.7763157894736842,0.8781879527637194,7.742284410042678
PRBallHandler,Taylor Hendricks,UTA,43,0.221,1.3953488372093024,0.8781879527637194,-22.237918031160067
PRBallHandler,Jalen Williams,OKC,79,0.304,0.7721518987341772,0.8781879527637194,8.376848268333834
PRBallHandler,Ja Morant,MEM,62,0.313,0.9838709677419355,0.8781879527637194,-6.552346928649397
PRBallHandler,Javon Small,MEM,88,0.297,0.7045454545454546,0.8781879527637194,15.280539843207304
PRBallHandler,Jalen Wilson,BKN,86,0.293,0.7209302325581395,0.8781879527637194,13.524163937679875
PRBallHandler,Jalen Pickett,DEN,69,0.291,0.8985507246376812,0.8781879527637194,-1.4050312593033598
PRBallHandler,Kristaps Porziņģis,ATL,75,0.375,0.84,0.8781879527637194,2.8640964572789587
PRBallHandler,Gary Harris,MIL,69,0.256,0.9130434782608695,0.8781879527637194,-2.4050312593033567
PRBallHandler,Buddy Hield,GSW,76,0.255,0.8421052631578947,0.8781879527637194,2.742284410042679
PRBallHandler,Kevon Looney,NOP,70,0.455,0.9142857142857143,0.8781879527637194,-2.526843306539639
PRBallHandler,Jared McCain,PHI,68,0.343,0.9411764705882353,0.8781879527637194,-4.283219212067079
PRBallHandler,Pete Nance,MIL,81,0.302,0.8024691358024691,0.8781879527637194,6.133224173861271
PRBallHandler,Kevin Love,UTA,75,0.364,0.8666666666666667,0.8781879527637194,0.8640964572789539
PRBallHandler,Obi Toppin,IND,48,0.318,1.3541666666666667,0.8781879527637194,-22.84697826734147
PRBallHandler,Trendon Watford,PHI,65,0.217,1.0153846153846153,0.8781879527637194,-8.917783070358235
PRBallHandler,Terrence Shannon Jr.,MIN,62,0.4,1.064516129032258,0.8781879527637194,-11.552346928649392
PRBallHandler,Khris Middleton,WAS,60,0.236,1.1,0.8781879527637194,-13.30872283417684
PRBallHandler,Rayan Rupert,POR,73,0.378,0.9178082191780822,0.8781879527637194,-2.892279448248483
PRBallHandler,Noah Penda,ORL,75,0.244,0.9066666666666666,0.8781879527637194,-2.1359035427210404
PRBallHandler,Grant Williams,CHA,85,0.32,0.8470588235294118,0.8781879527637194,2.6459759849161513
PRBallHandler,Kam Jones,IND,84,0.389,0.8571428571428571,0.8781879527637194,1.7677880321524349
PRBallHandler,Zeke Nnaji,DEN,109,0.429,0.6697247706422018,0.8781879527637194,22.722486851245417
PRBallHandler,Tyler Kolek,NYK,94,0.372,0.776595744680851,0.8781879527637194,9.54966755978963
PRBallHandler,Darius Garland,CLE,79,0.288,0.9240506329113924,0.8781879527637194,-3.6231517316661694
PRBallHandler,Oscar Tshiebwe,UTA,72,0.364,1.0138888888888888,0.8781879527637194,-9.770467401012198
PRBallHandler,Zach Edey,MEM,71,0.67,1.028169014084507,0.8781879527637194,-10.648655353775919
PRBallHandler,Ben Saraf,BKN,94,0.285,0.7872340425531915,0.8781879527637194,8.549667559789622
PRBallHandler,Josh Minott,BOS,84,0.362,0.8809523809523809,0.8781879527637194,-0.23221196784756737
PRBallHandler,Mike Conley,MIN,116,0.339,0.646551724137931,0.8781879527637194,26.86980252059145
PRBallHandler,Jordan Poole,NOP,101,0.338,0.7425742574257426,0.8781879527637194,13.696983229135661
PRBallHandler,Tre Mann,CHA,70,0.34,1.0714285714285714,0.8781879527637194,-13.52684330653964
PRBallHandler,Julian Strawther,DEN,87,0.31,0.8735632183908046,0.8781879527637194,0.4023518904435853
PRBallHandler,Paul George,PHI,98,0.281,0.7857142857142857,0.8781879527637194,9.062419370844504
PRBallHandler,Jalen Green,PHX,92,0.317,0.8369565217391305,0.8781879527637194,3.7932916542621813
PRBallHandler,Keegan Murray,SAC,81,0.313,0.9506172839506173,0.8781879527637194,-5.866775826138728
PRBallHandler,Karlo Matković,NOP,108,0.302,0.7222222222222222,0.8781879527637194,16.844298898481696
PRBallHandler,Jase Richardson,ORL,78,0.404,1.0128205128205128,0.8781879527637194,-10.501339684429881
PRBallHandler,Jose Alvarado,NOP,101,0.339,0.7920792079207921,0.8781879527637194,8.696983229135657
PRBallHandler,Jabari Walker,PHI,101,0.39,0.7920792079207921,0.8781879527637194,8.696983229135657
PRBallHandler,Tidjane Salaün,CHA,84,0.364,0.9523809523809523,0.8781879527637194,-6.232211967847565
PRBallHandler,Ochai Agbaji,TOR,102,0.366,0.7941176470588235,0.8781879527637194,8.575171181899385
PRBallHandler,Nikola Jović,MIA,93,0.301,0.8709677419354839,0.8781879527637194,0.6714796070259053
PRBallHandler,Coby White,CHI,84,0.295,0.9642857142857143,0.8781879527637194,-7.2322119678475705
PRBallHandler,T.J. McConnell,IND,95,0.317,0.8631578947368421,0.8781879527637194,1.4278555125533425
PRBallHandler,De'Andre Hunter,CLE,92,0.271,0.8913043478260869,0.8781879527637194,-1.2067083457378103
PRBallHandler,Norman Powell,MIA,115,0.288,0.7304347826086957,0.8781879527637194,16.99161456782773
PRBallHandler,Luke Kennard,ATL,88,0.289,0.9545454545454546,0.8781879527637194,-6.719460156792695
PRBallHandler,Jett Howard,ORL,76,0.374,1.105263157894737,0.8781879527637194,-17.257715589957332
PRBallHandler,Collin Sexton,CHA,98,0.341,0.8673469387755102,0.8781879527637194,1.0624193708445062
PRBallHandler,Michael Porter Jr.,BKN,100,0.237,0.86,0.8781879527637194,1.8187952763719428
PRBallHandler,Ayo Dosunmu,CHI,121,0.308,0.71900826446281,0.8781879527637194,19.260742284410043
PRBallHandler,Yanic Konan Niederhäuser,LAC,115,0.481,0.7565217391304347,0.8781879527637194,13.991614567827737
PRBallHandler,Rasheer Fleming,PHX,98,0.394,0.8979591836734694,0.8781879527637194,-1.9375806291554971
PRBallHandler,Gabe Vincent,LAL,86,0.371,1.0232558139534884,0.8781879527637194,-12.475836062320134
PRBallHandler,Franz Wagner,ORL,124,0.336,0.717741935483871,0.8781879527637194,19.895306142701205
PRBallHandler,Maxi Kleber,LAL,97,0.424,0.9175257731958762,0.8781879527637194,-3.8157685819192126
PRBallHandler,Tyus Jones,ORL,87,0.383,1.0229885057471264,0.8781879527637194,-12.597648109556408
PRBallHandler,Tyler Herro,MIA,86,0.267,1.0348837209302326,0.8781879527637194,-13.475836062320136
PRBallHandler,Taelon Peter,IND,80,0.398,1.1375,0.8781879527637194,-20.744963778902445
PRBallHandler,Egor Dëmin,BKN,89,0.225,1.0337078651685394,0.8781879527637194,-13.841272204028979
PRBallHandler,Aaron Gordon,DEN,111,0.308,0.8378378378378378,0.8781879527637194,4.478862756772856
PRBallHandler,Pat Spencer,GSW,100,0.258,0.93,0.8781879527637194,-5.181204723628063
PRBallHandler,Kentavious Caldwell-Pope,MEM,99,0.333,0.9393939393939394,0.8781879527637194,-6.059392676391783
PRBallHandler,Kenrich Williams,OKC,94,0.349,0.9893617021276596,0.8781879527637194,-10.450332440210378
PRBallHandler,Johnny Furphy,IND,87,0.3,1.0689655172413792,0.8781879527637194,-16.597648109556403
PRBallHandler,Tony Bradley,IND,89,0.408,1.0561797752808988,0.8781879527637194,-15.841272204028964
PRBallHandler,Jimmy Butler III,GSW,118,0.34,0.8050847457627118,0.8781879527637194,8.626178426118894
PRBallHandler,Vince Williams Jr.,MEM,114,0.37,0.8333333333333334,0.8781879527637194,5.113426615064009
PRBallHandler,Bryce McGowens,NOP,109,0.31,0.8807339449541285,0.8781879527637194,-0.2775131487545891
PRBallHandler,Keon Ellis,SAC,107,0.327,0.897196261682243,0.8781879527637194,-2.0338890542820214
PRBallHandler,Aaron Holiday,HOU,106,0.38,0.9056603773584906,0.8781879527637194,-2.9120770070457445
PRBallHandler,Devin Carter,SAC,86,0.33,1.1162790697674418,0.8781879527637194,-20.47583606232013
PRBallHandler,Josh Green,CHA,121,0.394,0.8099173553719008,0.8781879527637194,8.260742284410053
PRBallHandler,Branden Carlson,OKC,120,0.5,0.8166666666666667,0.8781879527637194,7.382554331646332
PRBallHandler,Gradey Dick,TOR,103,0.263,0.9514563106796117,0.8781879527637194,-7.546640865336903
PRBallHandler,Micah Peavy,NOP,126,0.403,0.7857142857142857,0.8781879527637194,11.651682048228649
PRBallHandler,Jordan Clarkson,NYK,121,0.313,0.8181818181818182,0.8781879527637194,7.260742284410043
PRBallHandler,Scoot Henderson,POR,114,0.427,0.868421052631579,0.8781879527637194,1.1134266150640093
PRBallHandler,Simone Fontecchio,MIA,116,0.285,0.8620689655172413,0.8781879527637194,1.8698025205914584
PRBallHandler,Stephen Curry,GSW,114,0.317,0.8771929824561403,0.8781879527637194,0.11342661506401885
PRBallHandler,Kasparas Jakučionis,MIA,106,0.28,0.9433962264150944,0.8781879527637194,-6.912077007045744
PRBallHandler,Moritz Wagner,ORL,100,0.483,1.0,0.8781879527637194,-12.181204723628058
PRBallHandler,Isaiah Jackson,IND,115,0.404,0.8782608695652174,0.8781879527637194,-0.0083854321722715
PRBallHandler,Ziaire Williams,BKN,130,0.252,0.8,0.8781879527637194,10.164433859283518
PRBallHandler,Walter Clayton Jr.,UTA,99,0.274,1.0505050505050506,0.8781879527637194,-17.059392676391788
PRBallHandler,Giannis Antetokounmpo,MIL,111,0.35,0.9459459459459459,0.8781879527637194,-7.521137243227145
PRBallHandler,Nicolas Batum,LAC,103,0.322,1.029126213592233,0.8781879527637194,-15.546640865336899
PRBallHandler,Anthony Davis,DAL,138,0.474,0.7753623188405797,0.8781879527637194,14.18993748139328
PRBallHandler,Moussa Cisse,DAL,135,0.558,0.7925925925925926,0.8781879527637194,11.555373623102117
PRBallHandler,Lauri Markkanen,UTA,112,0.271,0.9553571428571429,0.8781879527637194,-8.64294929046343
PRBallHandler,Kevin Huerter,CHI,96,0.264,1.1145833333333333,0.8781879527637194,-22.69395653468293
PRBallHandler,Kevin Porter Jr.,MIL,144,0.277,0.75,0.8781879527637194,18.459065197975598
PRBallHandler,Svi Mykhailiuk,UTA,122,0.293,0.8852459016393442,0.8781879527637194,-0.8610697628262294
PRBallHandler,Caris LeVert,DET,121,0.301,0.8925619834710744,0.8781879527637194,-1.7392577155899538
PRBallHandler,Caleb Love,POR,111,0.375,0.972972972972973,0.8781879527637194,-10.521137243227152
PRBallHandler,Zach LaVine,SAC,120,0.325,0.9083333333333333,0.8781879527637194,-3.6174456683536693
PRBallHandler,Caleb Martin,DAL,116,0.345,0.9396551724137931,0.8781879527637194,-7.130197479408553
PRBallHandler,Daeqwon Plowden,SAC,114,0.337,0.956140350877193,0.8781879527637194,-8.886573384935984
PRBallHandler,Nae'Qwan Tomlin,CLE,108,0.287,1.0092592592592593,0.8781879527637194,-14.155701101518307
PRBallHandler,De'Anthony Melton,GSW,142,0.341,0.7746478873239436,0.8781879527637194,14.702689292448161
PRBallHandler,Alex Caruso,OKC,135,0.348,0.8148148148148148,0.8781879527637194,8.555373623102128
PRBallHandler,Gary Trent Jr.,MIL,134,0.334,0.835820895522388,0.8781879527637194,5.677185670338406
PRBallHandler,Anfernee Simons,BOS,126,0.347,0.8888888888888888,0.8781879527637194,-1.3483179517713475
PRBallHandler,Drake Powell,BKN,121,0.324,0.9256198347107438,0.8781879527637194,-5.739257715589954
PRBallHandler,Bennedict Mathurin,IND,109,0.373,1.0275229357798166,0.8781879527637194,-16.27751314875459
PRBallHandler,GG Jackson,MEM,129,0.302,0.875968992248062,0.8781879527637194,0.2862459065198043
PRBallHandler,Carter Bryant,SAS,123,0.333,0.926829268292683,0.8781879527637194,-5.982881810062517
PRBallHandler,Jarred Vanderbilt,LAL,112,0.316,1.0178571428571428,0.8781879527637194,-15.642949290463418
PRBallHandler,Kawhi Leonard,LAC,156,0.264,0.7435897435897436,0.8781879527637194,20.997320631140227
PRBallHandler,Landry Shamet,NYK,135,0.327,0.8666666666666667,0.8781879527637194,1.555373623102117
PRBallHandler,Nolan Traore,BKN,115,0.248,1.017391304347826,0.8781879527637194,-16.008385432172254
PRBallHandler,Quenton Jackson,IND,146,0.335,0.8082191780821918,0.8781879527637194,10.215441103503032
PRBallHandler,Vít Krejčí,ATL,138,0.332,0.8695652173913043,0.8781879527637194,1.1899374813932826
PRBallHandler,Terance Mann,BKN,136,0.261,0.8823529411764706,0.8781879527637194,-0.566438424134156
PRBallHandler,Day'Ron Sharpe,BKN,168,0.37,0.7202380952380952,0.8781879527637194,26.535576064304863
PRBallHandler,Malik Monk,SAC,142,0.334,0.852112676056338,0.8781879527637194,3.7026892924481603
PRBallHandler,Kris Murray,POR,141,0.366,0.8581560283687943,0.8781879527637194,2.824501339684435
PRBallHandler,Aaron Wiggins,OKC,166,0.31,0.7409638554216867,0.8781879527637194,22.779200158777424
PRBallHandler,Brice Sensabaugh,UTA,122,0.224,1.0081967213114753,0.8781879527637194,-15.861069762826219
PRBallHandler,Craig Porter Jr.,CLE,143,0.326,0.8671328671328671,0.8781879527637194,1.5808772452118838
PRBallHandler,Danny Wolf,BKN,118,0.274,1.0508474576271187,0.8781879527637194,-20.37382157388112
PRBallHandler,CJ McCollum,WAS,125,0.335,1.0,0.8781879527637194,-15.226505904535074
PRBallHandler,Dennis Schröder,SAC,124,0.306,1.0080645161290323,0.8781879527637194,-16.10469385729879
PRBallHandler,Shai Gilgeous-Alexander,OKC,202,0.29,0.6237623762376238,0.8781879527637194,51.39396645827132
PRBallHandler,Cody Williams,UTA,159,0.279,0.7924528301886793,0.8781879527637194,13.63188448943138
PRBallHandler,Justin Champagnie,WAS,146,0.276,0.8698630136986302,0.8781879527637194,1.2154411035030295
PRBallHandler,Sam Merrill,CLE,146,0.313,0.8698630136986302,0.8781879527637194,1.2154411035030295
PRBallHandler,Ryan Nembhard,DAL,144,0.361,0.8819444444444444,0.8781879527637194,-0.5409348020244007
PRBallHandler,Justin Edwards,PHI,140,0.371,0.9071428571428571,0.8781879527637194,-4.0536866130792815
PRBallHandler,Spencer Jones,DEN,156,0.297,0.8205128205128205,0.8781879527637194,8.997320631140234
PRBallHandler,Klay Thompson,DAL,142,0.327,0.9014084507042254,0.8781879527637194,-3.297310707551846
PRBallHandler,Drew Eubanks,SAC,141,0.486,0.9148936170212766,0.8781879527637194,-5.175498660315561
PRBallHandler,LeBron James,LAL,135,0.306,0.9555555555555556,0.8781879527637194,-10.444626376897885
PRBallHandler,Miles McBride,NYK,134,0.347,0.9626865671641791,0.8781879527637194,-11.322814329661599
PRBallHandler,Paul Reed,DET,191,0.448,0.680628272251309,0.8781879527637194,37.733898977870396
PRBallHandler,Jordan Goodwin,PHX,170,0.299,0.7647058823529411,0.8781879527637194,19.291951969832308
PRBallHandler,Grayson Allen,PHX,137,0.269,0.948905109489051,0.8781879527637194,-9.688250471370434
PRBallHandler,Devin Vassell,SAS,198,0.332,0.6616161616161617,0.8781879527637194,42.88121464721644
PRBallHandler,Cam Spencer,MEM,165,0.314,0.793939393939394,0.8781879527637194,13.901012206013702
PRBallHandler,James Harden,LAC,149,0.309,0.8859060402684564,0.8781879527637194,-1.149995038205815
PRBallHandler,Isaiah Collier,UTA,128,0.268,1.0390625,0.8781879527637194,-20.591942046243915
PRBallHandler,Santi Aldama,MEM,164,0.322,0.8170731707317073,0.8781879527637194,10.022824253249993
PRBallHandler,Josh Giddey,CHI,162,0.282,0.8395061728395061,0.8781879527637194,6.2664483477225525
PRBallHandler,Jaylen Clark,MIN,136,0.392,1.0,0.8781879527637194,-16.56643842413416
PRBallHandler,Domantas Sabonis,SAC,132,0.478,1.0303030303030303,0.8781879527637194,-20.079190235189035
PRBallHandler,Devin Booker,PHX,157,0.252,0.8726114649681529,0.8781879527637194,0.8755085839039437
PRBallHandler,Ajay Mitchell,OKC,183,0.384,0.7540983606557377,0.8781879527637194,22.70839535576066
PRBallHandler,Moses Moody,GSW,165,0.28,0.8363636363636363,0.8781879527637194,6.9010122060137125
PRBallHandler,Gary Payton II,GSW,147,0.361,0.9455782312925171,0.8781879527637194,-9.906370943733254
PRBallHandler,Patrick Williams,CHI,184,0.352,0.7608695652173914,0.8781879527637194,21.586583308524364
PRBallHandler,Jordan Miller,LAC,163,0.332,0.8711656441717791,0.8781879527637194,1.14463630048627
PRBallHandler,Josh Okogie,HOU,176,0.392,0.8125,0.8781879527637194,11.561079686414617
PRBallHandler,Cameron Johnson,DEN,162,0.31,0.8827160493827161,0.8781879527637194,-0.7335516522774603
PRBallHandler,Donovan Mitchell,CLE,181,0.298,0.7955801104972375,0.8781879527637194,14.95201945023322
PRBallHandler,Mouhamed Gueye,ATL,173,0.368,0.8323699421965318,0.8781879527637194,7.926515828123454
PRBallHandler,Gui Santos,GSW,143,0.284,1.006993006993007,0.8781879527637194,-18.419122754788138
PRBallHandler,Austin Reaves,LAL,178,0.314,0.8146067415730337,0.8781879527637194,11.317455591942057
PRBallHandler,Javonte Green,DET,169,0.326,0.8579881656804734,0.8781879527637194,3.4137640170685724
PRBallHandler,Sidy Cissoko,POR,146,0.332,0.9931506849315068,0.8781879527637194,-16.78455889649696
PRBallHandler,John Collins,LAC,189,0.282,0.7724867724867724,0.8781879527637194,19.977523072342976
PRBallHandler,Deni Avdija,POR,178,0.291,0.8202247191011236,0.8781879527637194,10.317455591942055
PRBallHandler,Zaccharie Risacher,ATL,154,0.275,0.9545454545454546,0.8781879527637194,-11.759055274387217
PRBallHandler,Tobias Harris,DET,180,0.3,0.8222222222222222,0.8781879527637194,10.0738314974695
PRBallHandler,Ryan Dunn,PHX,153,0.302,0.9673202614379085,0.8781879527637194,-13.63724322715093
PRBallHandler,Anthony Gill,WAS,160,0.405,0.93125,0.8781879527637194,-8.489927557804897
PRBallHandler,Thomas Bryant,CLE,167,0.496,0.8982035928143712,0.8781879527637194,-3.3426118884588534
PRBallHandler,Hugo González,BOS,165,0.363,0.9090909090909091,0.8781879527637194,-5.098987793986291
PRBallHandler,Shaedon Sharpe,POR,137,0.327,1.094890510948905,0.8781879527637194,-29.688250471370438
PRBallHandler,DeMar DeRozan,SAC,146,0.248,1.0410958904109588,0.8781879527637194,-23.784558896496957
PRBallHandler,Brandon Ingram,TOR,199,0.286,0.7688442211055276,0.8781879527637194,21.759402599980163
PRBallHandler,Brandon Williams,DAL,185,0.351,0.827027027027027,0.8781879527637194,9.464771261288094
PRBallHandler,Bones Hyland,MIN,193,0.39,0.8031088082901554,0.8781879527637194,14.490274883397854
PRBallHandler,Dillon Brooks,PHX,162,0.292,0.9567901234567902,0.8781879527637194,-12.733551652277459
PRBallHandler,Jalen Suggs,ORL,212,0.374,0.7358490566037735,0.8781879527637194,30.175845985908527
PRBallHandler,Kobe Sanders,LAC,180,0.347,0.8722222222222222,0.8781879527637194,1.073831497469493
PRBallHandler,Jaylon Tyson,CLE,200,0.277,0.79,0.8781879527637194,17.637590552743877
PRBallHandler,Keyonte George,UTA,180,0.275,0.8777777777777778,0.8781879527637194,0.07383149746949647
PRBallHandler,Ace Bailey,UTA,163,0.239,0.9693251533742331,0.8781879527637194,-14.855363699513727
PRBallHandler,Kelly Oubre Jr.,PHI,196,0.315,0.8112244897959183,0.8781879527637194,13.124838741689015
PRBallHandler,Dru Smith,MIA,188,0.364,0.8457446808510638,0.8781879527637194,6.099335119579255
PRBallHandler,Dylan Cardwell,SAC,175,0.428,0.9085714285714286,0.8781879527637194,-5.317108266349105
PRBallHandler,Noah Clowney,BKN,157,0.245,1.0127388535031847,0.8781879527637194,-21.124491416096053
PRBallHandler,Tristan Vukcevic,WAS,155,0.438,1.0258064516129033,0.8781879527637194,-22.8808673216235
PRBallHandler,Luka Dončić,LAL,208,0.263,0.7692307692307693,0.8781879527637194,22.66309417485363
PRBallHandler,Jarace Walker,IND,186,0.306,0.8602150537634409,0.8781879527637194,3.3429592140518087
PRBallHandler,Rui Hachimura,LAL,182,0.323,0.8791208791208791,0.8781879527637194,-0.16979259700306382
PRBallHandler,Kyshawn George,WAS,166,0.27,0.963855421686747,0.8781879527637194,-14.220799841222576
PRBallHandler,Zion Williamson,NOP,190,0.304,0.8526315789473684,0.8781879527637194,4.855711025106691
PRBallHandler,Jaren Jackson Jr.,MEM,183,0.328,0.8852459016393442,0.8781879527637194,-1.291604644239344
PRBallHandler,Keldon Johnson,SAS,183,0.329,0.8852459016393442,0.8781879527637194,-1.291604644239344
PRBallHandler,Royce O'Neale,PHX,178,0.259,0.9101123595505618,0.8781879527637194,-5.682544408057945
PRBallHandler,Olivier-Maxence Prosper,MEM,175,0.394,0.9257142857142857,0.8781879527637194,-8.317108266349102
PRBallHandler,Isaiah Joe,OKC,166,0.328,0.9759036144578314,0.8781879527637194,-16.220799841222583
PRBallHandler,Jericho Sims,MIL,196,0.397,0.8316326530612245,0.8781879527637194,9.12483874168901
PRBallHandler,Cooper Flagg,DAL,203,0.277,0.8078817733990148,0.8781879527637194,14.27215441103504
PRBallHandler,Daniss Jenkins,DET,203,0.404,0.8078817733990148,0.8781879527637194,14.27215441103504
PRBallHandler,Aaron Nesmith,IND,170,0.328,0.9647058823529412,0.8781879527637194,-14.708048030167703
PRBallHandler,Dean Wade,CLE,188,0.348,0.8776595744680851,0.8781879527637194,0.09933511957925711
PRBallHandler,Tim Hardaway Jr.,DEN,179,0.267,0.9329608938547486,0.8781879527637194,-9.804356455294217
PRBallHandler,Will Richard,GSW,179,0.342,0.9329608938547486,0.8781879527637194,-9.804356455294217
PRBallHandler,Steven Adams,HOU,206,0.519,0.8203883495145631,0.8781879527637194,11.906718269326205
PRBallHandler,Herbert Jones,NOP,185,0.348,0.9135135135135135,0.8781879527637194,-6.535228738711908
PRBallHandler,AJ Green,MIL,194,0.258,0.8814432989690721,0.8781879527637194,-0.6315371638384291
PRBallHandler,Jalen Smith,CHI,202,0.402,0.8514851485148515,0.8781879527637194,5.393966458271326
PRBallHandler,Al Horford,GSW,189,0.449,0.91005291005291,0.8781879527637194,-6.022476927657021
PRBallHandler,Dylan Harper,SAS,227,0.453,0.762114537444934,0.8781879527637194,26.348665277364297
PRBallHandler,Quinten Post,GSW,215,0.426,0.8046511627906977,0.8781879527637194,15.810409844199668
PRBallHandler,Cade Cunningham,DET,197,0.269,0.8781725888324873,0.8781879527637194,0.0030266944527310713
PRBallHandler,Derrick Jones Jr.,LAC,215,0.368,0.8093023255813954,0.8781879527637194,14.81040984419967
PRBallHandler,Tari Eason,HOU,192,0.364,0.90625,0.8781879527637194,-5.387913069365872
PRBallHandler,Isaac Okoro,CHI,217,0.3,0.8064516129032258,0.8781879527637194,15.566785749727124
PRBallHandler,Jrue Holiday,POR,208,0.387,0.8413461538461539,0.8781879527637194,7.6630941748536365
PRBallHandler,P.J. Washington,DAL,228,0.321,0.7807017543859649,0.8781879527637194,22.22685323012803
PRBallHandler,Kyle Filipowski,UTA,215,0.302,0.8372093023255814,0.8781879527637194,8.810409844199665
PRBallHandler,Matas Buzelis,CHI,210,0.236,0.8571428571428571,0.8781879527637194,4.419470080381087
PRBallHandler,Saddiq Bey,NOP,201,0.323,0.900497512437811,0.8781879527637194,-4.4842214944924
PRBallHandler,Bilal Coulibaly,WAS,185,0.382,0.9783783783783784,0.8781879527637194,-18.535228738711908
PRBallHandler,Kevin Durant,HOU,247,0.321,0.7368421052631579,0.8781879527637194,34.91242433263871
PRBallHandler,Collin Murray-Boyles,TOR,223,0.379,0.8295964125560538,0.8781879527637194,10.83591346630944
PRBallHandler,Nique Clifford,SAC,208,0.298,0.8894230769230769,0.8781879527637194,-2.336905825146351
PRBallHandler,Jordan Walsh,BOS,203,0.415,0.916256157635468,0.8781879527637194,-7.727845588964957
PRBallHandler,LaMelo Ball,CHA,202,0.359,0.9257425742574258,0.8781879527637194,-9.606033541728687
PRBallHandler,RJ Barrett,TOR,215,0.324,0.8744186046511628,0.8781879527637194,0.8104098441996649
PRBallHandler,Julian Champagnie,SAS,218,0.3,0.8669724770642202,0.8781879527637194,2.4449737024908282
PRBallHandler,Trey Murphy III,NOP,199,0.273,0.949748743718593,0.8781879527637194,-14.240597400019837
PRBallHandler,Marcus Smart,LAL,235,0.374,0.8085106382978723,0.8781879527637194,16.374168899474075
PRBallHandler,Nic Claxton,BKN,228,0.316,0.8333333333333334,0.8781879527637194,10.226853230128018
PRBallHandler,Jock Landale,MEM,223,0.521,0.8565022421524664,0.8781879527637194,4.835913466309423
PRBallHandler,Dominick Barlow,PHI,221,0.313,0.8642533936651584,0.8781879527637194,3.0795375607819824
PRBallHandler,Kyle Kuzma,MIL,194,0.291,0.9845360824742269,0.8781879527637194,-20.631537163838445
PRBallHandler,Anthony Edwards,MIN,223,0.342,0.8654708520179372,0.8781879527637194,2.835913466309442
PRBallHandler,Draymond Green,GSW,240,0.364,0.8125,0.8781879527637194,15.76510866329266
PRBallHandler,Naz Reid,MIN,217,0.322,0.8986175115207373,0.8781879527637194,-4.4332142502728855
PRBallHandler,Christian Braun,DEN,240,0.38,0.8208333333333333,0.8781879527637194,13.765108663292667
PRBallHandler,Harrison Barnes,SAS,189,0.324,1.0423280423280423,0.8781879527637194,-31.02247692765703
PRBallHandler,Baylor Scheierman,BOS,221,0.41,0.8959276018099548,0.8781879527637194,-3.920462439218017
PRBallHandler,Tristan da Silva,ORL,201,0.306,0.9850746268656716,0.8781879527637194,-21.484221494492388
PRBallHandler,Jaylen Brown,BOS,236,0.311,0.847457627118644,0.8781879527637194,7.25235685223779
PRBallHandler,Collin Gillespie,PHX,215,0.286,0.9302325581395349,0.8781879527637194,-11.189590155800323
PRBallHandler,Cedric Coward,MEM,194,0.306,1.0309278350515463,0.8781879527637194,-29.631537163838413
PRBallHandler,Sam Hauser,BOS,218,0.318,0.9220183486238532,0.8781879527637194,-9.555026297509173
PRBallHandler,Pascal Siakam,IND,234,0.307,0.8632478632478633,0.8781879527637194,3.4959809467103335
PRBallHandler,Brandin Podziemski,GSW,206,0.307,0.9805825242718447,0.8781879527637194,-21.0932817306738
PRBallHandler,Jalen Johnson,ATL,212,0.288,0.9622641509433962,0.8781879527637194,-17.824154014091487
PRBallHandler,Ja'Kobe Walter,TOR,217,0.367,0.9447004608294931,0.8781879527637194,-14.43321425027289
PRBallHandler,Pelle Larsson,MIA,231,0.329,0.8917748917748918,0.8781879527637194,-3.1385829115808153
PRBallHandler,Ben Sheppard,IND,165,0.348,1.2545454545454546,0.8781879527637194,-62.09898779398631
PRBallHandler,Josh Hart,NYK,214,0.283,0.9719626168224299,0.8781879527637194,-20.067778108564045
PRBallHandler,Dwight Powell,DAL,200,0.462,1.04,0.8781879527637194,-32.36240944725613
PRBallHandler,Peyton Watson,DEN,221,0.336,0.9457013574660633,0.8781879527637194,-14.920462439218003
PRBallHandler,Goga Bitadze,ORL,208,0.441,1.0048076923076923,0.8781879527637194,-26.33690582514636
PRBallHandler,Duncan Robinson,DET,257,0.336,0.8210116731517509,0.8781879527637194,14.694303860275898
PRBallHandler,Luguentz Dort,OKC,269,0.37,0.79182156133829,0.8781879527637194,23.232559293440524
PRBallHandler,Jaime Jaquez Jr.,MIA,249,0.313,0.8554216867469879,0.8781879527637194,5.668800238166139
PRBallHandler,Jonas Valančiūnas,DEN,206,0.532,1.0388349514563107,0.8781879527637194,-33.093281730673795
PRBallHandler,Jaxson Hayes,LAL,274,0.478,0.7883211678832117,0.8781879527637194,24.62349905725911
PRBallHandler,Tre Jones,CHI,258,0.385,0.8372093023255814,0.8781879527637194,10.572491813039598
PRBallHandler,Brandon Miller,CHA,242,0.356,0.9008264462809917,0.8781879527637194,-5.4785154311799005
PRBallHandler,Robert Williams III,POR,274,0.551,0.7992700729927007,0.8781879527637194,21.623499057259128
PRBallHandler,Mitchell Robinson,NYK,267,0.473,0.8202247191011236,0.8781879527637194,15.476183387913082
PRBallHandler,Ausar Thompson,DET,310,0.4,0.7129032258064516,0.8781879527637194,51.238265356753026
PRBallHandler,Andre Drummond,PHI,315,0.568,0.7047619047619048,0.8781879527637194,54.6292051205716
PRBallHandler,Jusuf Nurkić,UTA,207,0.458,1.077294685990338,0.8781879527637194,-41.21509377791006
PRBallHandler,Bobby Portis,MIL,247,0.414,0.9068825910931174,0.8781879527637194,-7.087575667361307
PRBallHandler,Luka Garza,BOS,263,0.49,0.8555133079847909,0.8781879527637194,5.96343157685821
PRBallHandler,Jerami Grant,POR,220,0.397,1.0227272727272727,0.8781879527637194,-31.798650391981724
PRBallHandler,Jamal Murray,DEN,235,0.255,0.9659574468085106,0.8781879527637194,-20.625831100525925
PRBallHandler,Desmond Bane,ORL,251,0.332,0.9083665338645418,0.8781879527637194,-7.57482385630642
PRBallHandler,Ronald Holland II,DET,249,0.388,0.9236947791164659,0.8781879527637194,-11.331199761833878
PRBallHandler,Jalen Brunson,NYK,275,0.323,0.8436363636363636,0.8781879527637194,9.501687010022842
PRBallHandler,Tyrese Maxey,PHI,272,0.321,0.8529411764705882,0.8781879527637194,6.86712315173169
PRBallHandler,Jaylen Wells,MEM,249,0.342,0.9357429718875502,0.8781879527637194,-14.33119976183386
PRBallHandler,Andrew Nembhard,IND,238,0.384,0.9789915966386554,0.8781879527637194,-23.99126724223477
PRBallHandler,Jake LaRavia,LAL,270,0.332,0.8814814814814815,0.8781879527637194,-0.8892527537957717
PRBallHandler,Bruce Brown,DEN,256,0.323,0.9296875,0.8781879527637194,-13.18388409248783
PRBallHandler,Stephon Castle,SAS,317,0.386,0.7570977917981072,0.8781879527637194,38.38558102609907
PRBallHandler,Yves Missi,NOP,263,0.421,0.9125475285171103,0.8781879527637194,-9.036568423141802
PRBallHandler,Isaiah Hartenstein,OKC,283,0.512,0.8515901060070671,0.8781879527637194,7.52719063213261
PRBallHandler,Andrew Wiggins,MIA,270,0.307,0.9037037037037037,0.8781879527637194,-6.88925275379575
PRBallHandler,Daniel Gafford,DAL,282,0.485,0.8723404255319149,0.8781879527637194,1.6490026793688644
PRBallHandler,Adem Bona,PHI,299,0.474,0.8294314381270903,0.8781879527637194,14.578197876352105
PRBallHandler,Jeremiah Fears,NOP,272,0.331,0.9154411764705882,0.8781879527637194,-10.13287684826831
PRBallHandler,Donte DiVincenzo,MIN,282,0.356,0.8900709219858156,0.8781879527637194,-3.3509973206311274
PRBallHandler,OG Anunoby,NYK,315,0.375,0.8,0.8781879527637194,24.6292051205716
PRBallHandler,Jaylin Williams,OKC,314,0.469,0.8089171974522293,0.8781879527637194,21.751017167807884
PRBallHandler,Sion James,CHA,287,0.407,0.89198606271777,0.8781879527637194,-3.9600575568125276
PRBallHandler,Chet Holmgren,OKC,347,0.435,0.7406340057636888,0.8781879527637194,47.73121960901064
PRBallHandler,Immanuel Quickley,TOR,290,0.38,0.8862068965517241,0.8781879527637194,-2.325493698521368
PRBallHandler,Max Christie,DAL,283,0.331,0.9081272084805654,0.8781879527637194,-8.47280936786741
PRBallHandler,Paolo Banchero,ORL,257,0.302,1.0038910505836576,0.8781879527637194,-32.305696139724105
PRBallHandler,Ryan Rollins,MIL,321,0.333,0.8130841121495327,0.8781879527637194,20.898332837153937
PRBallHandler,Quentin Grimes,PHI,302,0.39,0.8642384105960265,0.8781879527637194,4.212761734643271
PRBallHandler,Bub Carrington,WAS,271,0.37,0.9704797047970479,0.8781879527637194,-25.011064801032028
PRBallHandler,Oso Ighodaro,PHX,321,0.455,0.822429906542056,0.8781879527637194,17.898332837153937
PRBallHandler,Kon Knueppel,CHA,309,0.329,0.8576051779935275,0.8781879527637194,6.360077403989291
PRBallHandler,Derrick White,BOS,321,0.33,0.8286604361370716,0.8781879527637194,15.898332837153939
PRBallHandler,Jamal Shead,TOR,295,0.421,0.9016949152542373,0.8781879527637194,-6.934553934702771
PRBallHandler,Jakob Poeltl,TOR,281,0.49,0.9466192170818505,0.8781879527637194,-19.22918527339483
PRBallHandler,Cason Wallace,OKC,332,0.354,0.8042168674698795,0.8781879527637194,24.55840031755484
PRBallHandler,Alex Sarr,WAS,268,0.411,0.996268656716418,0.8781879527637194,-31.645628659323208
PRBallHandler,Nickeil Alexander-Walker,ATL,329,0.349,0.8267477203647416,0.8781879527637194,16.923836459263686
PRBallHandler,Reed Sheppard,HOU,326,0.373,0.8374233128834356,0.8781879527637194,13.289272600972513
PRBallHandler,Jabari Smith Jr.,HOU,308,0.332,0.8863636363636364,0.8781879527637194,-2.518110548774417
PRBallHandler,VJ Edgecombe,PHI,355,0.369,0.7746478873239436,0.8781879527637194,36.756723231120404
PRBallHandler,De'Aaron Fox,SAS,310,0.379,0.896774193548387,0.8781879527637194,-5.761734643246968
PRBallHandler,Payton Pritchard,BOS,287,0.366,0.9686411149825784,0.8781879527637194,-25.960057556812536
PRBallHandler,Jarrett Allen,CLE,371,0.529,0.7628032345013477,0.8781879527637194,42.807730475339916
PRBallHandler,Joel Embiid,PHI,330,0.523,0.8575757575757575,0.8781879527637194,6.802024412027416
PRBallHandler,Miles Bridges,CHA,269,0.347,1.0557620817843867,0.8781879527637194,-47.7674407065595
PRBallHandler,Derik Queen,NOP,322,0.347,0.8944099378881988,0.8781879527637194,-5.223479210082356
PRBallHandler,Evan Mobley,CLE,323,0.355,0.9040247678018576,0.8781879527637194,-8.34529125731863
PRBallHandler,Nikola Vučević,CHI,334,0.441,0.8802395209580839,0.8781879527637194,-0.6852237769177338
PRBallHandler,Ivica Zubac,LAC,317,0.512,0.9305993690851735,0.8781879527637194,-16.614418973900943
PRBallHandler,Naji Marshall,DAL,295,0.362,1.0169491525423728,0.8781879527637194,-40.93455393470276
PRBallHandler,Anthony Black,ORL,331,0.397,0.9123867069486404,0.8781879527637194,-11.319787635208858
PRBallHandler,Jalen Duren,DET,428,0.504,0.7102803738317757,0.8781879527637194,71.86444378287192
PRBallHandler,Davion Mitchell,MIA,303,0.377,1.00990099009901,0.8781879527637194,-39.90905031259302
PRBallHandler,Brook Lopez,LAC,401,0.504,0.770573566084788,0.8781879527637194,43.1533690582515
PRBallHandler,Scottie Barnes,TOR,385,0.366,0.8025974025974026,0.8781879527637194,29.10236181403196
PRBallHandler,Isaiah Stewart,DET,342,0.536,0.9327485380116959,0.8781879527637194,-18.659720154807953
PRBallHandler,Kris Dunn,LAC,341,0.356,0.9354838709677419,0.8781879527637194,-19.53790810757166
PRBallHandler,Mark Williams,PHX,357,0.507,0.9019607843137255,0.8781879527637194,-8.486900863352174
PRBallHandler,Mikal Bridges,NYK,356,0.392,0.9044943820224719,0.8781879527637194,-9.365088816115884
PRBallHandler,Dyson Daniels,ATL,423,0.359,0.8085106382978723,0.8781879527637194,29.473504019053337
PRBallHandler,Luke Kornet,SAS,451,0.535,0.7760532150776053,0.8781879527637194,46.06276669643748
PRBallHandler,Sandro Mamukelashvili,TOR,370,0.467,0.9648648648648649,0.8781879527637194,-32.07045747742383
PRBallHandler,Victor Wembanyama,SAS,454,0.448,0.801762114537445,0.8781879527637194,34.69733055472861
PRBallHandler,Amen Thompson,HOU,441,0.424,0.8253968253968254,0.8781879527637194,23.280887168800284
PRBallHandler,Bam Adebayo,MIA,424,0.452,0.875,0.8781879527637194,1.351691971817032
PRBallHandler,Deandre Ayton,LAL,431,0.472,0.8677494199535963,0.8781879527637194,4.499007641163048
PRBallHandler,Julius Randle,MIN,398,0.412,0.9447236180904522,0.8781879527637194,-26.481194800039667
PRBallHandler,Myles Turner,MIL,388,0.45,0.9690721649484536,0.8781879527637194,-35.26307432767687
PRBallHandler,Maxime Raynaud,SAC,399,0.404,0.9849624060150376,0.8781879527637194,-42.60300684727596
PRBallHandler,Kel'el Ware,MIA,403,0.533,0.9776674937965261,0.8781879527637194,-40.09025503622108
PRBallHandler,Toumani Camara,POR,422,0.394,0.9454976303317536,0.8781879527637194,-28.404683933710427
PRBallHandler,Moussa Diabaté,CHA,417,0.484,0.9592326139088729,0.8781879527637194,-33.79562369752902
PRBallHandler,Jay Huff,IND,451,0.498,0.8957871396895787,0.8781879527637194,-7.93723330356253
PRBallHandler,Ryan Kalkbrenner,CHA,490,0.57,0.8673469387755102,0.8781879527637194,5.312096854222531
PRBallHandler,Onyeka Okongwu,ATL,512,0.456,0.83203125,0.8781879527637194,23.63223181502434
PRBallHandler,Jaden McDaniels,MIN,457,0.413,0.9693654266958425,0.8781879527637194,-41.66810558698024
PRBallHandler,Alperen Sengun,HOU,553,0.451,0.833634719710669,0.8781879527637194,24.637937878336853
PRBallHandler,Wendell Carter Jr.,ORL,556,0.527,0.8381294964028777,0.8781879527637194,22.27250173662799
PRBallHandler,Neemias Queta,BOS,514,0.539,0.9085603112840467,0.8781879527637194,-15.611392279448216
PRBallHandler,Karl-Anthony Towns,NYK,544,0.527,0.90625,0.8781879527637194,-15.265753696536638
PRBallHandler,Nikola Jokić,DEN,600,0.527,0.8566666666666667,0.8781879527637194,12.912771658231637
PRBallHandler,Donovan Clingan,POR,628,0.504,0.8837579617834395,0.8781879527637194,-3.4979656643841888
PRBallHandler,Rudy Gobert,MIN,806,0.589,0.8746898263027295,0.8781879527637194,2.819489927557862
