,PLAYER_ID,PLAYER_NAME,TEAM_ID,TEAM_ABBREVIATION,AGE,G,MIN,CONTESTED_SHOTS,CONTESTED_SHOTS_2PT,CONTESTED_SHOTS_3PT,DEFLECTIONS,CHARGES_DRAWN,SCREEN_ASSISTS,SCREEN_AST_PTS,OFF_LOOSE_BALLS_RECOVERED,DEF_LOOSE_BALLS_RECOVERED,LOOSE_BALLS_RECOVERED,PCT_LOOSE_BALLS_RECOVERED_OFF,PCT_LOOSE_BALLS_RECOVERED_DEF,OFF_BOXOUTS,DEF_BOXOUTS,BOX_OUTS,BOX_OUT_PLAYER_TEAM_REBS,BOX_OUT_PLAYER_REBS,PCT_BOX_OUTS_OFF,PCT_BOX_OUTS_DEF,PCT_BOX_OUTS_TEAM_REB,PCT_BOX_OUTS_REB,TeamID,TeamName,WINS,LOSSES,TeamGP,G_PERCENT,CHARGES_DRAWN_pct_rank,CONTESTED_SHOTS_pct_rank,DEFLECTIONS_pct_rank,DEF_BOXOUTS_pct_rank,DEF_LOOSE_BALLS_RECOVERED_pct_rank,sum
0,1631260,AJ Green,1610612749,MIL,25.0,6,11.6,1.33,1.0,0.33,0.67,0.0,0.17,0.5,0.0,0.0,0.0,0.0,0.0,0.0,0.33,0.33,0.33,0.17,0.0,1.0,1.0,0.5,1610612749,Bucks,1,6,7,0.8571428571428571,0.4048991354466859,0.39481268011527376,0.4812680115273775,0.7867435158501441,0.18011527377521613,2.2478386167146973
2,203932,Aaron Gordon,1610612743,DEN,29.0,6,34.7,4.5,2.83,1.67,1.5,0.0,0.33,1.0,0.33,0.33,0.67,0.5,0.5,0.17,0.33,0.5,0.5,0.5,0.333,0.667,1.0,1.0,1610612743,Nuggets,3,3,6,1.0,0.4048991354466859,0.47262247838616717,0.3170028818443804,0.47262247838616717,0.6080691642651297,2.2752161383285303
4,1630174,Aaron Nesmith,1610612754,IND,25.0,6,22.7,4.0,2.17,1.83,2.33,0.0,0.17,0.33,0.17,0.0,0.17,1.0,0.0,0.0,0.17,0.17,0.17,0.0,0.0,1.0,1.0,0.0,1610612754,Pacers,2,4,6,1.0,0.4048991354466859,0.6887608069164265,0.8530259365994236,0.41210374639769454,0.18011527377521613,2.5389048991354466
5,1630598,Aaron Wiggins,1610612760,OKC,25.0,6,20.8,4.83,2.0,2.83,1.5,0.0,0.0,0.0,0.0,0.33,0.33,0.0,1.0,0.0,0.67,0.67,0.67,0.17,0.0,1.0,1.0,0.25,1610612760,Thunder,6,0,6,1.0,0.4048991354466859,0.8242074927953891,0.6743515850144092,0.8126801152737753,0.8097982708933718,3.5259365994236314
6,1641745,Adam Flagler,1610612760,OKC,24.0,4,1.8,0.0,0.0,0.0,0.0,0.0,0.0,0.0,0.0,0.25,0.25,0.0,1.0,0.0,0.0,0.0,0.0,0.0,0.0,0.0,0.0,0.0,1610612760,Thunder,6,0,6,0.6666666666666666,0.4048991354466859,0.008645533141210375,0.023054755043227664,0.1585014409221902,1.0,1.5951008645533142
8,1641737,Adem Bona,1610612755,PHI,21.0,4,2.1,0.5,0.25,0.25,0.0,0.0,0.25,0.5,0.0,0.0,0.0,0.0,0.0,0.0,0.0,0.0,0.0,0.0,0.0,0.0,0.0,0.0,1610612755,76ers,1,4,5,0.8,0.4048991354466859,0.8386167146974063,0.023054755043227664,0.1585014409221902,0.18011527377521613,1.6051873198847262
9,1642349,Ajay Mitchell,1610612760,OKC,22.0,6,13.9,1.17,0.5,0.67,1.0,0.17,0.17,0.33,0.0,0.17,0.17,0.0,1.0,0.0,0.17,0.17,0.17,0.17,0.0,1.0,1.0,1.0,1610612760,Thunder,6,0,6,1.0,0.9337175792507204,0.1930835734870317,0.6685878962536023,0.5504322766570605,0.7002881844380403,3.0461095100864553
10,201143,Al Horford,1610612738,BOS,38.0,7,24.8,7.29,4.29,3.0,1.43,0.0,2.43,6.14,0.14,0.14,0.29,0.5,0.5,0.29,0.14,0.43,0.43,0.29,0.667,0.333,1.0,0.667,1610612738,Celtics,7,1,8,0.875,0.4048991354466859,0.9221902017291066,0.4783861671469741,0.3861671469740634,0.4438040345821326,2.6354466858789625
11,202692,Alec Burks,1610612748,MIA,33.0,3,20.9,3.33,1.0,2.33,1.33,0.0,0.0,0.0,0.67,0.0,0.67,1.0,0.0,0.0,0.33,0.33,0.0,0.0,0.0,1.0,0.0,0.0,1610612748,Heat,3,2,5,0.6,0.4048991354466859,0.6253602305475504,0.5619596541786743,0.590778097982709,0.18011527377521613,2.3631123919308354
12,1627936,Alex Caruso,1610612760,OKC,30.0,6,19.5,3.17,1.33,1.83,3.67,0.33,1.17,2.83,0.17,0.33,0.5,0.333,0.667,0.17,0.17,0.33,0.33,0.33,0.5,0.5,1.0,1.0,1610612760,Thunder,6,0,6,1.0,0.968299711815562,0.6397694524495677,0.9942363112391931,0.4495677233429395,0.8242074927953891,3.8760806916426516
13,1642505,Alex Ducas,1610612760,OKC,23.0,4,1.8,0.0,0.0,0.0,0.25,0.0,0.0,0.0,0.0,0.0,0.0,0.0,0.0,0.0,0.25,0.25,0.25,0.0,0.0,1.0,1.0,0.0,1610612760,Thunder,6,0,6,0.6666666666666666,0.4048991354466859,0.008645533141210375,0.9582132564841499,0.9942363112391931,0.18011527377521613,2.5461095100864553
14,203458,Alex Len,1610612758,SAC,31.0,4,6.8,2.0,1.0,1.0,0.25,0.0,0.5,1.25,0.0,0.0,0.0,0.0,0.0,0.0,0.5,0.5,0.5,0.5,0.0,1.0,1.0,1.0,1610612758,Kings,3,3,6,0.6666666666666666,0.4048991354466859,0.9250720461095101,0.23054755043227665,0.9740634005763689,0.18011527377521613,2.7146974063400573
16,1642259,Alexandre Sarr,1610612764,WAS,19.0,6,25.1,10.67,8.33,2.33,2.0,0.0,2.67,5.83,0.0,0.17,0.17,0.0,1.0,0.0,0.5,0.5,0.5,0.5,0.0,1.0,1.0,1.0,1610612764,Wizards,2,4,6,1.0,0.4048991354466859,0.9971181556195965,0.7262247838616714,0.6772334293948127,0.5014409221902018,3.3069164265129682
17,1630578,Alperen Sengun,1610612745,HOU,22.0,6,28.2,7.5,6.5,1.0,2.5,0.17,4.5,11.83,0.5,0.17,0.67,0.75,0.25,0.83,2.83,3.67,3.5,2.33,0.227,0.773,0.955,0.636,1610612745,Rockets,3,3,6,1.0,0.8559077809798271,0.8876080691642652,0.7997118155619597,0.9855907780979827,0.4654178674351585,3.994236311239193
18,1641708,Amen Thompson,1610612745,HOU,21.0,6,22.7,3.67,3.17,0.5,1.83,0.0,0.83,2.17,0.33,0.5,0.83,0.4,0.6,0.0,0.0,0.0,0.0,0.0,0.0,0.0,0.0,0.0,1610612745,Rockets,3,3,6,1.0,0.4048991354466859,0.6340057636887608,0.7319884726224783,0.1585014409221902,0.9077809798270894,2.8371757925072045
19,1629599,Amir Coffey,1610612746,LAC,27.0,6,21.1,2.5,1.17,1.33,0.83,0.0,0.67,1.5,0.0,0.17,0.17,0.0,1.0,0.0,0.0,0.0,0.0,0.0,0.0,0.0,0.0,0.0,1610612746,Clippers,2,4,6,1.0,0.4048991354466859,0.4092219020172911,0.2737752161383285,0.1585014409221902,0.547550432276657,1.7939481268011526
20,203083,Andre Drummond,1610612755,PHI,31.0,5,28.4,7.4,4.6,2.8,2.4,0.0,3.0,6.8,0.0,0.2,0.2,0.0,1.0,0.8,1.2,2.0,2.0,1.4,0.4,0.6,1.0,0.7,1610612755,76ers,1,4,5,1.0,0.4048991354466859,0.8818443804034583,0.7579250720461095,0.8847262247838616,0.5072046109510087,3.436599423631124
21,1641748,Andre Jackson Jr.,1610612749,MIL,22.0,6,12.0,1.33,1.0,0.33,1.33,0.0,0.5,1.17,0.33,0.17,0.5,0.667,0.333,0.0,0.0,0.0,0.0,0.0,0.0,0.0,0.0,0.0,1610612749,Bucks,1,6,7,0.8571428571428571,0.4048991354466859,0.37752161383285304,0.8789625360230547,0.1585014409221902,0.7723342939481268,2.5922190201729105
22,1629614,Andrew Nembhard,1610612754,IND,24.0,5,25.3,2.0,1.4,0.6,1.4,0.4,0.0,0.0,0.2,0.0,0.2,1.0,0.0,0.0,0.0,0.0,0.0,0.0,0.0,0.0,0.0,0.0,1610612754,Pacers,2,4,6,0.8333333333333334,0.9596541786743515,0.14985590778097982,0.45821325648414984,0.1585014409221902,0.18011527377521613,1.9063400576368874
23,203952,Andrew Wiggins,1610612744,GSW,29.0,5,25.0,4.8,2.4,2.4,1.2,0.0,0.0,0.0,0.4,0.2,0.6,0.667,0.333,0.2,0.2,0.6,0.4,0.2,0.333,0.333,1.0,0.5,1610612744,Warriors,6,1,7,0.7142857142857143,0.4048991354466859,0.723342939481268,0.3688760806916426,0.4322766570605187,0.5417867435158501,2.4711815561959654
24,1629014,Anfernee Simons,1610612757,POR,25.0,7,34.1,3.14,1.14,2.0,1.14,0.0,0.0,0.0,0.14,0.29,0.43,0.333,0.667,0.0,0.14,0.14,0.14,0.0,0.0,1.0,1.0,0.0,1610612757,Trail Blazers,2,5,7,1.0,0.4048991354466859,0.2564841498559078,0.1988472622478386,0.3256484149855908,0.5619596541786743,1.7478386167146973
25,1641710,Anthony Black,1610612753,ORL,20.0,7,25.2,4.29,2.14,2.14,1.29,0.0,0.0,0.0,0.14,0.29,0.43,0.333,0.667,0.0,0.29,0.29,0.29,0.14,0.0,1.0,1.0,0.5,1610612753,Magic,3,4,7,1.0,0.4048991354466859,0.6657060518731989,0.40057636887608067,0.5331412103746398,0.6743515850144092,2.6786743515850144
26,203076,Anthony Davis,1610612747,LAL,31.0,7,36.3,8.43,5.0,3.43,3.0,0.0,3.43,7.86,0.57,0.29,0.86,0.667,0.333,0.29,1.0,1.29,1.29,1.0,0.222,0.778,1.0,0.778,1610612747,Lakers,4,3,7,1.0,0.4048991354466859,0.8270893371757925,0.7377521613832853,0.7780979827089337,0.5389048991354467,3.286743515850144
27,1630162,Anthony Edwards,1610612750,MIN,23.0,6,38.4,3.67,1.67,2.0,1.83,0.0,0.17,0.33,0.0,0.17,0.17,0.0,1.0,0.0,0.0,0.0,0.0,0.0,0.0,0.0,0.0,0.0,1610612750,Timberwolves,3,3,6,1.0,0.4048991354466859,0.2824207492795389,0.3631123919308357,0.1585014409221902,0.37752161383285304,1.5864553314121037
28,1630264,Anthony Gill,1610612764,WAS,32.0,4,2.3,0.5,0.25,0.25,0.0,0.0,0.0,0.0,0.0,0.0,0.0,0.0,0.0,0.0,0.0,0.0,0.0,0.0,0.0,0.0,0.0,0.0,1610612764,Wizards,2,4,6,0.6666666666666666,0.4048991354466859,0.8069164265129684,0.023054755043227664,0.1585014409221902,0.18011527377521613,1.5734870317002883
30,1630574,Ariel Hukporti,1610612752,NYK,22.0,4,7.2,2.75,2.5,0.25,1.0,0.0,2.0,4.0,0.5,0.25,0.75,0.667,0.333,0.0,0.75,0.75,0.75,0.25,0.0,1.0,1.0,0.333,1610612752,Knicks,3,2,5,0.8,0.4048991354466859,0.9769452449567724,0.9582132564841499,0.9884726224783862,0.9769452449567724,4.305475504322766
31,1630559,Austin Reaves,1610612747,LAL,26.0,7,35.1,5.0,2.86,2.14,2.29,0.29,1.0,2.43,0.29,0.14,0.43,0.667,0.333,0.0,0.14,0.14,0.14,0.0,0.0,1.0,1.0,0.0,1610612747,Lakers,4,3,7,1.0,0.8904899135446686,0.5302593659942363,0.5878962536023055,0.31988472622478387,0.3631123919308357,2.69164265129683
32,1630245,Ayo Dosunmu,1610612741,CHI,24.0,6,26.7,3.33,2.33,1.0,0.33,0.0,0.0,0.0,0.17,1.0,1.17,0.143,0.857,0.0,0.0,0.0,0.0,0.0,0.0,0.0,0.0,0.0,1610612741,Bulls,3,3,6,1.0,0.4048991354466859,0.43804034582132567,0.05187319884726225,0.1585014409221902,0.9827089337175793,2.0360230547550433
33,1628389,Bam Adebayo,1610612748,MIA,27.0,5,31.4,5.4,4.4,1.0,2.8,0.0,2.6,6.8,0.4,0.4,0.8,0.5,0.5,0.4,2.2,2.6,2.6,0.6,0.154,0.846,1.0,0.231,1610612748,Heat,3,2,5,1.0,0.4048991354466859,0.6714697406340058,0.8040345821325648,0.9711815561959655,0.7146974063400576,3.5662824207492796
35,1641767,Ben Sheppard,1610612754,IND,23.0,6,18.2,1.67,0.83,0.83,0.33,0.0,0.0,0.0,0.17,0.33,0.5,0.333,0.667,0.0,0.0,0.0,0.0,0.0,0.0,0.0,0.0,0.0,1610612754,Pacers,2,4,6,1.0,0.4048991354466859,0.25360230547550433,0.08645533141210375,0.1585014409221902,0.8587896253602305,1.7622478386167146
36,1627732,Ben Simmons,1610612751,BKN,28.0,6,24.4,3.67,2.5,1.17,2.33,0.17,2.5,5.67,0.67,0.0,0.67,1.0,0.0,0.0,1.0,1.0,1.0,0.17,0.0,1.0,1.0,0.167,1610612751,Nets,3,4,7,0.8571428571428571,0.8731988472622478,0.5734870317002881,0.8213256484149856,0.8760806916426513,0.18011527377521613,3.3242074927953893
37,1631097,Bennedict Mathurin,1610612754,IND,22.0,6,26.8,2.33,0.67,1.67,1.0,0.17,0.0,0.0,0.33,0.17,0.5,0.667,0.333,0.0,0.67,0.67,0.67,0.33,0.0,1.0,1.0,0.5,1610612754,Pacers,2,4,6,1.0,0.8645533141210374,0.21613832853025935,0.23919308357348704,0.7579250720461095,0.48703170028818443,2.5648414985590775
38,1641731,Bilal Coulibaly,1610612764,WAS,20.0,6,34.8,4.5,2.83,1.67,2.17,0.0,0.33,0.5,0.5,0.33,0.83,0.6,0.4,0.0,0.17,0.17,0.17,0.17,0.0,1.0,1.0,1.0,1610612764,Wizards,2,4,6,1.0,0.4048991354466859,0.46829971181556196,0.5389048991354467,0.3515850144092219,0.6051873198847262,2.3688760806916425
39,1631104,Blake Wesley,1610612759,SAS,21.0,6,7.8,0.83,0.17,0.67,0.17,0.0,0.17,0.33,0.17,0.0,0.17,1.0,0.0,0.0,0.17,0.17,0.17,0.0,0.0,1.0,1.0,0.0,1610612759,Spurs,3,3,6,1.0,0.4048991354466859,0.3400576368876081,0.10662824207492795,0.7175792507204611,0.18011527377521613,1.7492795389048992
40,1626171,Bobby Portis,1610612749,MIL,29.0,7,26.3,6.71,3.86,2.86,1.71,0.0,1.0,2.57,0.0,0.29,0.29,0.0,1.0,0.29,0.43,0.71,0.71,0.57,0.4,0.6,1.0,0.8,1610612749,Bucks,1,6,7,1.0,0.4048991354466859,0.8645533141210374,0.5850144092219021,0.6109510086455331,0.6484149855907781,3.1138328530259365
43,203078,Bradley Beal,1610612756,PHX,31.0,4,35.8,7.25,3.5,3.75,2.75,0.0,0.75,1.5,0.0,0.0,0.0,0.0,0.0,0.0,0.0,0.0,0.0,0.0,0.0,0.0,0.0,0.0,1610612756,Suns,5,1,6,0.6666666666666666,0.4048991354466859,0.7636887608069164,0.7031700288184438,0.1585014409221902,0.18011527377521613,2.2103746397694524
44,1641764,Brandin Podziemski,1610612744,GSW,21.0,7,28.1,1.86,0.71,1.14,2.43,0.57,1.0,2.14,0.29,0.29,0.57,0.5,0.5,0.0,0.29,0.29,0.29,0.14,0.0,1.0,1.0,0.5,1610612744,Warriors,6,1,7,1.0,0.9827089337175793,0.09221902017291066,0.7723342939481268,0.5043227665706052,0.6311239193083573,2.9827089337175794
45,1630527,Brandon Boston Jr.,1610612740,NOP,22.0,4,16.5,1.5,0.5,1.0,1.5,0.0,0.25,0.75,0.25,0.0,0.25,1.0,0.0,0.0,0.0,0.0,0.0,0.0,0.0,0.0,0.0,0.0,1610612740,Pelicans,3,4,7,0.5714285714285714,0.4048991354466859,0.2478386167146974,0.8141210374639769,0.1585014409221902,0.18011527377521613,1.8054755043227666
46,1629634,Brandon Clarke,1610612763,MEM,28.0,8,14.0,2.0,1.25,0.75,0.88,0.0,0.38,0.88,0.0,0.13,0.13,0.0,1.0,0.13,0.25,0.38,0.38,0.25,0.333,0.667,1.0,0.667,1610612763,Grizzlies,4,3,7,1.1428571428571428,0.4048991354466859,0.5331412103746398,0.5446685878962536,0.6397694524495677,0.6023054755043228,2.72478386167147
47,1627742,Brandon Ingram,1610612740,NOP,27.0,7,32.4,3.57,2.14,1.43,1.14,0.0,0.29,0.57,0.14,0.14,0.29,0.5,0.5,0.0,0.29,0.29,0.29,0.14,0.0,1.0,1.0,0.5,1610612740,Pelicans,3,4,7,1.0,0.4048991354466859,0.3746397694524496,0.20461095100864554,0.45821325648414984,0.3746397694524496,1.8170028818443806
50,1641729,Brice Sensabaugh,1610612762,UTA,21.0,6,14.8,0.67,0.67,0.0,1.0,0.0,0.17,0.5,0.33,0.17,0.5,0.667,0.333,0.0,0.0,0.0,0.0,0.0,0.0,0.0,0.0,0.0,1610612762,Jazz,0,6,6,1.0,0.4048991354466859,0.03170028818443804,0.6095100864553314,0.1585014409221902,0.6714697406340058,1.8760806916426511
52,201572,Brook Lopez,1610612749,MIL,36.0,7,31.4,12.71,11.14,1.57,1.14,0.0,2.71,6.71,0.0,0.43,0.43,0.0,1.0,0.43,1.43,2.14,1.86,1.29,0.2,0.667,1.0,0.692,1610612749,Bucks,1,6,7,1.0,0.4048991354466859,0.9913544668587896,0.22478386167146974,0.9193083573487032,0.7521613832853026,3.292507204610951
53,1628981,Bruno Fernando,1610612761,TOR,26.0,4,9.6,2.25,1.75,0.5,0.75,0.0,1.0,2.25,0.0,0.0,0.0,0.0,0.0,0.5,0.5,1.0,1.0,0.25,0.5,0.5,1.0,0.25,1610612761,Raptors,2,5,7,0.5714285714285714,0.4048991354466859,0.829971181556196,0.7161383285302594,0.9365994236311239,0.18011527377521613,3.0677233429394812
54,1627741,Buddy Hield,1610612744,GSW,31.0,7,25.7,3.71,2.71,1.0,2.14,0.0,0.43,0.57,0.29,0.29,0.57,0.5,0.5,0.0,0.0,0.0,0.0,0.0,0.0,0.0,0.0,0.0,1610612744,Warriors,6,1,7,1.0,0.4048991354466859,0.5417867435158501,0.7435158501440923,0.1585014409221902,0.6657060518731989,2.5144092219020173
55,203468,CJ McCollum,1610612740,NOP,33.0,4,34.2,5.25,2.5,2.75,2.5,0.0,0.25,0.5,0.25,0.5,0.75,0.333,0.667,0.0,0.0,0.0,0.0,0.0,0.0,0.0,0.0,0.0,1610612740,Pelicans,3,4,7,0.5714285714285714,0.4048991354466859,0.5878962536023055,0.6858789625360231,0.1585014409221902,0.7809798270893372,2.618155619596542
56,1630595,Cade Cunningham,1610612765,DET,23.0,8,35.8,4.75,2.88,1.88,2.5,0.0,0.5,1.25,0.38,0.38,0.75,0.5,0.5,0.0,0.38,0.38,0.25,0.13,0.0,1.0,0.667,0.333,1610612765,Pistons,3,5,8,1.0,0.4048991354466859,0.4783861671469741,0.6397694524495677,0.5072046109510087,0.6368876080691642,2.6671469740634004
57,1631216,Caleb Houstan,1610612753,ORL,21.0,4,5.3,0.75,0.25,0.5,0.0,0.0,0.0,0.0,0.0,0.0,0.0,0.0,0.0,0.0,0.0,0.0,0.0,0.0,0.0,0.0,0.0,0.0,1610612753,Magic,3,4,7,0.5714285714285714,0.4048991354466859,0.5244956772334294,0.023054755043227664,0.1585014409221902,0.18011527377521613,1.2910662824207493
58,1628997,Caleb Martin,1610612755,PHI,29.0,5,33.7,2.8,1.8,1.0,1.0,0.0,0.2,0.4,0.4,0.6,1.0,0.4,0.6,0.0,0.6,0.6,0.6,0.2,0.0,1.0,1.0,0.333,1610612755,76ers,1,4,5,1.0,0.4048991354466859,0.1786743515850144,0.1642651296829971,0.6340057636887608,0.8414985590778098,2.223342939481268
60,1630560,Cam Thomas,1610612751,BKN,23.0,8,34.0,3.5,1.75,1.75,1.13,0.0,0.25,0.63,0.5,0.38,0.88,0.571,0.429,0.0,0.13,0.13,0.13,0.0,0.0,1.0,1.0,0.0,1610612751,Nets,3,4,7,1.1428571428571428,0.4048991354466859,0.30835734870317005,0.19596541786743515,0.3170028818443804,0.6570605187319885,1.8832853025936598
61,1641715,Cam Whitmore,1610612745,HOU,20.0,6,11.1,0.67,0.33,0.33,0.67,0.0,0.17,0.33,0.17,0.0,0.17,1.0,0.0,0.17,0.0,0.17,0.17,0.17,1.0,0.0,1.0,1.0,1610612745,Rockets,3,3,6,1.0,0.4048991354466859,0.07780979827089338,0.5187319884726225,0.1585014409221902,0.18011527377521613,1.3400576368876078
62,1629661,Cameron Johnson,1610612751,BKN,28.0,8,33.6,3.5,2.0,1.5,1.38,0.13,0.5,0.75,0.25,0.0,0.25,1.0,0.0,0.0,0.25,0.25,0.25,0.13,0.0,1.0,1.0,0.5,1610612751,Nets,3,4,7,1.1428571428571428,0.8155619596541787,0.31412103746397696,0.28530259365994237,0.4092219020172911,0.18011527377521613,2.0043227665706054
63,1626166,Cameron Payne,1610612752,NYK,30.0,5,15.4,1.4,0.4,1.0,2.6,0.0,0.2,0.6,0.0,0.2,0.2,0.0,1.0,0.0,0.0,0.0,0.0,0.0,0.0,0.0,0.0,0.0,1610612752,Knicks,3,2,5,1.0,0.4048991354466859,0.24495677233429394,0.9884726224783862,0.1585014409221902,0.7406340057636888,2.537463976945245
64,1627747,Caris LeVert,1610612739,CLE,30.0,6,21.6,2.33,1.5,0.83,1.83,0.0,0.0,0.0,0.0,0.17,0.17,0.0,1.0,0.0,0.0,0.0,0.0,0.0,0.0,0.0,0.0,0.0,1610612739,Cavaliers,8,0,8,0.75,0.4048991354466859,0.3631123919308357,0.7636887608069164,0.1585014409221902,0.5360230547550432,2.2262247838616713
65,1642267,Carlton Carrington,1610612764,WAS,19.0,6,29.2,3.67,2.17,1.5,1.33,0.0,0.17,0.33,0.5,0.17,0.67,0.75,0.25,0.0,0.67,0.83,0.67,0.33,0.0,0.8,1.0,0.5,1610612764,Wizards,2,4,6,1.0,0.4048991354466859,0.44668587896253603,0.345821325648415,0.7406340057636888,0.4495677233429395,2.387608069164265
66,1641717,Cason Wallace,1610612760,OKC,20.0,6,25.4,3.83,0.83,3.0,3.67,0.0,0.0,0.0,0.5,0.17,0.67,0.75,0.25,0.0,0.0,0.0,0.0,0.0,0.0,0.0,0.0,0.0,1610612760,Thunder,6,0,6,1.0,0.4048991354466859,0.5763688760806917,0.968299711815562,0.1585014409221902,0.49855907780979825,2.606628242074928
67,1629646,Charles Bassey,1610612759,SAS,24.0,3,2.6,0.33,0.33,0.0,0.33,0.0,0.33,1.0,0.0,0.0,0.0,0.0,0.0,0.0,0.0,0.0,0.0,0.0,0.0,0.0,0.0,0.0,1610612759,Spurs,3,3,6,0.5,0.4048991354466859,0.45244956772334294,0.9481268011527377,0.1585014409221902,0.18011527377521613,2.1440922190201728
68,1631096,Chet Holmgren,1610612760,OKC,22.0,6,28.9,11.5,9.33,2.17,1.17,0.0,2.33,5.17,0.0,0.17,0.17,0.0,1.0,0.17,1.33,1.5,1.33,0.67,0.111,0.889,0.889,0.444,1610612760,Thunder,6,0,6,1.0,0.4048991354466859,0.9855907780979827,0.27953890489913547,0.9221902017291066,0.45677233429394815,3.0489913544668585
69,1628449,Chris Boucher,1610612761,TOR,31.0,7,17.8,3.14,2.0,1.14,1.14,0.0,0.0,0.0,0.0,0.14,0.14,0.0,1.0,0.14,0.29,0.43,0.43,0.29,0.333,0.667,1.0,0.667,1610612761,Raptors,2,5,7,1.0,0.4048991354466859,0.6945244956772334,0.569164265129683,0.6023054755043228,0.5331412103746398,2.804034582132565
71,101108,Chris Paul,1610612759,SAS,39.0,6,29.2,1.67,0.33,1.33,2.33,0.0,0.17,0.33,0.5,0.83,1.33,0.375,0.625,0.0,0.5,0.5,0.5,0.17,0.0,1.0,1.0,0.333,1610612759,Spurs,3,3,6,1.0,0.4048991354466859,0.05763688760806916,0.729106628242075,0.6253602305475504,0.9538904899135446,2.7708933717579254
72,1631128,Christian Braun,1610612743,DEN,23.0,6,35.1,6.83,4.33,2.5,1.0,0.17,0.0,0.0,0.0,0.17,0.17,0.0,1.0,0.17,0.0,0.17,0.17,0.17,1.0,0.0,1.0,1.0,1610612743,Nuggets,3,3,6,1.0,0.8414985590778098,0.7406340057636888,0.15561959654178675,0.1585014409221902,0.3976945244956772,2.2939481268011526
73,203991,Clint Capela,1610612737,ATL,30.0,8,22.2,5.5,4.0,1.5,0.63,0.38,1.88,4.5,0.38,0.13,0.5,0.75,0.25,0.25,0.88,1.13,1.0,0.5,0.222,0.778,0.889,0.444,1610612737,Hawks,3,5,8,1.0,0.9711815561959655,0.8501440922190202,0.15273775216138327,0.8645533141210374,0.45244956772334294,3.2910662824207493
74,1629632,Coby White,1610612741,CHI,24.0,6,33.8,4.17,2.33,1.83,1.5,0.0,0.0,0.0,0.17,0.17,0.33,0.5,0.5,0.0,0.0,0.0,0.0,0.0,0.0,0.0,0.0,0.0,1610612741,Bulls,3,3,6,1.0,0.4048991354466859,0.42939481268011526,0.3314121037463977,0.1585014409221902,0.4250720461095101,1.749279538904899
75,1628998,Cody Martin,1610612766,CHA,29.0,6,24.0,1.83,0.67,1.17,2.83,0.0,0.33,0.83,0.5,0.17,0.67,0.75,0.25,0.33,0.33,0.67,0.67,0.33,0.5,0.5,1.0,0.5,1610612766,Hornets,2,4,6,1.0,0.4048991354466859,0.13256484149855907,0.9164265129682997,0.5734870317002881,0.5100864553314121,2.537463976945245
76,1642262,Cody Williams,1610612762,UTA,19.0,6,22.3,4.17,2.33,1.83,0.83,0.0,0.33,1.0,0.33,0.0,0.33,1.0,0.0,0.0,0.17,0.17,0.17,0.0,0.0,1.0,1.0,0.0,1610612762,Jazz,0,6,6,1.0,0.4048991354466859,0.7175792507204611,0.23631123919308358,0.41786743515850144,0.18011527377521613,1.956772334293948
77,1641732,Colby Jones,1610612758,SAC,22.0,3,2.2,0.33,0.33,0.0,0.0,0.0,0.0,0.0,0.0,0.0,0.0,0.0,0.0,0.0,0.0,0.0,0.0,0.0,0.0,0.0,0.0,0.0,1610612758,Kings,3,3,6,0.5,0.4048991354466859,0.5648414985590778,0.023054755043227664,0.1585014409221902,0.18011527377521613,1.3314121037463975
78,1630175,Cole Anthony,1610612753,ORL,24.0,6,13.1,1.5,1.17,0.33,1.33,0.17,0.17,0.33,0.0,0.33,0.33,0.0,1.0,0.0,0.0,0.0,0.0,0.0,0.0,0.0,0.0,0.0,1610612753,Magic,3,4,7,0.8571428571428571,0.9423631123919308,0.3919308357348703,0.8443804034582133,0.1585014409221902,0.930835734870317,3.2680115273775217
81,1629012,Collin Sexton,1610612762,UTA,25.0,6,23.6,1.0,0.83,0.17,1.5,0.0,0.17,0.33,0.17,0.17,0.33,0.5,0.5,0.0,0.0,0.0,0.0,0.0,0.0,0.0,0.0,0.0,1610612762,Jazz,0,6,6,1.0,0.4048991354466859,0.023054755043227664,0.5590778097982709,0.1585014409221902,0.5129682997118156,1.6585014409221905
82,1630557,Corey Kispert,1610612764,WAS,25.0,6,30.3,2.5,1.17,1.33,0.83,0.0,1.0,2.17,0.33,0.0,0.33,1.0,0.0,0.0,0.33,0.5,0.33,0.17,0.0,0.667,1.0,0.5,1610612764,Wizards,2,4,6,1.0,0.4048991354466859,0.17579250720461095,0.14121037463976946,0.515850144092219,0.18011527377521613,1.4178674351585014
83,202709,Cory Joseph,1610612753,ORL,33.0,4,4.9,1.0,0.25,0.75,0.25,0.0,0.25,0.75,0.0,0.0,0.0,0.0,0.0,0.0,0.25,0.25,0.25,0.0,0.0,1.0,1.0,0.0,1610612753,Magic,3,4,7,0.5714285714285714,0.4048991354466859,0.7665706051873199,0.3962536023054755,0.9337175792507204,0.18011527377521613,2.6815561959654177
84,1641854,Craig Porter Jr.,1610612739,CLE,24.0,5,4.8,0.8,0.6,0.2,0.2,0.0,0.2,0.4,0.0,0.0,0.0,0.0,0.0,0.0,0.0,0.0,0.0,0.0,0.0,0.0,0.0,0.0,1610612739,Cavaliers,8,0,8,0.625,0.4048991354466859,0.6570605187319885,0.2968299711815562,0.1585014409221902,0.18011527377521613,1.6974063400576367
86,1626156,D'Angelo Russell,1610612747,LAL,28.0,7,31.3,3.29,1.43,1.86,1.71,0.0,0.43,0.86,0.14,0.43,0.57,0.25,0.75,0.0,0.29,0.29,0.29,0.0,0.0,1.0,1.0,0.0,1610612747,Lakers,4,3,7,1.0,0.4048991354466859,0.3227665706051873,0.4438040345821326,0.4697406340057637,0.7579250720461095,2.3991354466858787
87,1630618,D.J. Carton,1610612761,TOR,24.0,4,8.3,0.0,0.0,0.0,1.0,0.0,0.0,0.0,0.0,0.0,0.0,0.0,0.0,0.0,0.0,0.0,0.0,0.0,0.0,0.0,0.0,0.0,1610612761,Raptors,2,5,7,0.5714285714285714,0.4048991354466859,0.008645533141210375,0.930835734870317,0.1585014409221902,0.18011527377521613,1.6829971181556194
88,1630625,Dalano Banton,1610612757,POR,24.0,5,6.8,1.2,0.6,0.6,0.4,0.0,0.0,0.0,0.0,0.2,0.2,0.0,1.0,0.0,0.0,0.0,0.0,0.0,0.0,0.0,0.0,0.0,1610612757,Trail Blazers,2,5,7,0.7142857142857143,0.4048991354466859,0.6974063400576369,0.49135446685878964,0.1585014409221902,0.9567723342939481,2.7089337175792507
89,1631207,Dalen Terry,1610612741,CHI,22.0,6,9.3,2.5,1.33,1.17,0.67,0.0,0.0,0.0,0.17,0.0,0.17,1.0,0.0,0.0,0.0,0.0,0.0,0.0,0.0,0.0,0.0,0.0,1610612741,Bulls,3,3,6,1.0,0.4048991354466859,0.8962536023054755,0.6714697406340058,0.1585014409221902,0.18011527377521613,2.311239193083573
90,1642261,Dalton Knecht,1610612747,LAL,23.0,7,15.8,2.29,0.57,1.71,0.29,0.0,0.0,0.0,0.0,0.14,0.14,0.0,1.0,0.0,0.14,0.14,0.14,0.14,0.0,1.0,1.0,1.0,1610612747,Lakers,4,3,7,1.0,0.4048991354466859,0.5446685878962536,0.0893371757925072,0.4553314121037464,0.5821325648414986,2.0763688760806915
91,203081,Damian Lillard,1610612749,MIL,34.0,7,35.8,2.14,0.29,1.86,2.14,0.0,0.14,0.29,0.29,0.43,0.71,0.4,0.6,0.0,0.29,0.29,0.29,0.14,0.0,1.0,1.0,0.5,1610612749,Bucks,1,6,7,1.0,0.4048991354466859,0.07204610951008646,0.5014409221902018,0.43804034582132567,0.69164265129683,2.10806916426513
93,1629655,Daniel Gafford,1610612742,DAL,26.0,6,18.8,4.83,3.17,1.67,2.17,0.17,4.17,9.83,0.0,0.0,0.0,0.0,0.0,0.5,0.83,1.33,1.17,1.0,0.375,0.625,0.875,0.75,1610612742,Mavericks,4,2,6,1.0,0.9106628242074928,0.8703170028818443,0.9020172910662824,0.9048991354466859,0.18011527377521613,3.768011527377521
94,1628464,Daniel Theis,1610612740,NOP,32.0,7,15.8,2.86,2.43,0.43,1.29,0.14,2.29,5.29,0.43,0.0,0.43,1.0,0.0,0.29,0.43,0.71,0.57,0.57,0.4,0.6,0.8,0.8,1610612740,Pelicans,3,4,7,1.0,0.9020172910662824,0.7060518731988472,0.7348703170028819,0.7737752161383286,0.18011527377521613,3.2968299711815563
96,203967,Dario Šarić,1610612743,DEN,30.0,5,8.8,2.2,1.6,0.6,0.6,0.0,0.6,1.4,0.4,0.4,0.8,0.5,0.5,0.2,0.4,0.6,0.6,0.4,0.333,0.667,1.0,0.667,1610612743,Nuggets,3,3,6,0.8333333333333334,0.4048991354466859,0.8602305475504323,0.622478386167147,0.9164265129682997,0.9942363112391931,3.798270893371758
98,1629636,Darius Garland,1610612739,CLE,24.0,8,28.9,2.75,1.13,1.63,1.38,0.0,0.38,0.88,0.25,0.13,0.38,0.667,0.333,0.0,0.0,0.0,0.0,0.0,0.0,0.0,0.0,0.0,1610612739,Cavaliers,8,0,8,1.0,0.4048991354466859,0.27953890489913547,0.3659942363112392,0.1585014409221902,0.3861671469740634,1.5951008645533142
99,1631223,David Roddy,1610612737,ATL,23.0,6,25.5,4.0,2.17,1.83,0.83,0.0,0.5,1.5,0.33,0.5,0.83,0.4,0.6,0.0,0.17,0.17,0.17,0.0,0.0,1.0,1.0,0.0,1610612737,Hawks,3,5,8,0.75,0.4048991354466859,0.6080691642651297,0.1844380403458213,0.40057636887608067,0.8789625360230547,2.4769452449567724
100,1630558,Davion Mitchell,1610612761,TOR,26.0,7,29.2,2.43,1.29,1.14,1.86,0.43,0.71,1.57,0.0,0.0,0.0,0.0,0.0,0.0,0.29,0.29,0.29,0.0,0.0,1.0,1.0,0.0,1610612761,Raptors,2,5,7,1.0,0.9510086455331412,0.18155619596541786,0.5648414985590778,0.4899135446685879,0.18011527377521613,2.3674351585014413
101,1628368,De'Aaron Fox,1610612758,SAC,26.0,6,37.5,4.17,1.33,2.83,3.83,0.0,0.5,1.17,0.33,0.33,0.67,0.5,0.5,0.0,0.0,0.0,0.0,0.0,0.0,0.0,0.0,0.0,1610612758,Kings,3,3,6,1.0,0.4048991354466859,0.38328530259365995,0.8472622478386167,0.1585014409221902,0.5763688760806917,2.370317002881844
105,201942,DeMar DeRozan,1610612758,SAC,35.0,6,38.2,3.33,1.67,1.67,3.33,0.17,0.67,1.67,0.0,0.33,0.33,0.0,1.0,0.0,0.17,0.17,0.17,0.0,0.0,1.0,1.0,0.0,1610612758,Kings,3,3,6,1.0,0.829971181556196,0.21902017291066284,0.7838616714697406,0.33429394812680113,0.5677233429394812,2.7348703170028816
106,1629731,Dean Wade,1610612739,CLE,27.0,7,23.9,4.71,3.43,1.29,2.57,0.0,0.86,2.29,0.29,0.43,0.71,0.4,0.6,0.0,0.57,0.57,0.57,0.0,0.0,1.0,1.0,0.0,1610612739,Cavaliers,8,0,8,0.875,0.4048991354466859,0.7463976945244957,0.8731988472622478,0.7521613832853026,0.8501440922190202,3.626801152737752
107,1629028,Deandre Ayton,1610612757,POR,26.0,7,31.6,5.0,4.14,0.86,1.14,0.0,2.86,7.0,0.29,0.0,0.29,1.0,0.0,0.14,0.86,1.0,1.0,0.43,0.143,0.857,1.0,0.429,1610612757,Trail Blazers,2,5,7,1.0,0.4048991354466859,0.6167146974063401,0.21902017291066284,0.7737752161383286,0.18011527377521613,2.1945244956772334
109,1626153,Delon Wright,1610612749,MIL,32.0,7,13.1,1.29,1.0,0.29,1.57,0.0,0.0,0.0,0.0,0.29,0.29,0.0,1.0,0.0,0.0,0.0,0.0,0.0,0.0,0.0,0.0,0.0,1610612749,Bucks,1,6,7,1.0,0.4048991354466859,0.2968299711815562,0.9279538904899135,0.1585014409221902,0.9106628242074928,2.6988472622478383
110,1630166,Deni Avdija,1610612757,POR,23.0,7,28.2,4.86,3.14,1.71,1.86,0.0,0.29,0.57,0.14,0.14,0.29,0.5,0.5,0.0,0.0,0.0,0.0,0.0,0.0,0.0,0.0,0.0,1610612757,Trail Blazers,2,5,7,1.0,0.4048991354466859,0.6743515850144092,0.5979827089337176,0.1585014409221902,0.4164265129682997,2.2521613832853027
111,203471,Dennis Schröder,1610612751,BKN,31.0,8,34.7,2.25,0.88,1.38,1.13,0.13,0.38,1.0,0.5,0.63,1.13,0.444,0.556,0.0,0.63,0.63,0.63,0.25,0.0,1.0,1.0,0.4,1610612751,Nets,3,4,7,1.1428571428571428,0.8126801152737753,0.08645533141210375,0.1873198847262248,0.6455331412103746,0.861671469740634,2.5936599423631126
112,1641726,Dereck Lively II,1610612742,DAL,20.0,6,22.9,7.83,6.0,1.83,1.5,0.0,3.83,8.83,0.33,0.0,0.33,1.0,0.0,1.17,0.83,2.0,2.0,1.5,0.583,0.417,1.0,0.75,1610612742,Mavericks,4,2,6,1.0,0.4048991354466859,0.9596541786743515,0.590778097982709,0.8386167146974063,0.18011527377521613,2.9740634005763686
113,1627884,Derrick Jones Jr.,1610612746,LAC,27.0,6,28.4,2.67,2.0,0.67,3.33,0.0,0.67,1.67,0.83,0.17,1.0,0.833,0.167,0.0,0.33,0.33,0.33,0.0,0.0,1.0,1.0,0.0,1610612746,Clippers,2,4,6,1.0,0.4048991354466859,0.26512968299711814,0.9135446685878963,0.5360230547550432,0.4610951008645533,2.580691642651297
114,1628401,Derrick White,1610612738,BOS,30.0,8,33.0,5.5,3.25,2.25,2.13,0.13,0.63,1.63,0.5,0.25,0.75,0.667,0.333,0.0,0.0,0.0,0.0,0.0,0.0,0.0,0.0,0.0,1610612738,Celtics,7,1,8,1.0,0.8184438040345822,0.654178674351585,0.579250720461095,0.1585014409221902,0.5273775216138329,2.7377521613832854
115,1630217,Desmond Bane,1610612763,MEM,26.0,5,26.5,3.6,1.4,2.2,2.6,0.0,0.0,0.0,0.4,0.4,0.8,0.5,0.5,0.0,0.0,0.0,0.0,0.0,0.0,0.0,0.0,0.0,1610612763,Grizzlies,4,3,7,0.7142857142857143,0.4048991354466859,0.5072046109510087,0.8328530259365994,0.1585014409221902,0.7838616714697406,2.6873198847262247
116,1626164,Devin Booker,1610612756,PHX,28.0,6,36.3,2.5,1.33,1.17,1.33,0.0,0.33,0.67,0.33,0.5,0.83,0.4,0.6,0.0,0.0,0.0,0.0,0.0,0.0,0.0,0.0,0.0,1610612756,Suns,5,1,6,1.0,0.4048991354466859,0.09798270893371758,0.2276657060518732,0.1585014409221902,0.760806916426513,1.6498559077809798
117,1628415,Dillon Brooks,1610612745,HOU,28.0,6,33.8,3.5,3.17,0.33,1.83,0.0,0.67,1.67,0.17,0.17,0.33,0.5,0.5,0.0,0.17,0.17,0.17,0.17,0.0,1.0,1.0,1.0,1610612745,Rockets,3,3,6,1.0,0.4048991354466859,0.3112391930835735,0.4409221902017291,0.3659942363112392,0.4250720461095101,1.9481268011527377
118,1641794,Dillon Jones,1610612760,OKC,23.0,6,4.2,0.33,0.17,0.17,0.5,0.0,0.0,0.0,0.0,0.0,0.0,0.0,0.0,0.0,0.17,0.17,0.17,0.17,0.0,1.0,1.0,1.0,1610612760,Thunder,6,0,6,1.0,0.4048991354466859,0.14697406340057637,0.9250720461095101,0.8731988472622478,0.18011527377521613,2.5302593659942363
119,1627734,Domantas Sabonis,1610612758,SAC,28.0,6,36.8,7.33,6.17,1.17,2.17,0.0,5.0,11.33,0.67,0.5,1.17,0.571,0.429,0.83,2.0,2.83,2.67,1.5,0.294,0.706,0.941,0.529,1610612758,Kings,3,3,6,1.0,0.4048991354466859,0.7521613832853026,0.4956772334293948,0.9510086455331412,0.7492795389048992,3.3530259365994235
121,1642270,Donovan Clingan,1610612757,POR,20.0,7,12.8,4.14,3.43,0.71,0.71,0.0,1.14,2.29,0.0,0.14,0.14,0.0,1.0,0.0,0.29,0.29,0.29,0.0,0.0,1.0,1.0,0.0,1610612757,Trail Blazers,2,5,7,1.0,0.4048991354466859,0.9481268011527377,0.4610951008645533,0.7319884726224783,0.6455331412103746,3.1916426512968297
122,1628378,Donovan Mitchell,1610612739,CLE,28.0,8,29.8,2.13,0.88,1.25,2.0,0.0,0.0,0.0,0.63,0.38,1.0,0.625,0.375,0.0,0.13,0.13,0.13,0.0,0.0,1.0,1.0,0.0,1610612739,Cavaliers,8,0,8,1.0,0.4048991354466859,0.11239193083573487,0.6051873198847262,0.3285302593659942,0.7190201729106628,2.1700288184438037
123,1628978,Donte DiVincenzo,1610612750,MIN,27.0,6,26.8,3.33,1.83,1.5,1.83,0.0,0.33,1.0,0.17,0.0,0.17,1.0,0.0,0.0,0.17,0.17,0.17,0.17,0.0,1.0,1.0,1.0,1610612750,Timberwolves,3,3,6,1.0,0.4048991354466859,0.43515850144092216,0.6253602305475504,0.3976945244956772,0.18011527377521613,2.0432276657060515
124,1627827,Dorian Finney-Smith,1610612751,BKN,31.0,8,28.7,5.88,4.88,1.0,2.25,0.13,1.88,4.38,0.13,0.25,0.38,0.333,0.667,0.0,0.63,0.63,0.63,0.13,0.0,1.0,1.0,0.2,1610612751,Nets,3,4,7,1.1428571428571428,0.8357348703170029,0.7723342939481268,0.7204610951008645,0.7204610951008645,0.5706051873198847,3.619596541786743
125,203926,Doug McDermott,1610612758,SAC,32.0,4,6.7,1.0,0.75,0.25,0.0,0.0,0.0,0.0,0.0,0.0,0.0,0.0,0.0,0.0,0.0,0.0,0.0,0.0,0.0,0.0,0.0,0.0,1610612758,Kings,3,3,6,0.6666666666666666,0.4048991354466859,0.5605187319884726,0.023054755043227664,0.1585014409221902,0.18011527377521613,1.3270893371757924
126,203110,Draymond Green,1610612744,GSW,34.0,7,27.2,8.29,5.57,2.71,1.71,0.57,1.0,3.0,0.0,0.43,0.43,0.0,1.0,0.14,1.43,1.57,1.57,0.71,0.091,0.909,1.0,0.455,1610612744,Warriors,6,1,7,1.0,0.9884726224783862,0.9279538904899135,0.547550432276657,0.9423631123919308,0.8069164265129684,4.213256484149856
127,1629234,Drew Eubanks,1610612762,UTA,27.0,4,12.5,4.25,3.5,0.75,1.75,0.0,0.75,2.0,0.25,0.0,0.25,1.0,0.0,0.0,0.75,0.75,0.75,0.25,0.0,1.0,1.0,0.333,1610612762,Jazz,0,6,6,0.6666666666666666,0.4048991354466859,0.9567723342939481,0.9654178674351584,0.962536023054755,0.18011527377521613,3.4697406340057637
129,1630696,Dru Smith,1610612748,MIA,26.0,4,7.0,2.0,1.25,0.75,0.25,0.0,0.5,1.5,0.0,0.25,0.25,0.0,1.0,0.0,0.25,0.25,0.25,0.25,0.0,1.0,1.0,1.0,1610612748,Heat,3,2,5,0.8,0.4048991354466859,0.9135446685878963,0.21613832853025935,0.8357348703170029,0.9798270893371758,3.35014409221902
130,1629130,Duncan Robinson,1610612748,MIA,30.0,4,16.3,1.75,0.75,1.0,0.5,0.25,1.25,2.5,0.0,0.0,0.0,0.0,0.0,0.0,0.0,0.0,0.0,0.0,0.0,0.0,0.0,0.0,1610612748,Heat,3,2,5,0.8,0.9538904899135446,0.3515850144092219,0.16714697406340057,0.1585014409221902,0.18011527377521613,1.8112391930835736
131,1641871,Duop Reath,1610612757,POR,28.0,4,3.6,0.75,0.5,0.25,0.25,0.0,0.5,1.25,0.0,0.0,0.0,0.0,0.0,0.0,0.0,0.0,0.0,0.0,0.0,0.0,0.0,0.0,1610612757,Trail Blazers,2,5,7,0.5714285714285714,0.4048991354466859,0.7809798270893372,0.6340057636887608,0.1585014409221902,0.18011527377521613,2.15850144092219
132,203939,Dwight Powell,1610612742,DAL,33.0,5,3.6,1.8,1.6,0.2,0.4,0.0,0.2,0.4,0.0,0.0,0.0,0.0,0.0,0.0,0.6,0.6,0.6,0.0,0.0,1.0,1.0,0.0,1610612742,Mavericks,4,2,6,0.8333333333333334,0.4048991354466859,1.0,0.8818443804034583,0.9971181556195965,0.18011527377521613,3.4639769452449563
133,1630700,Dyson Daniels,1610612737,ATL,21.0,6,29.7,4.67,3.5,1.17,6.17,0.0,0.33,0.83,0.17,0.5,0.67,0.25,0.75,0.17,0.0,0.33,0.0,0.0,0.5,0.0,0.0,0.0,1610612737,Hawks,3,5,8,0.75,0.4048991354466859,0.6138328530259366,1.0,0.1585014409221902,0.8213256484149856,2.9985590778097984
135,201569,Eric Gordon,1610612755,PHI,35.0,5,22.6,1.6,0.6,1.0,1.2,0.0,0.6,1.2,0.0,0.0,0.0,0.0,0.0,0.0,0.0,0.0,0.0,0.0,0.0,0.0,0.0,0.0,1610612755,76ers,1,4,5,1.0,0.4048991354466859,0.10662824207492795,0.41786743515850144,0.1585014409221902,0.18011527377521613,1.2680115273775217
136,1630596,Evan Mobley,1610612739,CLE,23.0,8,29.8,9.38,6.5,2.88,0.88,0.0,2.5,6.0,0.88,0.38,1.25,0.7,0.3,0.0,1.0,1.0,1.0,0.75,0.0,1.0,1.0,0.75,1610612739,Cavaliers,8,0,8,1.0,0.4048991354466859,0.9423631123919308,0.16138328530259366,0.8270893371757925,0.7190201729106628,3.0547550432276656
137,1630532,Franz Wagner,1610612753,ORL,23.0,7,26.4,4.57,2.14,2.43,1.71,0.0,0.57,1.57,0.14,0.14,0.29,0.5,0.5,0.0,0.14,0.14,0.14,0.14,0.0,1.0,1.0,1.0,1610612753,Magic,3,4,7,1.0,0.4048991354466859,0.6801152737752162,0.5821325648414986,0.3746397694524496,0.42939481268011526,2.4711815561959654
138,1627832,Fred VanVleet,1610612745,HOU,30.0,6,37.9,2.5,1.83,0.67,3.17,0.0,0.83,1.67,0.5,0.17,0.67,0.75,0.25,0.0,0.33,0.33,0.33,0.17,0.0,1.0,1.0,0.5,1610612745,Rockets,3,3,6,1.0,0.4048991354466859,0.0893371757925072,0.7463976945244957,0.44668587896253603,0.38328530259365995,2.0706051873198845
139,1629216,Gabe Vincent,1610612747,LAL,28.0,7,17.7,1.57,1.0,0.57,1.14,0.0,0.14,0.43,0.0,0.43,0.43,0.0,1.0,0.0,0.14,0.14,0.14,0.0,0.0,1.0,1.0,0.0,1610612747,Lakers,4,3,7,1.0,0.4048991354466859,0.2276657060518732,0.5763688760806917,0.42939481268011526,0.9221902017291066,2.5605187319884726
141,1629726,Garrison Mathews,1610612737,ATL,28.0,7,23.3,3.71,1.71,2.0,1.0,0.0,0.43,0.86,0.0,0.29,0.29,0.0,1.0,0.14,0.0,0.14,0.14,0.14,1.0,0.0,1.0,1.0,1610612737,Hawks,3,5,8,0.875,0.4048991354466859,0.622478386167147,0.31412103746397696,0.1585014409221902,0.7060518731988472,2.206051873198847
142,203914,Gary Harris,1610612753,ORL,30.0,7,17.4,1.57,0.86,0.71,0.71,0.0,0.43,1.14,0.14,0.14,0.29,0.5,0.5,0.0,0.14,0.14,0.14,0.0,0.0,1.0,1.0,0.0,1610612753,Magic,3,4,7,1.0,0.4048991354466859,0.2334293948126801,0.2824207492795389,0.43515850144092216,0.5446685878962536,1.9005763688760808
143,1627780,Gary Payton II,1610612744,GSW,31.0,7,11.9,0.71,0.29,0.43,2.43,0.0,0.0,0.0,0.14,0.14,0.29,0.5,0.5,0.0,0.14,0.29,0.14,0.0,0.0,0.5,1.0,0.0,1610612744,Warriors,6,1,7,1.0,0.4048991354466859,0.069164265129683,0.9971181556195965,0.5389048991354467,0.6772334293948127,2.6873198847262247
144,1629018,Gary Trent Jr.,1610612749,MIL,25.0,7,29.6,2.43,0.71,1.71,2.0,0.0,0.0,0.0,0.0,0.0,0.0,0.0,0.0,0.0,0.0,0.0,0.0,0.0,0.0,0.0,0.0,0.0,1610612749,Bucks,1,6,7,1.0,0.4048991354466859,0.17002881844380405,0.6095100864553314,0.1585014409221902,0.18011527377521613,1.5230547550432276
145,1627777,Georges Niang,1610612739,CLE,31.0,8,19.3,1.75,1.13,0.63,1.0,0.13,0.88,2.13,0.13,0.0,0.13,1.0,0.0,0.13,0.63,0.75,0.75,0.25,0.167,0.833,1.0,0.333,1610612739,Cavaliers,8,0,8,1.0,0.8703170028818443,0.2420749279538905,0.40778097982708933,0.8184438040345822,0.18011527377521613,2.5187319884726223
146,203507,Giannis Antetokounmpo,1610612749,MIL,29.0,6,35.2,7.0,4.5,2.5,1.33,0.0,2.33,5.83,1.0,0.17,1.17,0.857,0.143,0.0,0.17,0.17,0.17,0.17,0.0,1.0,1.0,1.0,1610612749,Bucks,1,6,7,0.8571428571428571,0.4048991354466859,0.7492795389048992,0.2478386167146974,0.34870317002881845,0.39481268011527376,2.145533141210375
148,1641711,Gradey Dick,1610612761,TOR,20.0,7,32.0,2.71,1.0,1.71,1.86,0.0,0.0,0.0,0.14,0.29,0.43,0.333,0.667,0.0,0.14,0.14,0.14,0.0,0.0,1.0,1.0,0.0,1610612761,Raptors,2,5,7,1.0,0.4048991354466859,0.2017291066282421,0.484149855907781,0.3314121037463977,0.5965417867435159,2.0187319884726227
149,1629684,Grant Williams,1610612766,CHA,25.0,6,26.7,5.33,2.67,2.67,0.83,0.17,2.17,5.5,0.33,0.5,0.83,0.4,0.6,0.67,1.17,1.83,1.67,0.67,0.364,0.636,0.909,0.364,1610612766,Hornets,2,4,6,1.0,0.8674351585014409,0.7550432276657061,0.17002881844380405,0.899135446685879,0.8674351585014409,3.559077809798271
150,1628960,Grayson Allen,1610612756,PHX,29.0,4,17.8,2.5,1.25,1.25,1.0,0.0,0.0,0.0,0.5,0.25,0.75,0.667,0.333,0.0,0.0,0.0,0.0,0.0,0.0,0.0,0.0,0.0,1610612756,Suns,5,1,6,0.6666666666666666,0.4048991354466859,0.521613832853026,0.4668587896253602,0.1585014409221902,0.7694524495677233,2.3213256484149856
151,1627824,Guerschon Yabusele,1610612755,PHI,28.0,5,19.5,2.6,2.0,0.6,1.4,0.2,1.4,3.8,0.6,0.6,1.2,0.5,0.5,0.2,0.4,0.6,0.6,0.2,0.333,0.667,1.0,0.333,1610612755,76ers,1,4,5,1.0,0.9279538904899135,0.4827089337175792,0.6657060518731989,0.6887608069164265,0.962536023054755,3.727665706051873
152,1630611,Gui Santos,1610612744,GSW,22.0,4,3.8,1.0,0.5,0.5,0.0,0.0,0.25,0.75,0.25,0.0,0.25,1.0,0.0,0.0,0.0,0.0,0.0,0.0,0.0,0.0,0.0,0.0,1610612744,Warriors,6,1,7,0.5714285714285714,0.4048991354466859,0.8847262247838616,0.023054755043227664,0.1585014409221902,0.18011527377521613,1.6512968299711814
153,203084,Harrison Barnes,1610612759,SAS,32.0,6,29.6,2.17,1.17,1.0,0.5,0.0,0.0,0.0,0.17,0.33,0.5,0.333,0.667,0.17,0.33,0.5,0.5,0.33,0.333,0.667,1.0,0.667,1610612759,Spurs,3,3,6,1.0,0.4048991354466859,0.1239193083573487,0.07780979827089338,0.5244956772334294,0.654178674351585,1.7853025936599423
154,1629312,Haywood Highsmith,1610612748,MIA,27.0,3,17.8,1.67,1.33,0.33,0.67,0.0,0.0,0.0,0.0,0.67,0.67,0.0,1.0,0.0,0.67,0.67,0.67,0.0,0.0,1.0,1.0,0.0,1610612748,Heat,3,2,5,0.6,0.4048991354466859,0.2622478386167147,0.2420749279538905,0.8501440922190202,0.9855907780979827,2.744956772334294
155,1630529,Herbert Jones,1610612740,NOP,26.0,4,28.3,4.25,2.5,1.75,3.0,0.25,0.5,1.0,0.0,0.5,0.5,0.0,1.0,0.0,0.25,0.25,0.25,0.0,0.0,1.0,1.0,0.0,1610612740,Pelicans,3,4,7,0.5714285714285714,0.899135446685879,0.5706051873198847,0.8645533141210374,0.45244956772334294,0.8386167146974063,3.6253602305475505
156,1641816,Hunter Tyson,1610612743,DEN,24.0,3,10.8,2.33,1.33,1.0,0.67,0.0,0.0,0.0,0.0,0.67,0.67,0.0,1.0,0.0,0.0,0.0,0.0,0.0,0.0,0.0,0.0,0.0,1610612743,Nuggets,3,3,6,0.5,0.4048991354466859,0.8011527377521613,0.5331412103746398,0.1585014409221902,0.9971181556195965,2.8948126801152734
159,1630171,Isaac Okoro,1610612739,CLE,23.0,8,19.9,2.38,1.38,1.0,1.0,0.25,0.38,0.63,0.13,0.25,0.38,0.333,0.667,0.13,0.38,0.5,0.5,0.25,0.25,0.75,1.0,0.5,1610612739,Cavaliers,8,0,8,1.0,0.9394812680115274,0.41786743515850144,0.3919308357348703,0.6685878962536023,0.7089337175792507,3.126801152737752
160,1630543,Isaiah Jackson,1610612754,IND,22.0,5,16.8,5.2,3.8,1.4,1.2,0.0,1.8,4.2,0.2,0.2,0.4,0.5,0.5,0.2,0.4,0.6,0.6,0.4,0.333,0.667,1.0,0.667,1610612754,Pacers,2,4,6,0.8333333333333334,0.4048991354466859,0.9394812680115274,0.6570605187319885,0.7478386167146974,0.6873198847262247,3.4365994236311237
161,1630198,Isaiah Joe,1610612760,OKC,25.0,6,19.3,1.67,1.0,0.67,1.0,0.17,0.0,0.0,0.17,0.67,0.83,0.2,0.8,0.0,0.0,0.0,0.0,0.0,0.0,0.0,0.0,0.0,1610612760,Thunder,6,0,6,1.0,0.8962536023054755,0.21037463976945245,0.40778097982708933,0.1585014409221902,0.9740634005763689,2.6469740634005765
162,1630191,Isaiah Stewart,1610612765,DET,23.0,8,19.5,7.5,5.88,1.63,0.5,0.0,3.88,9.63,0.13,0.25,0.38,0.333,0.667,0.75,0.5,1.25,1.25,1.0,0.6,0.4,1.0,0.8,1610612765,Pistons,3,5,8,1.0,0.4048991354466859,0.9798270893371758,0.12680115273775217,0.7636887608069164,0.7319884726224783,3.0072046109510087
163,1627826,Ivica Zubac,1610612746,LAC,27.0,6,34.3,10.0,6.83,3.17,1.67,0.0,5.33,12.17,0.17,0.0,0.17,1.0,0.0,1.0,1.17,2.17,1.67,1.5,0.462,0.538,0.769,0.692,1610612746,Clippers,2,4,6,1.0,0.4048991354466859,0.9193083573487032,0.37752161383285304,0.8328530259365994,0.18011527377521613,2.7146974063400573
165,1629630,Ja Morant,1610612763,MEM,25.0,7,28.4,1.71,0.71,1.0,1.0,0.29,0.14,0.43,0.71,0.57,1.29,0.556,0.444,0.0,0.14,0.14,0.14,0.0,0.0,1.0,1.0,0.0,1610612763,Grizzlies,4,3,7,1.0,0.9250720461095101,0.07492795389048991,0.21037463976945245,0.3573487031700288,0.8876080691642652,2.4553314121037464
167,1631095,Jabari Smith Jr.,1610612745,HOU,21.0,6,32.6,5.67,3.67,2.0,0.5,0.0,0.33,1.0,0.0,0.5,0.5,0.0,1.0,0.33,1.0,1.33,1.33,0.83,0.25,0.75,1.0,0.625,1610612745,Rockets,3,3,6,1.0,0.4048991354466859,0.6858789625360231,0.06340057636887608,0.8040345821325648,0.7896253602305475,2.7478386167146973
168,1631133,Jabari Walker,1610612757,POR,22.0,6,12.5,1.17,0.17,1.0,0.17,0.0,0.0,0.0,0.33,0.0,0.33,1.0,0.0,0.5,0.0,0.5,0.5,0.17,1.0,0.0,1.0,0.333,1610612757,Trail Blazers,2,5,7,0.8571428571428571,0.4048991354466859,0.25936599423631124,0.06051873198847262,0.1585014409221902,0.18011527377521613,1.063400576368876
169,1631210,Jacob Toppin,1610612752,NYK,24.0,3,3.3,0.33,0.0,0.33,0.33,0.0,0.0,0.0,0.0,0.0,0.0,0.0,0.0,0.0,0.0,0.0,0.0,0.0,0.0,0.0,0.0,0.0,1610612752,Knicks,3,2,5,0.6,0.4048991354466859,0.30547550432276654,0.8414985590778098,0.1585014409221902,0.18011527377521613,1.8904899135446684
170,1630702,Jaden Hardy,1610612742,DAL,22.0,6,10.4,0.83,0.5,0.33,0.5,0.0,0.0,0.0,0.17,0.0,0.17,1.0,0.0,0.0,0.17,0.17,0.17,0.17,0.0,1.0,1.0,1.0,1610612742,Mavericks,4,2,6,1.0,0.4048991354466859,0.1585014409221902,0.37175792507204614,0.6080691642651297,0.18011527377521613,1.723342939481268
171,1631093,Jaden Ivey,1610612765,DET,22.0,8,32.1,2.75,1.75,1.0,1.13,0.0,0.25,0.63,0.63,0.38,1.0,0.625,0.375,0.0,0.13,0.13,0.13,0.0,0.0,1.0,1.0,0.0,1610612765,Pistons,3,5,8,1.0,0.4048991354466859,0.20461095100864554,0.207492795389049,0.3227665706051873,0.6801152737752162,1.819884726224784
172,1630183,Jaden McDaniels,1610612750,MIN,24.0,6,28.0,4.33,2.5,1.83,1.17,0.0,0.17,0.33,0.33,0.17,0.5,0.667,0.333,0.17,0.0,0.17,0.17,0.17,1.0,0.0,1.0,1.0,1610612750,Timberwolves,3,3,6,1.0,0.4048991354466859,0.5936599423631124,0.3025936599423631,0.1585014409221902,0.4697406340057637,1.929394812680115
173,1630531,Jaden Springer,1610612738,BOS,22.0,4,4.1,0.25,0.0,0.25,0.5,0.0,0.0,0.0,0.0,0.0,0.0,0.0,0.0,0.0,0.0,0.0,0.0,0.0,0.0,0.0,0.0,0.0,1610612738,Celtics,7,1,8,0.5,0.4048991354466859,0.08069164265129683,0.9351585014409222,0.1585014409221902,0.18011527377521613,1.759365994236311
175,1631170,Jaime Jaquez Jr.,1610612748,MIA,23.0,5,25.1,2.2,0.8,1.4,2.2,0.0,0.2,0.6,0.4,0.0,0.4,1.0,0.0,0.0,1.0,1.0,1.0,0.2,0.0,1.0,1.0,0.2,1610612748,Heat,3,2,5,1.0,0.4048991354466859,0.2219020172910663,0.792507204610951,0.8674351585014409,0.18011527377521613,2.46685878962536
176,1631222,Jake LaRavia,1610612763,MEM,23.0,8,26.2,2.25,1.13,1.13,3.0,0.0,0.38,0.88,0.38,0.25,0.63,0.6,0.4,0.0,0.25,0.25,0.25,0.0,0.0,1.0,1.0,0.0,1610612763,Grizzlies,4,3,7,1.1428571428571428,0.4048991354466859,0.207492795389049,0.8904899135446686,0.4783861671469741,0.6109510086455331,2.5922190201729105
177,1627751,Jakob Pöltl,1610612761,TOR,29.0,7,32.5,8.71,7.0,1.71,2.14,0.0,5.57,12.0,0.57,0.14,0.71,0.8,0.2,0.43,1.57,2.14,2.0,1.71,0.2,0.733,1.0,0.857,1610612761,Raptors,2,5,7,1.0,0.4048991354466859,0.8933717579250721,0.5936599423631124,0.9279538904899135,0.37175792507204614,3.19164265129683
178,1628973,Jalen Brunson,1610612752,NYK,28.0,5,31.8,3.0,1.0,2.0,1.0,0.2,0.0,0.0,0.4,0.0,0.4,1.0,0.0,0.0,0.2,0.2,0.2,0.2,0.0,1.0,1.0,1.0,1610612752,Knicks,3,2,5,1.0,0.861671469740634,0.27089337175792505,0.17579250720461095,0.39481268011527376,0.18011527377521613,1.88328530259366
179,1631105,Jalen Duren,1610612765,DET,20.0,8,25.4,7.25,4.13,3.13,1.0,0.0,3.0,7.0,0.0,0.0,0.0,0.0,0.0,1.0,0.75,1.75,1.75,1.5,0.571,0.429,1.0,0.857,1610612765,Pistons,3,5,8,1.0,0.4048991354466859,0.9106628242074928,0.276657060518732,0.7953890489913544,0.18011527377521613,2.567723342939481
180,1630224,Jalen Green,1610612745,HOU,22.0,6,34.6,4.33,2.5,1.83,1.33,0.0,0.0,0.0,0.17,0.17,0.33,0.5,0.5,0.0,0.33,0.33,0.33,0.17,0.0,1.0,1.0,0.5,1610612745,Rockets,3,3,6,1.0,0.4048991354466859,0.4438040345821326,0.25936599423631124,0.4755043227665706,0.40634005763688763,1.9899135446685878
181,1630552,Jalen Johnson,1610612737,ATL,22.0,8,36.4,4.63,2.13,2.5,2.0,0.0,0.75,2.0,0.13,0.5,0.63,0.2,0.8,0.0,0.5,0.5,0.5,0.5,0.0,1.0,1.0,1.0,1610612737,Hawks,3,5,8,1.0,0.4048991354466859,0.4553314121037464,0.4510086455331412,0.569164265129683,0.7550432276657061,2.6354466858789625
183,1630188,Jalen Smith,1610612741,CHI,24.0,5,13.7,2.8,2.2,0.6,0.6,0.2,1.2,2.6,0.2,0.0,0.2,1.0,0.0,0.6,0.4,1.0,1.0,0.6,0.6,0.4,1.0,0.6,1610612741,Bulls,3,3,6,0.8333333333333334,0.9481268011527377,0.7694524495677233,0.3285302593659942,0.792507204610951,0.18011527377521613,3.0187319884726223
184,1630591,Jalen Suggs,1610612753,ORL,23.0,7,28.6,3.14,1.43,1.71,3.0,0.29,0.43,1.14,0.14,0.29,0.43,0.333,0.667,0.0,0.29,0.29,0.29,0.14,0.0,1.0,1.0,0.5,1610612753,Magic,3,4,7,1.0,0.9221902017291066,0.3688760806916426,0.8587896253602305,0.49855907780979825,0.6282420749279539,3.276657060518732
185,1631114,Jalen Williams,1610612760,OKC,23.0,6,30.9,3.33,2.5,0.83,3.17,0.0,0.5,1.5,0.33,0.83,1.17,0.286,0.714,0.0,0.5,0.5,0.5,0.33,0.0,1.0,1.0,0.667,1610612760,Thunder,6,0,6,1.0,0.4048991354466859,0.36023054755043227,0.8501440922190202,0.5994236311239193,0.9423631123919308,3.1570605187319885
186,1630592,Jalen Wilson,1610612751,BKN,24.0,8,22.7,1.63,0.88,0.75,0.38,0.0,0.0,0.0,0.25,0.13,0.38,0.667,0.333,0.13,0.63,0.88,0.75,0.5,0.143,0.714,1.0,0.667,1610612751,Nets,3,4,7,1.1428571428571428,0.4048991354466859,0.11527377521613832,0.07492795389048991,0.7838616714697406,0.44668587896253603,1.825648414985591
187,1631288,Jamal Cain,1610612740,NOP,25.0,4,13.4,2.0,1.0,1.0,0.75,0.0,0.0,0.0,0.0,0.0,0.0,0.0,0.0,0.0,0.25,0.25,0.25,0.0,0.0,1.0,1.0,0.0,1610612740,Pelicans,3,4,7,0.5714285714285714,0.4048991354466859,0.5605187319884726,0.46397694524495675,0.654178674351585,0.18011527377521613,2.2636887608069163
188,1627750,Jamal Murray,1610612743,DEN,27.0,5,34.8,6.4,2.6,3.8,2.2,0.0,0.2,0.6,0.2,0.6,0.8,0.25,0.75,0.0,0.4,0.4,0.4,0.0,0.0,1.0,1.0,0.0,1610612743,Nuggets,3,3,6,0.8333333333333334,0.4048991354466859,0.7118155619596542,0.5561959654178674,0.5302593659942363,0.829971181556196,3.0331412103746396
189,1642347,Jamal Shead,1610612761,TOR,22.0,7,18.5,1.14,0.29,0.86,1.0,0.29,0.0,0.0,0.14,0.0,0.14,1.0,0.0,0.0,0.14,0.14,0.14,0.14,0.0,1.0,1.0,1.0,1610612761,Raptors,2,5,7,1.0,0.9567723342939481,0.08357348703170028,0.4365994236311239,0.414985590778098,0.18011527377521613,2.0720461095100866
190,201935,James Harden,1610612746,LAC,35.0,6,35.5,4.17,1.5,2.67,3.5,0.0,0.0,0.0,0.0,0.67,0.67,0.0,1.0,0.0,0.67,0.67,0.67,0.67,0.0,1.0,1.0,1.0,1610612746,Clippers,2,4,6,1.0,0.4048991354466859,0.40634005763688763,0.8357348703170029,0.659942363112392,0.8703170028818443,3.1772334293948123
193,1642419,Jamison Battle,1610612761,TOR,23.0,6,15.3,1.83,1.67,0.17,0.17,0.0,0.0,0.0,0.17,0.5,0.67,0.25,0.75,0.17,0.17,0.33,0.33,0.33,0.5,0.5,1.0,1.0,1610612761,Raptors,2,5,7,0.8571428571428571,0.4048991354466859,0.4207492795389049,0.04899135446685879,0.521613832853026,0.9711815561959655,2.367435158501441
194,1641716,Jarace Walker,1610612754,IND,21.0,6,9.1,1.0,0.33,0.67,1.67,0.0,0.0,0.0,0.17,0.0,0.17,1.0,0.0,0.0,0.0,0.0,0.0,0.0,0.0,0.0,0.0,0.0,1610612754,Pacers,2,4,6,1.0,0.4048991354466859,0.37175792507204614,0.9913544668587896,0.1585014409221902,0.18011527377521613,2.106628242074928
195,1630215,Jared Butler,1610612764,WAS,24.0,5,8.9,0.8,0.4,0.4,1.0,0.0,0.0,0.0,0.0,0.0,0.0,0.0,0.0,0.0,0.0,0.0,0.0,0.0,0.0,0.0,0.0,0.0,1610612764,Wizards,2,4,6,0.8333333333333334,0.4048991354466859,0.23054755043227665,0.8847262247838616,0.1585014409221902,0.18011527377521613,1.8587896253602305
196,1642272,Jared McCain,1610612755,PHI,20.0,5,12.7,0.2,0.2,0.0,0.2,0.0,0.0,0.0,0.2,0.4,0.6,0.333,0.667,0.0,0.0,0.0,0.0,0.0,0.0,0.0,0.0,0.0,1610612755,76ers,1,4,5,1.0,0.4048991354466859,0.01729106628242075,0.07204610951008646,0.1585014409221902,0.9654178674351584,1.6181556195965419
197,1628991,Jaren Jackson Jr.,1610612763,MEM,25.0,6,27.5,5.5,3.33,2.17,1.33,0.0,0.33,0.67,0.83,0.67,1.5,0.556,0.444,0.0,1.33,1.33,1.33,0.5,0.0,1.0,1.0,0.375,1610612763,Grizzlies,4,3,7,0.8571428571428571,0.4048991354466859,0.7579250720461095,0.3746397694524496,0.930835734870317,0.9250720461095101,3.393371757925072
198,1628386,Jarrett Allen,1610612739,CLE,26.0,8,30.0,8.0,6.75,1.25,1.25,0.0,3.75,8.38,0.13,0.25,0.38,0.333,0.667,0.38,0.5,0.88,0.88,0.63,0.429,0.571,1.0,0.714,1610612739,Cavaliers,8,0,8,1.0,0.4048991354466859,0.8904899135446686,0.29250720461095103,0.6167146974063401,0.5590778097982709,2.7636887608069167
199,1629750,Javonte Green,1610612740,NOP,31.0,7,21.1,1.43,1.14,0.29,2.71,0.0,0.29,0.57,0.14,0.57,0.71,0.2,0.8,0.0,0.43,0.43,0.43,0.14,0.0,1.0,1.0,0.333,1610612740,Pelicans,3,4,7,1.0,0.4048991354466859,0.09510086455331412,0.9510086455331412,0.6829971181556196,0.9452449567723343,3.0792507204610953
200,1629637,Jaxson Hayes,1610612747,LAL,24.0,7,14.7,2.71,1.71,1.0,1.14,0.0,1.57,4.14,0.14,0.29,0.43,0.333,0.667,0.0,0.86,0.86,0.71,0.14,0.0,1.0,0.833,0.167,1610612747,Lakers,4,3,7,1.0,0.4048991354466859,0.7146974063400576,0.7060518731988472,0.9567723342939481,0.8847262247838616,3.6671469740634004
201,1630643,Jay Huff,1610612763,MEM,27.0,8,15.6,6.5,3.88,2.63,0.5,0.0,0.5,1.25,0.0,0.0,0.0,0.0,0.0,0.0,0.63,0.63,0.63,0.5,0.0,1.0,1.0,0.8,1610612763,Grizzlies,4,3,7,1.1428571428571428,0.4048991354466859,0.9942363112391931,0.18155619596541786,0.8703170028818443,0.18011527377521613,2.6311239193083575
202,1627759,Jaylen Brown,1610612738,BOS,28.0,6,36.0,4.5,2.17,2.33,2.17,0.0,0.17,0.5,0.5,0.17,0.67,0.75,0.25,0.33,1.17,1.5,1.33,0.67,0.222,0.778,0.889,0.444,1610612738,Celtics,7,1,8,0.75,0.4048991354466859,0.4409221902017291,0.515850144092219,0.8155619596541787,0.38904899135446686,2.5662824207492796
205,1642377,Jaylen Wells,1610612763,MEM,21.0,8,25.9,2.13,1.0,1.13,0.5,0.13,0.0,0.0,0.0,0.13,0.13,0.0,1.0,0.0,0.0,0.0,0.0,0.0,0.0,0.0,0.0,0.0,1610612763,Grizzlies,4,3,7,1.1428571428571428,0.8443804034582133,0.1729106628242075,0.09221902017291066,0.1585014409221902,0.4207492795389049,1.6887608069164266
206,1642281,Jaylon Tyson,1610612739,CLE,21.0,4,5.3,1.25,1.0,0.25,0.0,0.0,0.25,0.75,0.0,0.0,0.0,0.0,0.0,0.0,0.0,0.0,0.0,0.0,0.0,0.0,0.0,0.0,1610612739,Cavaliers,8,0,8,0.5,0.4048991354466859,0.8328530259365994,0.023054755043227664,0.1585014409221902,0.18011527377521613,1.5994236311239192
207,1628369,Jayson Tatum,1610612738,BOS,26.0,8,34.6,3.38,1.13,2.25,1.5,0.0,0.5,1.25,0.38,0.13,0.5,0.75,0.25,0.0,0.63,0.63,0.63,0.38,0.0,1.0,1.0,0.6,1610612738,Celtics,7,1,8,1.0,0.4048991354466859,0.29394812680115273,0.31988472622478387,0.6484149855907781,0.36023054755043227,2.027377521613833
211,203924,Jerami Grant,1610612757,POR,30.0,7,33.2,4.43,2.71,1.71,0.71,0.14,0.0,0.0,0.29,0.71,1.0,0.286,0.714,0.0,0.0,0.0,0.0,0.0,0.0,0.0,0.0,0.0,1610612757,Trail Blazers,2,5,7,1.0,0.8213256484149856,0.48703170028818443,0.1037463976945245,0.1585014409221902,0.9048991354466859,2.4755043227665703
212,1630526,Jeremiah Robinson-Earl,1610612740,NOP,24.0,7,11.8,2.29,1.43,0.86,0.71,0.0,0.43,1.14,0.14,0.14,0.29,0.5,0.5,0.43,0.43,0.86,0.86,0.57,0.5,0.5,1.0,0.667,1610612740,Pelicans,3,4,7,1.0,0.4048991354466859,0.7348703170028819,0.5100864553314121,0.8443804034582133,0.6829971181556196,3.1772334293948123
213,1631110,Jeremy Sochan,1610612759,SAS,21.0,6,32.2,8.0,4.67,3.33,1.83,0.0,2.67,6.5,0.33,0.5,0.83,0.4,0.6,0.0,1.17,1.17,1.17,0.5,0.0,1.0,1.0,0.429,1610612759,Spurs,3,3,6,1.0,0.4048991354466859,0.8559077809798271,0.4697406340057637,0.8414985590778098,0.7953890489913544,3.367435158501441
214,1630579,Jericho Sims,1610612752,NYK,26.0,5,13.8,3.8,2.2,1.6,0.6,0.0,2.4,5.8,0.0,0.2,0.2,0.0,1.0,0.8,0.6,1.4,1.4,1.2,0.571,0.429,1.0,0.857,1610612752,Knicks,3,2,5,1.0,0.4048991354466859,0.9020172910662824,0.3227665706051873,0.8962536023054755,0.7752161383285303,3.3011527377521612
215,1641724,Jett Howard,1610612753,ORL,21.0,7,11.0,2.0,1.29,0.71,0.29,0.0,0.0,0.0,0.14,0.0,0.14,1.0,0.0,0.0,0.0,0.0,0.0,0.0,0.0,0.0,0.0,0.0,1610612753,Magic,3,4,7,1.0,0.4048991354466859,0.7089337175792507,0.13256484149855907,0.1585014409221902,0.18011527377521613,1.5850144092219018
217,202710,Jimmy Butler,1610612748,MIA,35.0,5,32.9,2.4,0.8,1.6,3.2,0.0,0.8,1.8,1.0,0.4,1.4,0.714,0.286,0.4,0.0,0.4,0.4,0.2,1.0,0.0,1.0,0.5,1610612748,Heat,3,2,5,1.0,0.4048991354466859,0.11815561959654179,0.8270893371757925,0.1585014409221902,0.6974063400576369,2.206051873198847
218,1629111,Jock Landale,1610612745,HOU,29.0,4,9.0,2.25,1.75,0.5,0.25,0.0,1.5,3.75,0.0,0.0,0.0,0.0,0.0,0.0,0.5,0.5,0.5,0.0,0.0,1.0,1.0,0.0,1610612745,Rockets,3,3,6,0.6666666666666666,0.4048991354466859,0.8602305475504323,0.14697406340057637,0.9538904899135446,0.18011527377521613,2.5461095100864553
219,204060,Joe Ingles,1610612750,MIN,37.0,5,5.2,0.0,0.0,0.0,0.6,0.0,0.8,1.8,0.2,0.0,0.2,1.0,0.0,0.0,0.0,0.0,0.0,0.0,0.0,0.0,0.0,0.0,1610612750,Timberwolves,3,3,6,0.8333333333333334,0.4048991354466859,0.008645533141210375,0.8962536023054755,0.1585014409221902,0.18011527377521613,1.6484149855907781
220,1628381,John Collins,1610612762,UTA,27.0,6,22.3,3.67,1.83,1.83,1.0,0.0,1.83,4.17,0.17,0.17,0.33,0.5,0.5,0.17,0.5,0.67,0.67,0.5,0.25,0.75,1.0,0.75,1610612762,Jazz,0,6,6,1.0,0.4048991354466859,0.6455331412103746,0.3400576368876081,0.7262247838616714,0.5302593659942363,2.6469740634005765
222,1631098,Johnny Davis,1610612764,WAS,22.0,5,8.4,1.0,0.6,0.4,0.2,0.0,0.0,0.0,0.2,0.0,0.2,1.0,0.0,0.0,0.0,0.0,0.0,0.0,0.0,0.0,0.0,0.0,1610612764,Wizards,2,4,6,0.8333333333333334,0.4048991354466859,0.41210374639769454,0.11239193083573487,0.1585014409221902,0.18011527377521613,1.2680115273775217
224,1630548,Johnny Juzang,1610612762,UTA,23.0,3,15.8,1.33,1.0,0.33,1.33,0.0,0.0,0.0,0.33,0.0,0.33,1.0,0.0,0.0,0.33,0.33,0.33,0.0,0.0,1.0,1.0,0.0,1610612762,Jazz,0,6,6,0.5,0.4048991354466859,0.19596541786743515,0.7550432276657061,0.7002881844380403,0.18011527377521613,2.2363112391930837
225,202685,Jonas Valančiūnas,1610612764,WAS,32.0,6,21.0,4.83,3.83,1.0,0.33,0.0,3.33,7.67,0.33,0.33,0.67,0.5,0.5,0.67,0.5,1.33,1.17,0.83,0.5,0.375,1.0,0.714,1610612764,Wizards,2,4,6,1.0,0.4048991354466859,0.8184438040345822,0.069164265129683,0.7478386167146974,0.8011527377521613,2.84149855907781
226,1628371,Jonathan Isaac,1610612753,ORL,27.0,4,14.5,5.5,4.25,1.25,1.25,0.0,0.25,0.5,0.0,0.25,0.25,0.0,1.0,0.5,0.0,0.5,0.5,0.5,1.0,0.0,1.0,1.0,1610612753,Magic,3,4,7,0.5714285714285714,0.4048991354466859,0.9740634005763689,0.7694524495677233,0.1585014409221902,0.829971181556196,3.136887608069164
227,1630228,Jonathan Kuminga,1610612744,GSW,22.0,7,23.8,2.71,1.71,1.0,1.43,0.0,0.57,1.71,0.71,0.14,0.86,0.833,0.167,0.14,0.14,0.29,0.29,0.14,0.5,0.5,1.0,0.5,1610612744,Warriors,6,1,7,1.0,0.4048991354466859,0.38904899135446686,0.5043227665706052,0.3919308357348703,0.45677233429394815,2.1469740634005765
228,1642367,Jonathan Mogbo,1610612761,TOR,23.0,7,17.1,3.71,2.14,1.57,2.71,0.0,1.0,1.86,0.29,0.0,0.29,1.0,0.0,0.14,0.57,0.71,0.71,0.71,0.2,0.8,1.0,1.0,1610612761,Raptors,2,5,7,1.0,0.4048991354466859,0.8040345821325648,0.9827089337175793,0.8213256484149856,0.18011527377521613,3.1930835734870318
229,203903,Jordan Clarkson,1610612762,UTA,32.0,5,24.5,1.8,1.0,0.8,0.8,0.0,0.0,0.0,0.6,0.2,0.8,0.75,0.25,0.0,0.0,0.0,0.0,0.0,0.0,0.0,0.0,0.0,1610612762,Jazz,0,6,6,0.8333333333333334,0.4048991354466859,0.12680115273775217,0.19020172910662825,0.1585014409221902,0.5504322766570605,1.4308357348703171
230,1641722,Jordan Hawkins,1610612740,NOP,22.0,7,32.0,3.57,1.43,2.14,1.0,0.14,0.57,1.29,0.0,0.43,0.43,0.0,1.0,0.0,0.29,0.29,0.29,0.14,0.0,1.0,1.0,0.5,1610612740,Pelicans,3,4,7,1.0,0.8242074927953891,0.3861671469740634,0.1729106628242075,0.4668587896253602,0.7435158501440923,2.593659942363112
231,1629162,Jordan McLaughlin,1610612758,SAC,28.0,4,4.3,0.25,0.0,0.25,0.25,0.25,0.0,0.0,0.25,0.0,0.25,1.0,0.0,0.0,0.0,0.0,0.0,0.0,0.0,0.0,0.0,0.0,1610612758,Kings,3,3,6,0.6666666666666666,0.9971181556195965,0.06051873198847262,0.48703170028818443,0.1585014409221902,0.18011527377521613,1.8832853025936598
233,1629673,Jordan Poole,1610612764,WAS,25.0,6,31.0,4.0,1.33,2.67,3.33,0.0,0.17,0.33,0.0,0.0,0.0,0.0,0.0,0.0,0.0,0.17,0.0,0.0,0.0,0.0,0.0,0.0,1610612764,Wizards,2,4,6,1.0,0.4048991354466859,0.46397694524495675,0.8703170028818443,0.1585014409221902,0.18011527377521613,2.077809798270893
234,1641775,Jordan Walsh,1610612738,BOS,20.0,7,10.8,1.14,0.57,0.57,0.14,0.0,0.0,0.0,0.0,0.14,0.14,0.0,1.0,0.0,0.57,0.57,0.43,0.14,0.0,1.0,0.75,0.25,1610612738,Celtics,7,1,8,0.875,0.4048991354466859,0.3256484149855908,0.05475504322766571,0.9452449567723343,0.7377521613832853,2.468299711815562
235,1630631,Jose Alvarado,1610612740,NOP,26.0,7,22.8,1.0,0.43,0.57,2.71,0.0,0.14,0.29,0.71,0.14,0.86,0.833,0.167,0.0,0.43,0.43,0.43,0.14,0.0,1.0,1.0,0.333,1610612740,Pelicans,3,4,7,1.0,0.4048991354466859,0.025936599423631124,0.9221902017291066,0.6570605187319885,0.4755043227665706,2.4855907780979827
236,1630581,Josh Giddey,1610612741,CHI,22.0,6,29.0,4.5,3.0,1.5,1.83,0.0,0.17,0.33,0.5,0.5,1.0,0.5,0.5,0.0,0.17,0.17,0.17,0.0,0.0,1.0,1.0,0.0,1610612741,Bulls,3,3,6,1.0,0.4048991354466859,0.5994236311239193,0.553314121037464,0.38904899135446686,0.829971181556196,2.776657060518732
237,1630182,Josh Green,1610612766,CHA,23.0,4,21.0,2.25,1.75,0.5,1.5,0.0,0.75,1.75,0.0,0.25,0.25,0.0,1.0,0.0,0.0,0.0,0.0,0.0,0.0,0.0,0.0,0.0,1610612766,Hornets,2,4,6,0.6666666666666666,0.4048991354466859,0.34870317002881845,0.6570605187319885,0.1585014409221902,0.6873198847262247,2.2564841498559076
238,1628404,Josh Hart,1610612752,NYK,29.0,5,35.7,3.0,1.0,2.0,2.6,0.0,2.2,5.0,0.8,0.4,1.2,0.667,0.333,0.0,0.2,0.2,0.2,0.2,0.0,1.0,1.0,1.0,1610612752,Knicks,3,2,5,1.0,0.4048991354466859,0.1873198847262248,0.6829971181556196,0.38328530259365995,0.659942363112392,2.3184438040345823
241,201950,Jrue Holiday,1610612738,BOS,34.0,8,29.6,2.5,1.0,1.5,1.38,0.0,1.13,2.75,0.38,0.38,0.75,0.5,0.5,0.0,0.5,0.5,0.5,0.13,0.0,1.0,1.0,0.25,1610612738,Celtics,7,1,8,1.0,0.4048991354466859,0.1988472622478386,0.3573487031700288,0.622478386167147,0.7348703170028819,2.3184438040345823
242,1630577,Julian Champagnie,1610612759,SAS,23.0,6,25.8,4.83,3.0,1.83,2.33,0.0,0.33,1.0,0.83,0.33,1.17,0.714,0.286,0.0,0.33,0.33,0.33,0.0,0.0,1.0,1.0,0.0,1610612759,Spurs,3,3,6,1.0,0.4048991354466859,0.7204610951008645,0.8097982708933718,0.5590778097982709,0.7262247838616714,3.2204610951008648
243,1641763,Julian Phillips,1610612741,CHI,21.0,6,13.8,2.83,1.83,1.0,0.83,0.0,0.33,0.67,0.17,0.0,0.17,1.0,0.0,0.0,0.17,0.17,0.17,0.0,0.0,1.0,1.0,0.0,1610612741,Bulls,3,3,6,1.0,0.4048991354466859,0.7752161383285303,0.5072046109510087,0.553314121037464,0.18011527377521613,2.4207492795389047
244,1631124,Julian Strawther,1610612743,DEN,22.0,6,18.9,3.17,1.17,2.0,1.83,0.0,0.5,1.17,0.0,0.17,0.17,0.0,1.0,0.0,0.17,0.17,0.17,0.0,0.0,1.0,1.0,0.0,1610612743,Nuggets,3,3,6,1.0,0.4048991354466859,0.659942363112392,0.8242074927953891,0.4610951008645533,0.5850144092219021,2.935158501440922
245,203944,Julius Randle,1610612750,MIN,29.0,6,34.4,5.5,3.17,2.33,0.67,0.0,2.17,5.5,0.67,0.17,0.83,0.8,0.2,0.17,0.33,0.5,0.5,0.33,0.333,0.667,1.0,0.667,1610612750,Timberwolves,3,3,6,1.0,0.4048991354466859,0.6282420749279539,0.09510086455331412,0.484149855907781,0.4106628242074928,2.0230547550432276
247,203994,Jusuf Nurkić,1610612756,PHX,30.0,6,22.2,8.0,7.17,0.83,1.0,0.0,4.0,9.83,0.33,0.67,1.0,0.333,0.667,0.5,1.0,1.5,1.5,0.83,0.333,0.667,1.0,0.556,1610612756,Suns,5,1,6,1.0,0.4048991354466859,0.9711815561959655,0.34293948126801155,0.9106628242074928,0.9596541786743515,3.589337175792507
248,1630231,KJ Martin,1610612755,PHI,23.0,5,20.7,3.6,3.0,0.6,0.8,0.0,0.6,1.4,0.2,0.2,0.4,0.5,0.5,0.0,0.8,0.8,0.8,0.0,0.0,1.0,1.0,0.0,1610612755,76ers,1,4,5,1.0,0.4048991354466859,0.6829971181556196,0.26512968299711814,0.8587896253602305,0.6138328530259366,2.825648414985591
249,1630539,Kai Jones,1610612746,LAC,23.0,6,9.6,2.0,1.33,0.67,0.17,0.0,1.67,3.5,0.17,0.0,0.17,1.0,0.0,0.17,0.0,0.17,0.17,0.17,1.0,0.0,1.0,1.0,1610612746,Clippers,2,4,6,1.0,0.4048991354466859,0.7853025936599424,0.08357348703170028,0.1585014409221902,0.18011527377521613,1.6123919308357348
250,1626157,Karl-Anthony Towns,1610612752,NYK,28.0,5,30.9,8.0,5.6,2.4,0.8,0.0,2.8,6.0,0.2,0.0,0.2,1.0,0.0,0.6,1.2,1.8,1.8,1.4,0.333,0.667,1.0,0.778,1610612752,Knicks,3,2,5,1.0,0.4048991354466859,0.8760806916426513,0.12968299711815562,0.861671469740634,0.18011527377521613,2.452449567723343
252,1630811,Keaton Wallace,1610612737,ATL,25.0,6,15.3,2.33,1.33,1.0,1.33,0.0,0.17,0.5,0.0,0.17,0.17,0.0,1.0,0.0,0.0,0.0,0.0,0.0,0.0,0.0,0.0,0.0,1610612737,Hawks,3,5,8,0.75,0.4048991354466859,0.5821325648414986,0.7809798270893372,0.1585014409221902,0.6512968299711815,2.577809798270893
253,1631099,Keegan Murray,1610612758,SAC,24.0,6,37.6,6.33,3.5,2.83,2.0,0.17,1.0,2.17,0.17,0.0,0.17,1.0,0.0,0.17,0.17,0.33,0.33,0.33,0.5,0.5,1.0,1.0,1610612758,Kings,3,3,6,1.0,0.8328530259365994,0.6628242074927954,0.4207492795389049,0.3371757925072046,0.18011527377521613,2.4337175792507204
255,1629640,Keldon Johnson,1610612759,SAS,25.0,6,27.8,4.0,1.33,2.67,1.17,0.0,0.0,0.0,0.67,0.5,1.17,0.571,0.429,0.0,0.0,0.0,0.0,0.0,0.0,0.0,0.0,0.0,1610612759,Spurs,3,3,6,1.0,0.4048991354466859,0.5360230547550432,0.30547550432276654,0.1585014409221902,0.8472622478386167,2.2521613832853022
256,1626162,Kelly Oubre Jr.,1610612755,PHI,28.0,5,33.1,4.2,1.6,2.6,2.8,0.2,0.0,0.0,0.0,0.4,0.4,0.0,1.0,0.0,0.4,0.4,0.4,0.0,0.0,1.0,1.0,0.0,1610612755,76ers,1,4,5,1.0,0.8587896253602305,0.4495677233429395,0.760806916426513,0.5446685878962536,0.6945244956772334,3.30835734870317
257,203484,Kentavious Caldwell-Pope,1610612753,ORL,31.0,7,28.2,2.71,1.86,0.86,1.86,0.0,0.14,0.29,0.14,0.14,0.29,0.5,0.5,0.0,0.14,0.14,0.14,0.14,0.0,1.0,1.0,1.0,1610612753,Magic,3,4,7,1.0,0.4048991354466859,0.28530259365994237,0.5979827089337176,0.3631123919308357,0.4164265129682997,2.0677233429394812
258,1631165,Keon Ellis,1610612758,SAC,24.0,5,17.8,2.2,1.6,0.6,2.2,0.0,0.6,1.4,0.2,0.2,0.4,0.5,0.5,0.0,0.0,0.0,0.0,0.0,0.0,0.0,0.0,0.0,1610612758,Kings,3,3,6,0.8333333333333334,0.4048991354466859,0.4322766570605187,0.9423631123919308,0.1585014409221902,0.6628242074927954,2.600864553314121
259,1630553,Keon Johnson,1610612751,BKN,22.0,7,11.0,2.14,1.57,0.57,1.0,0.0,0.0,0.0,0.0,0.0,0.0,0.0,0.0,0.0,0.0,0.0,0.0,0.0,0.0,0.0,0.0,0.0,1610612751,Nets,3,4,7,1.0,0.4048991354466859,0.7377521613832853,0.8141210374639769,0.1585014409221902,0.18011527377521613,2.295389048991354
261,201142,Kevin Durant,1610612756,PHX,36.0,6,39.4,5.33,2.67,2.67,1.33,0.0,0.33,0.67,0.17,0.0,0.17,1.0,0.0,0.17,0.83,1.0,1.0,0.5,0.167,0.833,1.0,0.5,1610612756,Suns,5,1,6,1.0,0.4048991354466859,0.5014409221902018,0.2017291066282421,0.7089337175792507,0.18011527377521613,1.9971181556195965
262,1628989,Kevin Huerter,1610612758,SAC,26.0,5,26.0,4.6,3.0,1.6,3.2,0.0,0.6,1.2,0.2,0.0,0.2,1.0,0.0,0.0,0.0,0.0,0.0,0.0,0.0,0.0,0.0,0.0,1610612758,Kings,3,3,6,0.8333333333333334,0.4048991354466859,0.7002881844380403,0.9394812680115274,0.1585014409221902,0.18011527377521613,2.38328530259366
263,1629645,Kevin Porter Jr.,1610612746,LAC,24.0,6,16.0,1.67,0.67,1.0,1.33,0.0,0.0,0.0,0.17,0.33,0.5,0.333,0.667,0.17,0.33,0.5,0.5,0.5,0.333,0.667,1.0,1.0,1610612746,Clippers,2,4,6,1.0,0.4048991354466859,0.3170028818443804,0.7406340057636888,0.69164265129683,0.8962536023054755,3.0504322766570606
264,1626172,Kevon Looney,1610612744,GSW,28.0,7,16.4,5.0,4.14,0.86,2.0,0.0,2.29,4.43,0.29,0.43,0.71,0.4,0.6,0.43,0.86,1.43,1.29,0.71,0.3,0.6,1.0,0.556,1610612744,Warriors,6,1,7,1.0,0.4048991354466859,0.930835734870317,0.9351585014409222,0.9394812680115274,0.9365994236311239,4.1469740634005765
265,1641718,Keyonte George,1610612762,UTA,20.0,6,31.7,1.33,0.33,1.0,0.67,0.17,0.17,0.5,0.17,0.17,0.33,0.5,0.5,0.0,0.17,0.17,0.17,0.0,0.0,1.0,1.0,0.0,1610612762,Jazz,0,6,6,1.0,0.8501440922190202,0.020172910662824207,0.10086455331412104,0.37752161383285304,0.4322766570605187,1.7809798270893373
266,202691,Klay Thompson,1610612742,DAL,34.0,6,29.3,2.33,1.0,1.33,1.5,0.0,0.5,1.33,0.0,0.67,0.67,0.0,1.0,0.0,0.33,0.33,0.33,0.17,0.0,1.0,1.0,0.5,1610612742,Mavericks,4,2,6,1.0,0.4048991354466859,0.15561959654178675,0.4034582132564842,0.5273775216138329,0.9135446685878963,2.404899135446686
268,1627739,Kris Dunn,1610612746,LAC,30.0,6,21.5,1.5,0.83,0.67,2.5,0.0,0.33,0.83,0.33,0.5,0.83,0.4,0.6,0.0,0.17,0.17,0.17,0.0,0.0,1.0,1.0,0.0,1610612746,Clippers,2,4,6,1.0,0.4048991354466859,0.10086455331412104,0.9077809798270894,0.4265129682997118,0.9193083573487032,2.7593659942363113
269,1631200,Kris Murray,1610612757,POR,24.0,7,17.1,1.71,1.0,0.71,1.29,0.0,0.0,0.0,0.43,0.0,0.43,1.0,0.0,0.14,0.0,0.14,0.14,0.14,1.0,0.0,1.0,1.0,1610612757,Trail Blazers,2,5,7,1.0,0.4048991354466859,0.3025936599423631,0.6974063400576369,0.1585014409221902,0.18011527377521613,1.743515850144092
270,203937,Kyle Anderson,1610612744,GSW,31.0,7,16.1,1.71,0.71,1.0,2.14,0.0,0.43,1.0,0.0,0.29,0.29,0.0,1.0,0.14,0.14,0.29,0.29,0.14,0.5,0.5,1.0,0.5,1610612744,Warriors,6,1,7,1.0,0.4048991354466859,0.33429394812680113,0.9538904899135446,0.4438040345821326,0.8544668587896254,2.99135446685879
271,1642271,Kyle Filipowski,1610612762,UTA,20.0,5,14.4,1.6,1.4,0.2,0.6,0.0,0.2,0.6,0.4,0.0,0.4,1.0,0.0,0.0,0.2,0.2,0.2,0.2,0.0,1.0,1.0,1.0,1610612762,Jazz,0,6,6,0.8333333333333334,0.4048991354466859,0.3804034582132565,0.29250720461095103,0.5763688760806917,0.18011527377521613,1.8342939481268012
272,1628398,Kyle Kuzma,1610612764,WAS,29.0,3,30.8,3.67,2.33,1.33,0.33,0.0,0.0,0.0,0.33,0.0,0.33,1.0,0.0,0.0,0.33,0.33,0.33,0.33,0.0,1.0,1.0,1.0,1610612764,Wizards,2,4,6,0.5,0.4048991354466859,0.414985590778098,0.04610951008645533,0.5100864553314121,0.18011527377521613,1.5561959654178674
273,200768,Kyle Lowry,1610612755,PHI,38.0,5,22.2,1.8,0.8,1.0,2.0,0.2,0.4,0.8,0.2,0.2,0.4,0.5,0.5,0.0,0.6,0.6,0.6,0.2,0.0,1.0,1.0,0.333,1610612755,76ers,1,4,5,1.0,0.9077809798270894,0.1642651296829971,0.8069164265129684,0.7694524495677233,0.5878962536023055,3.2363112391930837
274,202681,Kyrie Irving,1610612742,DAL,32.0,6,35.4,2.83,1.17,1.67,2.17,0.0,0.67,1.33,0.67,0.17,0.83,0.8,0.2,0.0,0.67,0.67,0.67,0.17,0.0,1.0,1.0,0.25,1610612742,Mavericks,4,2,6,1.0,0.4048991354466859,0.16138328530259366,0.521613832853026,0.6628242074927954,0.3919308357348703,2.142651296829971
275,1642273,Kyshawn George,1610612764,WAS,20.0,6,27.4,4.83,2.0,2.83,2.83,0.0,0.33,0.33,0.33,0.0,0.33,1.0,0.0,0.0,0.33,0.33,0.33,0.17,0.0,1.0,1.0,0.5,1610612764,Wizards,2,4,6,1.0,0.4048991354466859,0.69164265129683,0.8559077809798271,0.5417867435158501,0.18011527377521613,2.6743515850144095
276,1630163,LaMelo Ball,1610612766,CHA,23.0,6,34.0,2.67,1.5,1.17,3.0,0.0,0.17,0.33,0.33,0.67,1.0,0.333,0.667,0.0,0.0,0.0,0.0,0.0,0.0,0.0,0.0,0.0,1610612766,Hornets,2,4,6,1.0,0.4048991354466859,0.1440922190201729,0.7953890489913544,0.1585014409221902,0.8818443804034583,2.3847262247838614
277,1626204,Larry Nance Jr.,1610612737,ATL,31.0,4,15.6,2.0,0.75,1.25,1.0,0.25,1.0,2.5,0.0,0.0,0.0,0.0,0.0,0.25,0.25,0.5,0.5,0.25,0.5,0.5,1.0,0.5,1610612737,Hawks,3,5,8,0.5,0.962536023054755,0.4610951008645533,0.5734870317002881,0.5965417867435159,0.18011527377521613,2.7737752161383287
278,1628374,Lauri Markkanen,1610612762,UTA,27.0,4,28.4,3.0,2.0,1.0,0.75,0.0,0.25,0.75,0.5,0.25,0.75,0.667,0.333,0.0,0.5,0.5,0.5,0.5,0.0,1.0,1.0,1.0,1610612762,Jazz,0,6,6,0.6666666666666666,0.4048991354466859,0.3285302593659942,0.13544668587896252,0.6311239193083573,0.579250720461095,2.0792507204610953
279,2544,LeBron James,1610612747,LAL,39.0,7,34.9,2.86,1.14,1.71,1.14,0.29,0.43,0.86,0.14,0.14,0.29,0.5,0.5,0.14,0.57,0.71,0.71,0.57,0.2,0.8,1.0,0.8,1610612747,Lakers,4,3,7,1.0,0.8933717579250721,0.16714697406340057,0.1930835734870317,0.6051873198847262,0.3659942363112392,2.2247838616714697
282,1630322,Lindy Waters III,1610612744,GSW,27.0,7,14.9,1.14,0.71,0.43,1.29,0.29,0.0,0.0,0.43,0.0,0.43,1.0,0.0,0.0,0.0,0.0,0.0,0.0,0.0,0.0,0.0,0.0,1610612744,Warriors,6,1,7,1.0,0.9798270893371758,0.13544668587896252,0.7780979827089337,0.1585014409221902,0.18011527377521613,2.2319884726224783
283,1628366,Lonzo Ball,1610612741,CHI,27.0,3,15.7,2.0,1.33,0.67,0.67,0.0,0.0,0.0,0.0,0.0,0.0,0.0,0.0,0.0,0.33,0.33,0.33,0.33,0.0,1.0,1.0,1.0,1610612741,Bulls,3,3,6,0.5,0.4048991354466859,0.45821325648414984,0.3112391930835735,0.7046109510086456,0.18011527377521613,2.059077809798271
284,1629652,Luguentz Dort,1610612760,OKC,25.0,6,27.1,2.67,1.0,1.67,3.17,0.0,1.0,2.5,0.17,0.17,0.33,0.5,0.5,0.0,0.33,0.33,0.33,0.0,0.0,1.0,1.0,0.0,1610612760,Thunder,6,0,6,1.0,0.4048991354466859,0.29971181556195964,0.9106628242074928,0.547550432276657,0.484149855907781,2.6469740634005765
285,1629029,Luka Dončić,1610612742,DAL,25.0,6,36.4,3.5,2.17,1.33,2.83,0.33,0.33,0.67,0.17,0.67,0.83,0.2,0.8,0.0,0.5,0.5,0.5,0.17,0.0,1.0,1.0,0.333,1610612742,Mavericks,4,2,6,1.0,0.9135446685878963,0.2881844380403458,0.7089337175792507,0.569164265129683,0.8645533141210374,3.344380403458213
287,1628436,Luke Kornet,1610612738,BOS,29.0,8,18.6,5.75,4.5,1.25,1.0,0.0,1.88,5.25,0.25,0.13,0.38,0.667,0.333,0.63,1.0,1.63,1.63,0.75,0.385,0.615,1.0,0.462,1610612738,Celtics,7,1,8,1.0,0.4048991354466859,0.9365994236311239,0.42795389048991356,0.9481268011527377,0.5043227665706052,3.2219020172910664
290,1631103,Malaki Branham,1610612759,SAS,21.0,6,14.5,2.0,1.5,0.5,0.67,0.0,0.17,0.5,0.0,0.0,0.0,0.0,0.0,0.0,0.33,0.33,0.17,0.0,0.0,1.0,0.5,0.0,1610612759,Spurs,3,3,6,1.0,0.4048991354466859,0.5144092219020173,0.3515850144092219,0.7377521613832853,0.18011527377521613,2.1887608069164264
292,1627736,Malik Beasley,1610612765,DET,27.0,8,25.6,2.75,1.13,1.63,1.38,0.0,0.25,0.5,0.13,0.25,0.38,0.333,0.667,0.0,0.13,0.13,0.13,0.13,0.0,1.0,1.0,1.0,1610612765,Pistons,3,5,8,1.0,0.4048991354466859,0.35446685878962536,0.4322766570605187,0.3703170028818444,0.622478386167147,2.184438040345821
293,1628370,Malik Monk,1610612758,SAC,26.0,6,27.7,2.33,1.0,1.33,1.17,0.0,0.67,1.33,0.0,0.17,0.17,0.0,1.0,0.0,0.5,0.5,0.5,0.33,0.0,1.0,1.0,0.667,1610612758,Kings,3,3,6,1.0,0.4048991354466859,0.19020172910662825,0.30835734870317005,0.6426512968299711,0.47262247838616717,2.0187319884726223
294,1630699,MarJon Beauchamp,1610612749,MIL,24.0,5,2.7,0.0,0.0,0.0,0.4,0.0,0.0,0.0,0.2,0.0,0.2,1.0,0.0,0.0,0.0,0.0,0.0,0.0,0.0,0.0,0.0,0.0,1610612749,Bucks,1,6,7,0.7142857142857143,0.4048991354466859,0.008645533141210375,0.9740634005763689,0.1585014409221902,0.18011527377521613,1.7262247838616713
295,1631204,Marcus Sasser,1610612765,DET,24.0,4,6.4,1.0,0.5,0.5,0.25,0.0,0.5,1.0,0.0,0.25,0.25,0.0,1.0,0.0,0.0,0.0,0.0,0.0,0.0,0.0,0.0,0.0,1610612765,Pistons,3,5,8,0.5,0.4048991354466859,0.6051873198847262,0.26945244956772335,0.1585014409221902,0.9884726224783862,2.4265129682997113
296,203935,Marcus Smart,1610612763,MEM,30.0,5,19.8,2.6,1.2,1.4,3.2,0.0,0.0,0.0,0.6,0.4,1.0,0.6,0.4,0.0,0.2,0.4,0.2,0.2,0.0,0.5,1.0,1.0,1610612763,Grizzlies,4,3,7,0.7142857142857143,0.4048991354466859,0.4755043227665706,0.9855907780979827,0.4956772334293948,0.8904899135446686,3.2521613832853022
297,1628963,Marvin Bagley III,1610612764,WAS,25.0,5,6.5,2.0,1.4,0.6,0.4,0.2,0.8,1.6,0.6,0.0,0.6,1.0,0.0,0.0,0.2,0.2,0.2,0.0,0.0,1.0,1.0,0.0,1610612764,Wizards,2,4,6,0.8333333333333334,0.9913544668587896,0.9337175792507204,0.5273775216138329,0.8069164265129684,0.18011527377521613,3.4394812680115274
298,203486,Mason Plumlee,1610612756,PHX,34.0,6,17.2,3.33,3.33,0.0,1.5,0.0,1.5,3.67,0.17,0.0,0.17,1.0,0.0,0.67,0.83,1.5,1.5,0.83,0.444,0.556,1.0,0.556,1610612756,Suns,5,1,6,1.0,0.4048991354466859,0.7319884726224783,0.7881844380403458,0.9250720461095101,0.18011527377521613,3.0302593659942363
299,1641824,Matas Buzelis,1610612741,CHI,20.0,5,5.6,0.4,0.0,0.4,0.4,0.0,0.0,0.0,0.0,0.0,0.0,0.0,0.0,0.0,0.0,0.0,0.0,0.0,0.0,0.0,0.0,0.0,1610612741,Bulls,3,3,6,0.8333333333333334,0.4048991354466859,0.10951008645533142,0.6628242074927954,0.1585014409221902,0.18011527377521613,1.515850144092219
300,1631108,Max Christie,1610612747,LAL,21.0,7,15.5,3.71,1.86,1.86,0.57,0.0,0.0,0.0,0.0,0.14,0.14,0.0,1.0,0.0,0.14,0.14,0.14,0.0,0.0,1.0,1.0,0.0,1610612747,Lakers,4,3,7,1.0,0.4048991354466859,0.8414985590778098,0.2334293948126801,0.46397694524495675,0.590778097982709,2.534582132564841
302,1629008,Michael Porter Jr.,1610612743,DEN,26.0,6,36.4,2.83,2.0,0.83,2.0,0.0,0.17,0.5,0.0,0.0,0.0,0.0,0.0,0.0,0.0,0.0,0.0,0.0,0.0,0.0,0.0,0.0,1610612743,Nuggets,3,3,6,1.0,0.4048991354466859,0.138328530259366,0.4510086455331412,0.1585014409221902,0.18011527377521613,1.3328530259365992
303,1628969,Mikal Bridges,1610612752,NYK,28.0,5,36.6,4.4,1.8,2.6,1.6,0.0,0.6,1.6,0.0,0.2,0.2,0.0,1.0,0.0,0.6,0.6,0.6,0.2,0.0,1.0,1.0,0.333,1610612752,Knicks,3,2,5,1.0,0.4048991354466859,0.42363112391930835,0.3256484149855908,0.6138328530259366,0.43804034582132567,2.2060518731988474
304,201144,Mike Conley,1610612750,MIN,37.0,6,23.7,2.17,1.0,1.17,1.67,0.0,0.0,0.0,0.17,0.0,0.17,1.0,0.0,0.0,0.0,0.0,0.0,0.0,0.0,0.0,0.0,0.0,1610612750,Timberwolves,3,3,6,1.0,0.4048991354466859,0.2507204610951009,0.6455331412103746,0.1585014409221902,0.18011527377521613,1.6397694524495678
305,1628970,Miles Bridges,1610612766,CHA,26.0,6,30.7,4.67,2.5,2.17,1.17,0.0,1.33,2.83,0.17,0.33,0.5,0.333,0.667,0.0,1.17,1.17,1.17,0.5,0.0,1.0,1.0,0.429,1610612766,Hornets,2,4,6,1.0,0.4048991354466859,0.579250720461095,0.2507204610951009,0.8530259365994236,0.6397694524495677,2.7276657060518734
306,1630540,Miles McBride,1610612752,NYK,24.0,5,25.8,3.0,1.4,1.6,2.4,0.2,0.2,0.4,0.0,0.4,0.4,0.0,1.0,0.0,0.2,0.2,0.2,0.0,0.0,1.0,1.0,0.0,1610612752,Knicks,3,2,5,1.0,0.8818443804034583,0.40057636887608067,0.8184438040345822,0.4207492795389049,0.792507204610951,3.314121037463977
307,1628420,Monté Morris,1610612756,PHX,29.0,6,9.3,1.0,0.17,0.83,0.5,0.0,0.0,0.0,0.0,0.0,0.0,0.0,0.0,0.0,0.17,0.17,0.17,0.0,0.0,1.0,1.0,0.0,1610612756,Suns,5,1,6,1.0,0.4048991354466859,0.3573487031700288,0.42795389048991356,0.6512968299711815,0.18011527377521613,2.021613832853026
308,1629021,Moritz Wagner,1610612753,ORL,27.0,7,17.7,2.57,1.43,1.14,2.71,0.29,1.14,2.57,0.0,0.0,0.0,0.0,0.0,0.0,0.57,0.57,0.57,0.43,0.0,1.0,1.0,0.75,1610612753,Magic,3,4,7,1.0,0.9654178674351584,0.547550432276657,0.9769452449567724,0.8097982708933718,0.18011527377521613,3.4798270893371757
309,1630541,Moses Moody,1610612744,GSW,22.0,7,17.8,1.86,0.86,1.0,1.14,0.14,0.0,0.0,0.14,0.0,0.14,1.0,0.0,0.0,0.14,0.14,0.14,0.14,0.0,1.0,1.0,1.0,1610612744,Warriors,6,1,7,1.0,0.8876080691642652,0.31988472622478387,0.569164265129683,0.42363112391930835,0.18011527377521613,2.3804034582132565
311,1631217,Moussa Diabate,1610612766,CHA,22.0,6,12.1,3.0,1.83,1.17,0.83,0.0,3.0,7.0,0.5,0.33,0.83,0.6,0.4,0.5,0.83,1.33,1.33,0.83,0.375,0.625,1.0,0.625,1610612766,Hornets,2,4,6,1.0,0.4048991354466859,0.8530259365994236,0.6282420749279539,0.968299711815562,0.9510086455331412,3.805475504322767
312,1626167,Myles Turner,1610612754,IND,28.0,5,30.5,7.2,5.8,1.4,1.4,0.0,2.6,6.2,0.0,0.2,0.2,0.0,1.0,0.2,1.8,2.0,2.0,1.6,0.1,0.9,1.0,0.8,1610612754,Pacers,2,4,6,0.8333333333333334,0.4048991354466859,0.8357348703170029,0.34870317002881845,0.9596541786743515,0.4956772334293948,3.044668587896253
313,1630230,Naji Marshall,1610612742,DAL,26.0,6,18.5,1.67,0.83,0.83,1.0,0.0,0.5,1.17,0.0,0.17,0.17,0.0,1.0,0.0,0.33,0.33,0.33,0.17,0.0,1.0,1.0,0.5,1610612742,Mavericks,4,2,6,1.0,0.4048991354466859,0.23631123919308358,0.4365994236311239,0.6368876080691642,0.5994236311239193,2.314121037463977
315,1629675,Naz Reid,1610612750,MIN,25.0,6,24.9,5.5,3.17,2.33,1.5,0.0,0.67,1.83,0.0,0.0,0.0,0.0,0.0,0.0,0.83,0.83,0.83,0.5,0.0,1.0,1.0,0.6,1610612750,Timberwolves,3,3,6,1.0,0.4048991354466859,0.8126801152737753,0.5129682997118156,0.8242074927953891,0.18011527377521613,2.734870317002882
316,1629674,Neemias Queta,1610612738,BOS,25.0,7,13.8,4.0,2.71,1.29,0.57,0.0,1.14,2.71,0.14,0.0,0.14,1.0,0.0,0.57,1.14,1.71,1.43,0.71,0.333,0.667,0.909,0.455,1610612738,Celtics,7,1,8,0.875,0.4048991354466859,0.9164265129682997,0.2881844380403458,0.9827089337175793,0.18011527377521613,2.7723342939481266
317,1629651,Nic Claxton,1610612751,BKN,25.0,7,22.4,5.43,4.14,1.29,1.0,0.0,3.43,7.57,0.14,0.14,0.29,0.5,0.5,0.29,0.57,1.0,0.86,0.71,0.286,0.571,1.0,0.833,1610612751,Nets,3,4,7,1.0,0.4048991354466859,0.8472622478386167,0.33429394812680113,0.760806916426513,0.4812680115273775,2.8285302593659942
318,1630208,Nick Richards,1610612766,CHA,26.0,5,27.4,9.4,9.0,0.4,0.8,0.0,5.8,14.2,0.4,0.2,0.6,0.667,0.333,1.8,0.4,2.2,2.0,1.8,0.818,0.182,0.909,0.818,1610612766,Hornets,2,4,6,0.8333333333333334,0.4048991354466859,0.962536023054755,0.1585014409221902,0.5821325648414986,0.515850144092219,2.6239193083573484
320,1629638,Nickeil Alexander-Walker,1610612750,MIN,26.0,6,22.5,1.67,1.0,0.67,2.67,0.17,0.67,1.83,0.0,0.17,0.17,0.0,1.0,0.0,0.0,0.0,0.0,0.0,0.0,0.0,0.0,0.0,1610612750,Timberwolves,3,3,6,1.0,0.8789625360230547,0.12968299711815562,0.9193083573487032,0.1585014409221902,0.5244956772334294,2.6109510086455328
321,201587,Nicolas Batum,1610612746,LAC,35.0,6,19.1,3.67,2.33,1.33,1.33,0.17,0.33,0.67,0.17,0.33,0.5,0.333,0.667,0.0,0.33,0.33,0.33,0.17,0.0,1.0,1.0,0.5,1610612746,Clippers,2,4,6,1.0,0.9048991354466859,0.7262247838616714,0.6368876080691642,0.6282420749279539,0.8357348703170029,3.7319884726224783
322,203999,Nikola Jokić,1610612743,DEN,29.0,6,37.6,5.17,3.33,1.83,4.0,0.0,2.83,6.5,0.17,0.33,0.5,0.333,0.667,0.33,0.5,0.83,0.83,0.83,0.4,0.6,1.0,1.0,1610612743,Nuggets,3,3,6,1.0,0.4048991354466859,0.5100864553314121,0.8674351585014409,0.5619596541786743,0.5734870317002881,2.9178674351585014
323,1631107,Nikola Jović,1610612748,MIA,21.0,5,23.5,3.8,2.8,1.0,1.4,0.0,0.6,1.4,0.2,0.2,0.4,0.5,0.5,0.0,1.0,1.0,0.6,0.4,0.0,1.0,1.0,0.667,1610612748,Heat,3,2,5,1.0,0.4048991354466859,0.6368876080691642,0.49855907780979825,0.8904899135446686,0.5648414985590778,2.9956772334293946
324,202696,Nikola Vučević,1610612741,CHI,34.0,6,33.3,9.5,5.5,4.0,0.83,0.0,3.17,7.0,0.0,0.0,0.0,0.0,0.0,0.83,2.5,3.33,3.17,1.83,0.25,0.75,0.95,0.55,1610612741,Bulls,3,3,6,1.0,0.4048991354466859,0.9077809798270894,0.11815561959654179,0.9798270893371758,0.18011527377521613,2.590778097982709
325,1641730,Noah Clowney,1610612751,BKN,20.0,7,16.1,3.71,2.29,1.43,0.86,0.0,0.14,0.43,0.14,0.29,0.43,0.333,0.667,0.0,0.71,0.71,0.71,0.14,0.0,1.0,1.0,0.2,1610612751,Nets,3,4,7,1.0,0.4048991354466859,0.8213256484149856,0.42363112391930835,0.9020172910662824,0.8544668587896254,3.4063400576368874
326,1626181,Norman Powell,1610612746,LAC,31.0,6,33.1,3.0,1.17,1.83,1.83,0.0,0.17,0.33,0.5,0.0,0.5,1.0,0.0,0.0,0.5,0.5,0.5,0.17,0.0,1.0,1.0,0.333,1610612746,Clippers,2,4,6,1.0,0.4048991354466859,0.23919308357348704,0.4553314121037464,0.5878962536023055,0.18011527377521613,1.8674351585014408
327,1628384,OG Anunoby,1610612752,NYK,27.0,5,34.9,6.2,3.2,3.0,3.4,0.0,0.0,0.0,0.0,0.8,0.8,0.0,1.0,0.0,1.0,1.0,1.0,0.6,0.0,1.0,1.0,0.6,1610612752,Knicks,3,2,5,1.0,0.4048991354466859,0.7031700288184438,0.829971181556196,0.7896253602305475,0.9164265129682997,3.644092219020173
328,1630167,Obi Toppin,1610612754,IND,26.0,6,20.8,4.33,1.5,2.83,0.5,0.0,1.17,2.67,0.33,0.17,0.5,0.667,0.333,0.0,0.33,0.33,0.33,0.17,0.0,1.0,1.0,0.5,1610612754,Pacers,2,4,6,1.0,0.4048991354466859,0.7780979827089337,0.11527377521613832,0.5936599423631124,0.553314121037464,2.4452449567723344
329,1630534,Ochai Agbaji,1610612761,TOR,24.0,7,29.8,5.14,3.14,2.0,1.86,0.0,0.14,0.29,0.43,0.0,0.43,1.0,0.0,0.0,0.14,0.14,0.14,0.0,0.0,1.0,1.0,0.0,1610612761,Raptors,2,5,7,1.0,0.4048991354466859,0.6772334293948127,0.5417867435158501,0.3400576368876081,0.18011527377521613,2.1440922190201728
330,1641765,Olivier-Maxence Prosper,1610612742,DAL,22.0,4,3.2,0.25,0.25,0.0,0.0,0.0,0.0,0.0,0.0,0.0,0.0,0.0,0.0,0.0,0.0,0.0,0.0,0.0,0.0,0.0,0.0,0.0,1610612742,Mavericks,4,2,6,0.6666666666666666,0.4048991354466859,0.14121037463976946,0.023054755043227664,0.1585014409221902,0.18011527377521613,0.9077809798270893
331,1630168,Onyeka Okongwu,1610612737,ATL,23.0,6,24.1,4.0,2.5,1.5,1.67,0.0,2.0,5.17,0.33,0.0,0.33,1.0,0.0,0.5,0.5,1.0,1.0,0.67,0.5,0.5,1.0,0.667,1610612737,Hawks,3,5,8,0.75,0.4048991354466859,0.6512968299711815,0.6311239193083573,0.6945244956772334,0.18011527377521613,2.561959654178674
332,1642345,Oso Ighodaro,1610612756,PHX,22.0,4,7.5,3.0,2.0,1.0,0.0,0.0,0.25,0.5,0.0,0.0,0.0,0.0,0.0,0.0,0.5,0.5,0.5,0.25,0.0,1.0,1.0,0.5,1610612756,Suns,5,1,6,0.6666666666666666,0.4048991354466859,0.9884726224783862,0.023054755043227664,0.9654178674351584,0.18011527377521613,2.561959654178674
333,1631172,Ousmane Dieng,1610612760,OKC,21.0,6,14.7,3.17,2.33,0.83,1.0,0.0,0.67,1.33,0.17,0.0,0.17,1.0,0.0,0.0,0.5,0.5,0.5,0.33,0.0,1.0,1.0,0.667,1610612760,Thunder,6,0,6,1.0,0.4048991354466859,0.7982708933717579,0.6167146974063401,0.829971181556196,0.18011527377521613,2.829971181556196
334,1629023,P.J. Washington,1610612742,DAL,26.0,6,32.1,5.0,3.17,1.83,2.33,0.0,0.67,1.5,0.0,0.67,0.67,0.0,1.0,0.0,0.33,0.33,0.33,0.17,0.0,1.0,1.0,0.5,1610612742,Mavericks,4,2,6,1.0,0.4048991354466859,0.6023054755043228,0.6801152737752162,0.5014409221902018,0.899135446685879,3.087896253602305
336,1642359,Pacôme Dadiet,1610612752,NYK,19.0,3,7.6,0.67,0.0,0.67,0.0,0.0,0.0,0.0,0.0,0.0,0.0,0.0,0.0,0.0,0.33,0.33,0.33,0.0,0.0,1.0,1.0,0.0,1610612752,Knicks,3,2,5,0.6,0.4048991354466859,0.22478386167146974,0.023054755043227664,0.8933717579250721,0.18011527377521613,1.7262247838616713
337,1631094,Paolo Banchero,1610612753,ORL,21.0,5,36.4,7.8,4.8,3.0,1.8,0.0,1.0,2.2,0.4,0.0,0.4,1.0,0.0,0.0,0.4,0.4,0.4,0.2,0.0,1.0,1.0,0.5,1610612753,Magic,3,4,7,0.7142857142857143,0.4048991354466859,0.792507204610951,0.38904899135446686,0.5187319884726225,0.18011527377521613,2.2853025936599423
338,1627783,Pascal Siakam,1610612754,IND,30.0,6,33.1,6.5,4.0,2.5,0.83,0.0,0.83,1.83,0.67,0.83,1.5,0.444,0.556,0.0,1.0,1.0,0.83,0.33,0.0,1.0,0.833,0.333,1610612754,Pacers,2,4,6,1.0,0.4048991354466859,0.7435158501440923,0.12103746397694524,0.7982708933717579,0.9279538904899135,2.9956772334293946
339,1626192,Pat Connaughton,1610612749,MIL,31.0,7,16.9,2.29,0.86,1.43,0.29,0.0,0.0,0.0,0.14,0.14,0.29,0.5,0.5,0.0,0.0,0.0,0.0,0.0,0.0,0.0,0.0,0.0,1610612749,Bucks,1,6,7,1.0,0.4048991354466859,0.5043227665706052,0.08069164265129683,0.1585014409221902,0.5561959654178674,1.7046109510086456
341,1631116,Patrick Baldwin Jr.,1610612764,WAS,21.0,4,4.9,0.25,0.25,0.0,0.25,0.0,0.25,0.5,0.0,0.0,0.0,0.0,0.0,0.0,0.0,0.0,0.0,0.0,0.0,0.0,0.0,0.0,1610612764,Wizards,2,4,6,0.6666666666666666,0.4048991354466859,0.04899135446685879,0.3962536023054755,0.1585014409221902,0.18011527377521613,1.1887608069164264
342,1630172,Patrick Williams,1610612741,CHI,23.0,6,28.2,4.67,3.5,1.17,2.5,0.0,0.5,1.33,0.17,0.17,0.33,0.5,0.5,0.0,1.17,1.33,1.0,0.17,0.0,0.875,0.857,0.143,1610612741,Bulls,3,3,6,1.0,0.4048991354466859,0.6484149855907781,0.7997118155619597,0.8789625360230547,0.4654178674351585,3.1974063400576367
343,201988,Patty Mills,1610612762,UTA,36.0,6,15.7,1.67,1.0,0.67,0.33,0.0,0.17,0.5,0.33,0.17,0.5,0.667,0.333,0.0,0.33,0.33,0.33,0.0,0.0,1.0,1.0,0.0,1610612762,Jazz,0,6,6,1.0,0.4048991354466859,0.3371757925072046,0.09798270893371758,0.7046109510086456,0.6426512968299711,2.1873198847262247
345,1630202,Payton Pritchard,1610612738,BOS,26.0,8,27.6,1.25,0.75,0.5,1.88,0.13,0.63,1.63,0.25,0.25,0.5,0.5,0.5,0.0,0.13,0.13,0.13,0.13,0.0,1.0,1.0,1.0,1610612738,Celtics,7,1,8,1.0,0.8386167146974063,0.0345821325648415,0.6195965417867435,0.34293948126801155,0.5936599423631124,2.4293948126801155
347,1631212,Peyton Watson,1610612743,DEN,22.0,6,15.8,3.83,2.83,1.0,1.17,0.0,0.0,0.0,0.33,0.33,0.67,0.5,0.5,0.0,0.17,0.17,0.17,0.0,0.0,1.0,1.0,0.0,1610612743,Nuggets,3,3,6,1.0,0.4048991354466859,0.8443804034582133,0.6887608069164265,0.5129682997118156,0.9020172910662824,3.353025936599424
348,1629656,Quentin Grimes,1610612742,DAL,24.0,6,12.2,1.83,0.5,1.33,0.67,0.0,0.0,0.0,0.17,0.0,0.17,1.0,0.0,0.0,0.17,0.17,0.17,0.17,0.0,1.0,1.0,1.0,1610612742,Mavericks,4,2,6,1.0,0.4048991354466859,0.5677233429394812,0.44668587896253603,0.579250720461095,0.18011527377521613,2.1786743515850144
350,1629628,RJ Barrett,1610612761,TOR,24.0,4,33.4,5.25,4.25,1.0,1.75,0.0,0.5,1.5,0.0,0.25,0.25,0.0,1.0,0.0,0.75,0.75,0.75,0.0,0.0,1.0,1.0,0.0,1610612761,Raptors,2,5,7,0.5714285714285714,0.4048991354466859,0.6109510086455331,0.41210374639769454,0.729106628242075,0.521613832853026,2.6786743515850144
351,1641712,Rayan Rupert,1610612757,POR,20.0,6,11.6,1.67,0.5,1.17,1.33,0.0,0.0,0.0,0.0,0.0,0.0,0.0,0.0,0.0,0.0,0.0,0.0,0.0,0.0,0.0,0.0,0.0,1610612757,Trail Blazers,2,5,7,0.8571428571428571,0.4048991354466859,0.5389048991354467,0.8933717579250721,0.1585014409221902,0.18011527377521613,2.1757925072046107
353,1642263,Reed Sheppard,1610612745,HOU,20.0,6,8.4,1.33,0.5,0.83,0.83,0.0,0.0,0.0,0.0,0.0,0.0,0.0,0.0,0.0,0.0,0.0,0.0,0.0,0.0,0.0,0.0,0.0,1610612745,Rockets,3,3,6,1.0,0.4048991354466859,0.6195965417867435,0.8386167146974063,0.1585014409221902,0.18011527377521613,2.2017291066282416
356,1641741,Ricky Council IV,1610612755,PHI,23.0,4,6.9,0.75,0.25,0.5,0.5,0.0,0.0,0.0,0.0,0.0,0.0,0.0,0.0,0.0,0.0,0.0,0.0,0.0,0.0,0.0,0.0,0.0,1610612755,76ers,1,4,5,0.8,0.4048991354466859,0.3659942363112392,0.6772334293948127,0.1585014409221902,0.18011527377521613,1.786743515850144
358,1641842,Ronald Holland II,1610612765,DET,19.0,8,14.4,1.25,0.63,0.63,1.13,0.0,0.13,0.38,0.13,0.0,0.13,1.0,0.0,0.0,0.0,0.0,0.0,0.0,0.0,0.0,0.0,0.0,1610612765,Pistons,3,5,8,1.0,0.4048991354466859,0.2132564841498559,0.723342939481268,0.1585014409221902,0.18011527377521613,1.680115273775216
359,1626220,Royce O'Neale,1610612756,PHX,31.0,6,25.8,4.0,2.83,1.17,2.17,0.0,0.83,2.33,0.17,0.67,0.83,0.2,0.8,0.0,0.5,0.5,0.5,0.17,0.0,1.0,1.0,0.333,1610612756,Suns,5,1,6,1.0,0.4048991354466859,0.5965417867435159,0.7521613832853026,0.6714697406340058,0.9337175792507204,3.3587896253602305
360,203497,Rudy Gobert,1610612750,MIN,32.0,6,33.2,11.5,9.33,2.17,1.17,0.0,2.5,6.5,0.17,0.0,0.17,1.0,0.0,0.33,1.5,1.83,1.83,1.0,0.182,0.818,1.0,0.545,1610612750,Timberwolves,3,3,6,1.0,0.4048991354466859,0.9654178674351584,0.2132564841498559,0.9135446685878963,0.18011527377521613,2.677233429394813
361,1629060,Rui Hachimura,1610612747,LAL,26.0,7,34.2,4.57,3.14,1.43,1.29,0.0,0.43,1.0,0.57,0.14,0.71,0.8,0.2,0.14,0.71,0.86,0.86,0.57,0.167,0.833,1.0,0.667,1610612747,Lakers,4,3,7,1.0,0.4048991354466859,0.4899135446685879,0.24495677233429394,0.6974063400576369,0.3688760806916426,2.2060518731988474
362,201566,Russell Westbrook,1610612743,DEN,35.0,6,22.6,3.33,1.67,1.67,3.33,0.17,0.17,0.5,0.17,0.33,0.5,0.333,0.667,0.33,0.0,0.33,0.33,0.17,1.0,0.0,1.0,0.5,1610612743,Nuggets,3,3,6,1.0,0.8760806916426513,0.5504322766570605,0.9711815561959655,0.1585014409221902,0.7780979827089337,3.334293948126801
363,1642346,Ryan Dunn,1610612756,PHX,21.0,6,17.8,5.83,3.0,2.83,0.5,0.0,0.33,1.0,0.17,0.0,0.17,1.0,0.0,0.0,0.17,0.17,0.17,0.0,0.0,1.0,1.0,0.0,1610612756,Suns,5,1,6,1.0,0.4048991354466859,0.9510086455331412,0.14985590778097982,0.4812680115273775,0.18011527377521613,2.167146974063401
364,1631157,Ryan Rollins,1610612749,MIL,22.0,5,3.4,0.2,0.2,0.0,0.2,0.0,0.0,0.0,0.0,0.0,0.0,0.0,0.0,0.0,0.0,0.0,0.0,0.0,0.0,0.0,0.0,0.0,1610612749,Bucks,1,6,7,0.7142857142857143,0.4048991354466859,0.06628242074927954,0.49135446685878964,0.1585014409221902,0.18011527377521613,1.3011527377521612
365,1630573,Sam Hauser,1610612738,BOS,26.0,5,18.9,2.0,1.8,0.2,0.6,0.2,0.2,0.6,1.0,0.2,1.2,0.833,0.167,0.0,0.8,0.8,0.8,0.0,0.0,1.0,1.0,0.0,1610612738,Celtics,7,1,8,0.625,0.930835734870317,0.3314121037463977,0.1786743515850144,0.8876080691642652,0.6340057636887608,2.962536023054755
366,1630241,Sam Merrill,1610612739,CLE,28.0,8,20.5,1.63,1.0,0.63,1.0,0.38,0.25,0.63,0.13,0.0,0.13,1.0,0.0,0.0,0.0,0.0,0.0,0.0,0.0,0.0,0.0,0.0,1610612739,Cavaliers,8,0,8,1.0,0.9740634005763689,0.15273775216138327,0.3818443804034582,0.1585014409221902,0.18011527377521613,1.8472622478386165
367,1630572,Sandro Mamukelashvili,1610612759,SAS,25.0,4,6.5,1.25,1.0,0.25,0.25,0.0,0.5,1.5,0.0,0.0,0.0,0.0,0.0,0.0,0.25,0.25,0.25,0.25,0.0,1.0,1.0,1.0,1610612759,Spurs,3,3,6,0.6666666666666666,0.4048991354466859,0.729106628242075,0.2622478386167147,0.8559077809798271,0.18011527377521613,2.4322766570605188
368,1630583,Santi Aldama,1610612763,MEM,23.0,8,29.7,4.75,2.63,2.13,0.75,0.13,0.25,0.63,0.13,0.38,0.5,0.25,0.75,0.0,0.63,0.63,0.63,0.25,0.0,1.0,1.0,0.4,1610612763,Grizzlies,4,3,7,1.1428571428571428,0.8270893371757925,0.6311239193083573,0.1239193083573487,0.7118155619596542,0.729106628242075,3.0230547550432276
369,1630703,Scoot Henderson,1610612757,POR,20.0,7,25.8,1.29,0.14,1.14,2.71,0.0,0.14,0.29,0.29,0.14,0.43,0.667,0.333,0.0,0.14,0.14,0.14,0.14,0.0,1.0,1.0,1.0,1610612757,Trail Blazers,2,5,7,1.0,0.4048991354466859,0.04610951008645533,0.861671469740634,0.3804034582132565,0.43515850144092216,2.128242074927954
370,1630567,Scottie Barnes,1610612761,TOR,23.0,4,33.6,5.0,3.0,2.0,2.5,0.0,1.0,2.25,0.75,0.25,1.0,0.75,0.25,0.25,0.75,1.0,1.0,0.25,0.25,0.75,1.0,0.25,1610612761,Raptors,2,5,7,0.5714285714285714,0.4048991354466859,0.553314121037464,0.69164265129683,0.723342939481268,0.5187319884726225,2.89193083573487
371,1630590,Scotty Pippen Jr.,1610612763,MEM,23.0,8,25.8,1.38,0.63,0.75,1.75,0.13,0.5,1.38,0.75,0.25,1.0,0.75,0.25,0.0,0.38,0.38,0.38,0.13,0.0,1.0,1.0,0.333,1610612763,Grizzlies,4,3,7,1.1428571428571428,0.8472622478386167,0.05187319884726225,0.6138328530259366,0.5850144092219021,0.6167146974063401,2.714697406340058
372,203552,Seth Curry,1610612766,CHA,34.0,5,25.6,1.8,1.0,0.8,2.0,0.2,1.0,2.6,0.2,0.4,0.6,0.333,0.667,0.0,0.6,0.6,0.6,0.4,0.0,1.0,1.0,0.667,1610612766,Hornets,2,4,6,0.8333333333333334,0.8847262247838616,0.1037463976945245,0.7161383285302594,0.7435158501440923,0.7982708933717579,3.2463976945244957
373,1628983,Shai Gilgeous-Alexander,1610612760,OKC,26.0,6,31.5,4.83,2.83,2.0,2.67,0.0,0.17,0.33,0.83,0.83,1.67,0.5,0.5,0.0,0.83,0.83,0.83,0.33,0.0,1.0,1.0,0.4,1610612760,Thunder,6,0,6,1.0,0.4048991354466859,0.5850144092219021,0.7665706051873199,0.7665706051873199,0.9394812680115274,3.462536023054755
374,1629003,Shake Milton,1610612751,BKN,28.0,7,8.0,0.43,0.29,0.14,0.57,0.0,0.0,0.0,0.0,0.0,0.0,0.0,0.0,0.0,0.0,0.0,0.0,0.0,0.0,0.0,0.0,0.0,1610612751,Nets,3,4,7,1.0,0.4048991354466859,0.05475504322766571,0.6512968299711815,0.1585014409221902,0.18011527377521613,1.4495677233429394
375,1631321,Sidy Cissoko,1610612759,SAS,20.0,3,1.5,0.33,0.33,0.0,0.0,0.0,0.0,0.0,0.0,0.0,0.0,0.0,0.0,0.0,0.33,0.33,0.33,0.33,0.0,1.0,1.0,1.0,1610612759,Spurs,3,3,6,0.5,0.4048991354466859,0.8097982708933718,0.023054755043227664,1.0,0.18011527377521613,2.4178674351585014
376,1631323,Simone Fontecchio,1610612765,DET,28.0,8,18.6,1.75,1.25,0.5,0.5,0.0,0.0,0.0,0.13,0.25,0.38,0.333,0.667,0.25,0.38,0.63,0.5,0.38,0.4,0.6,0.8,0.6,1610612765,Pistons,3,5,8,1.0,0.4048991354466859,0.2680115273775216,0.138328530259366,0.6858789625360231,0.7463976945244957,2.2435158501440924
377,203915,Spencer Dinwiddie,1610612742,DAL,31.0,5,14.5,2.0,1.0,1.0,0.4,0.0,0.4,0.8,0.0,0.0,0.0,0.0,0.0,0.0,0.4,0.4,0.4,0.0,0.0,1.0,1.0,0.0,1610612742,Mavericks,4,2,6,0.8333333333333334,0.4048991354466859,0.5144092219020173,0.1440922190201729,0.7809798270893372,0.18011527377521613,2.0244956772334293
379,201939,Stephen Curry,1610612744,GSW,36.0,4,25.8,2.75,1.25,1.5,2.25,0.25,0.0,0.0,0.0,0.5,0.5,0.0,1.0,0.0,0.25,0.25,0.25,0.25,0.0,1.0,1.0,1.0,1610612744,Warriors,6,1,7,0.5714285714285714,0.9164265129682997,0.34293948126801155,0.7881844380403458,0.48703170028818443,0.8731988472622478,3.4077809798270895
380,1642264,Stephon Castle,1610612759,SAS,20.0,6,19.9,2.83,1.5,1.33,0.83,0.0,0.17,0.33,0.5,0.33,0.83,0.6,0.4,0.0,0.0,0.0,0.0,0.0,0.0,0.0,0.0,0.0,1610612759,Spurs,3,3,6,1.0,0.4048991354466859,0.5273775216138329,0.29971181556195964,0.1585014409221902,0.8155619596541787,2.206051873198847
383,204456,T.J. McConnell,1610612754,IND,32.0,6,17.1,1.0,0.33,0.67,1.33,0.17,0.0,0.0,0.33,0.17,0.5,0.667,0.333,0.0,0.17,0.17,0.17,0.0,0.0,1.0,1.0,0.0,1610612754,Pacers,2,4,6,1.0,0.9193083573487032,0.06340057636887608,0.7118155619596542,0.49279538904899134,0.6253602305475504,2.8126801152737753
385,1629659,Talen Horton-Tucker,1610612741,CHI,23.0,4,5.1,0.25,0.0,0.25,0.25,0.25,0.0,0.0,0.0,0.0,0.0,0.0,0.0,0.0,0.0,0.0,0.0,0.0,0.0,0.0,0.0,0.0,1610612741,Bulls,3,3,6,0.6666666666666666,0.9942363112391931,0.040345821325648415,0.3861671469740634,0.1585014409221902,0.18011527377521613,1.759365994236311
386,1631106,Tari Eason,1610612745,HOU,23.0,6,20.5,3.17,1.33,1.83,3.17,0.0,0.0,0.0,0.17,0.33,0.5,0.333,0.667,0.17,0.5,0.83,0.67,0.5,0.2,0.6,1.0,0.75,1610612745,Rockets,3,3,6,1.0,0.4048991354466859,0.590778097982709,0.9798270893371758,0.7550432276657061,0.8126801152737753,3.543227665706052
387,1627752,Taurean Prince,1610612749,MIL,30.0,7,28.5,2.71,1.14,1.57,2.0,0.0,0.0,0.0,0.0,0.0,0.0,0.0,0.0,0.14,0.14,0.29,0.29,0.29,0.5,0.5,1.0,1.0,1610612749,Bucks,1,6,7,1.0,0.4048991354466859,0.276657060518732,0.6426512968299711,0.35446685878962536,0.18011527377521613,1.8587896253602305
388,1641707,Taylor Hendricks,1610612762,UTA,20.0,3,24.8,3.33,2.0,1.33,2.67,0.0,0.0,0.0,0.0,0.67,0.67,0.0,1.0,0.0,0.0,0.0,0.0,0.0,0.0,0.0,0.0,0.0,1610612762,Jazz,0,6,6,0.5,0.4048991354466859,0.4956772334293948,0.8760806916426513,0.1585014409221902,0.9481268011527377,2.88328530259366
389,1629611,Terance Mann,1610612746,LAC,28.0,6,23.6,1.17,0.67,0.5,1.67,0.0,1.17,2.5,0.33,0.33,0.67,0.5,0.5,0.0,0.17,0.17,0.17,0.17,0.0,1.0,1.0,1.0,1610612746,Clippers,2,4,6,1.0,0.4048991354466859,0.043227665706051875,0.6484149855907781,0.40634005763688763,0.7665706051873199,2.2694524495677233
391,1626179,Terry Rozier,1610612748,MIA,30.0,5,32.6,4.4,1.4,3.0,2.0,0.0,0.4,1.0,0.8,0.4,1.2,0.667,0.333,0.2,0.0,0.2,0.0,0.0,1.0,0.0,0.0,0.0,1610612748,Heat,3,2,5,1.0,0.4048991354466859,0.49855907780979825,0.5244956772334294,0.1585014409221902,0.7031700288184438,2.289625360230547
392,1628418,Thomas Bryant,1610612748,MIA,27.0,5,14.0,3.6,3.0,0.6,0.8,0.0,2.2,5.0,0.0,0.0,0.0,0.0,0.0,0.6,1.8,2.4,2.0,1.0,0.25,0.75,0.833,0.417,1610612748,Heat,3,2,5,1.0,0.4048991354466859,0.8731988472622478,0.4755043227665706,0.9913544668587896,0.18011527377521613,2.92507204610951
393,1642275,Tidjane Salaün,1610612766,CHA,19.0,4,14.9,1.75,0.75,1.0,1.25,0.0,0.25,0.5,0.0,0.25,0.25,0.0,1.0,0.25,0.25,0.5,0.5,0.5,0.5,0.5,1.0,1.0,1610612766,Hornets,2,4,6,0.6666666666666666,0.4048991354466859,0.4034582132564842,0.7492795389048992,0.6195965417867435,0.8184438040345822,2.995677233429395
394,203501,Tim Hardaway Jr.,1610612765,DET,32.0,8,29.0,2.75,1.63,1.13,0.38,0.38,0.75,1.5,0.0,0.13,0.13,0.0,1.0,0.0,0.25,0.25,0.25,0.0,0.0,1.0,1.0,0.0,1610612765,Pistons,3,5,8,1.0,0.9452449567723343,0.2737752161383285,0.05763688760806916,0.4409221902017291,0.3804034582132565,2.0979827089337175
395,202699,Tobias Harris,1610612765,DET,32.0,8,33.0,6.63,3.63,3.0,0.75,0.0,0.5,1.25,0.25,0.5,0.75,0.333,0.667,0.25,0.75,1.0,1.0,0.38,0.25,0.75,1.0,0.375,1610612765,Pistons,3,5,8,1.0,0.4048991354466859,0.760806916426513,0.10951008645533142,0.7348703170028819,0.7867435158501441,2.7968299711815563
397,1641739,Toumani Camara,1610612757,POR,24.0,7,29.7,4.43,1.71,2.71,2.57,0.57,0.86,2.29,0.0,0.29,0.29,0.0,1.0,0.29,0.14,0.43,0.43,0.14,0.667,0.333,1.0,0.333,1610612757,Trail Blazers,2,5,7,1.0,0.9769452449567724,0.5561959654178674,0.7752161383285303,0.345821325648415,0.6195965417867435,3.2737752161383287
398,1629027,Trae Young,1610612737,ATL,26.0,8,36.0,1.75,1.0,0.75,1.38,0.13,0.0,0.0,0.25,0.5,0.75,0.333,0.667,0.0,0.25,0.25,0.25,0.0,0.0,1.0,1.0,0.0,1610612737,Hawks,3,5,8,1.0,0.8097982708933718,0.037463976945244955,0.2564841498559078,0.4034582132564842,0.7636887608069164,2.270893371757925
399,1631218,Trayce Jackson-Davis,1610612744,GSW,24.0,7,18.7,4.86,4.0,0.86,0.29,0.0,3.43,8.43,0.14,0.0,0.14,1.0,0.0,0.14,0.57,0.71,0.71,0.43,0.2,0.8,1.0,0.6,1610612744,Warriors,6,1,7,1.0,0.4048991354466859,0.8789625360230547,0.06628242074927954,0.8011527377521613,0.18011527377521613,2.3314121037463975
401,1630544,Tre Mann,1610612766,CHA,23.0,6,27.6,3.83,2.33,1.5,1.0,0.0,0.17,0.33,0.67,0.17,0.83,0.8,0.2,0.0,0.0,0.0,0.0,0.0,0.0,0.0,0.0,0.0,1610612766,Hornets,2,4,6,1.0,0.4048991354466859,0.5187319884726225,0.2219020172910663,0.1585014409221902,0.4783861671469741,1.782420749279539
405,1626168,Trey Lyles,1610612758,SAC,29.0,6,16.1,3.67,2.67,1.0,1.0,0.33,0.83,2.0,0.17,0.33,0.5,0.333,0.667,0.33,0.67,1.0,1.0,0.67,0.333,0.667,1.0,0.667,1610612758,Kings,3,3,6,1.0,0.9855907780979827,0.8155619596541787,0.5360230547550432,0.8818443804034583,0.8933717579250721,4.112391930835734
406,202684,Tristan Thompson,1610612739,CLE,33.0,4,5.8,0.75,0.0,0.75,0.0,0.0,1.5,3.5,0.0,0.25,0.25,0.0,1.0,0.0,0.0,0.0,0.0,0.0,0.0,0.0,0.0,0.0,1610612739,Cavaliers,8,0,8,0.5,0.4048991354466859,0.46829971181556196,0.023054755043227664,0.1585014409221902,0.9913544668587896,2.0461095100864553
408,1629660,Ty Jerome,1610612739,CLE,27.0,8,15.2,1.75,1.0,0.75,1.88,0.0,0.25,0.63,0.0,0.0,0.0,0.0,0.0,0.0,0.0,0.0,0.0,0.0,0.0,0.0,0.0,0.0,1610612739,Cavaliers,8,0,8,1.0,0.4048991354466859,0.3976945244956772,0.9452449567723343,0.1585014409221902,0.18011527377521613,2.0864553314121035
409,1629639,Tyler Herro,1610612748,MIA,24.0,5,29.9,3.6,2.4,1.2,1.4,0.0,0.0,0.0,0.6,0.0,0.6,1.0,0.0,0.0,0.6,0.6,0.6,0.2,0.0,1.0,1.0,0.333,1610612748,Heat,3,2,5,1.0,0.4048991354466859,0.4265129682997118,0.36023054755043227,0.6801152737752162,0.18011527377521613,2.0518731988472623
410,1642278,Tyler Kolek,1610612752,NYK,23.0,3,4.8,1.0,0.0,1.0,0.67,0.0,0.0,0.0,0.33,0.0,0.33,1.0,0.0,0.0,0.0,0.0,0.0,0.0,0.0,0.0,0.0,0.0,1610612752,Knicks,3,2,5,0.6,0.4048991354466859,0.7853025936599424,0.962536023054755,0.1585014409221902,0.18011527377521613,2.4913544668587893
411,1641890,Tyler Smith,1610612749,MIL,20.0,5,3.0,0.4,0.4,0.0,0.2,0.2,0.0,0.0,0.0,0.0,0.0,0.0,0.0,0.0,0.0,0.0,0.0,0.0,0.0,0.0,0.0,0.0,1610612749,Bucks,1,6,7,0.7142857142857143,1.0,0.4827089337175792,0.6023054755043228,0.1585014409221902,0.18011527377521613,2.423631123919308
412,1630169,Tyrese Haliburton,1610612754,IND,24.0,6,34.4,3.67,1.83,1.83,2.17,0.0,0.5,1.0,0.33,0.17,0.5,0.667,0.333,0.0,0.17,0.17,0.17,0.17,0.0,1.0,1.0,1.0,1610612754,Pacers,2,4,6,1.0,0.4048991354466859,0.345821325648415,0.5504322766570605,0.36023054755043227,0.4106628242074928,2.072046109510086
414,1630178,Tyrese Maxey,1610612755,PHI,24.0,5,41.0,3.0,2.0,1.0,2.0,0.0,0.4,1.0,0.4,0.2,0.6,0.667,0.333,0.0,0.0,0.0,0.0,0.0,0.0,0.0,0.0,0.0,1610612755,76ers,1,4,5,1.0,0.4048991354466859,0.12103746397694524,0.3818443804034582,0.1585014409221902,0.40057636887608067,1.4668587896253602
415,1626145,Tyus Jones,1610612756,PHX,28.0,6,31.8,2.67,1.33,1.33,1.67,0.0,0.17,0.33,0.0,0.5,0.5,0.0,1.0,0.0,0.0,0.0,0.0,0.0,0.0,0.0,0.0,0.0,1610612756,Suns,5,1,6,1.0,0.4048991354466859,0.1844380403458213,0.414985590778098,0.1585014409221902,0.8040345821325648,1.9668587896253604
417,203995,Vasilije Micić,1610612766,CHA,30.0,3,15.0,0.67,0.67,0.0,0.67,0.0,0.0,0.0,0.33,0.0,0.33,1.0,0.0,0.0,0.0,0.0,0.0,0.0,0.0,0.0,0.0,0.0,1610612766,Hornets,2,4,6,0.5,0.4048991354466859,0.02881844380403458,0.3371757925072046,0.1585014409221902,0.18011527377521613,1.1095100864553313
418,1641705,Victor Wembanyama,1610612759,SAS,20.0,6,30.9,8.67,6.33,2.33,3.5,0.17,1.5,3.0,0.17,0.17,0.33,0.5,0.5,0.0,0.67,0.83,0.67,0.33,0.0,0.8,1.0,0.5,1610612759,Spurs,3,3,6,1.0,0.8530259365994236,0.9048991354466859,0.8876080691642652,0.7146974063400576,0.4409221902017291,3.8011527377521612
420,1630249,Vít Krejčí,1610612737,ATL,24.0,4,14.0,3.0,1.5,1.5,1.0,0.0,0.0,0.0,0.0,0.25,0.25,0.0,1.0,0.0,0.0,0.0,0.0,0.0,0.0,0.0,0.0,0.0,1610612737,Hawks,3,5,8,0.5,0.4048991354466859,0.7896253602305475,0.6570605187319885,0.1585014409221902,0.8443804034582133,2.854466858789625
421,1631117,Walker Kessler,1610612762,UTA,23.0,6,27.1,10.5,8.33,2.17,1.67,0.0,3.0,7.17,0.17,0.0,0.17,1.0,0.0,0.67,2.0,2.67,2.67,1.67,0.25,0.75,1.0,0.625,1610612762,Jazz,0,6,6,1.0,0.4048991354466859,0.9827089337175793,0.5302593659942363,0.9769452449567724,0.18011527377521613,3.07492795389049
422,1628976,Wendell Carter Jr.,1610612753,ORL,25.0,6,26.3,4.5,3.67,0.83,1.5,0.33,1.67,4.17,0.17,0.83,1.0,0.167,0.833,0.33,0.5,0.83,0.83,0.67,0.4,0.6,1.0,0.8,1610612753,Magic,3,4,7,0.8571428571428571,0.9365994236311239,0.6685878962536023,0.47262247838616717,0.6657060518731989,0.968299711815562,3.711815561959654
424,1630214,Xavier Tillman,1610612738,BOS,25.0,7,12.3,3.14,1.71,1.43,1.43,0.0,1.0,2.86,0.0,0.14,0.14,0.0,1.0,0.14,0.0,0.14,0.14,0.0,1.0,0.0,1.0,0.0,1610612738,Celtics,7,1,8,0.875,0.4048991354466859,0.8674351585014409,0.9048991354466859,0.1585014409221902,0.6685878962536023,3.0043227665706054
425,1642530,Yuki Kawamura,1610612763,MEM,23.0,5,2.3,0.8,0.2,0.6,0.0,0.0,0.0,0.0,0.0,0.0,0.0,0.0,0.0,0.0,0.0,0.0,0.0,0.0,0.0,0.0,0.0,0.0,1610612763,Grizzlies,4,3,7,0.7142857142857143,0.4048991354466859,0.968299711815562,0.023054755043227664,0.1585014409221902,0.18011527377521613,1.7348703170028816
426,1642274,Yves Missi,1610612740,NOP,20.0,7,21.6,6.86,5.29,1.57,1.0,0.0,1.86,4.86,0.0,0.14,0.14,0.0,1.0,0.0,0.29,0.29,0.29,0.0,0.0,1.0,1.0,0.0,1610612740,Pelicans,3,4,7,1.0,0.4048991354466859,0.9452449567723343,0.35446685878962536,0.5648414985590778,0.49279538904899134,2.7622478386167146
427,1642258,Zaccharie Risacher,1610612737,ATL,19.0,8,25.6,5.5,2.63,2.88,1.0,0.0,0.38,0.88,0.0,0.5,0.5,0.0,1.0,0.0,0.13,0.13,0.13,0.0,0.0,1.0,1.0,0.0,1610612737,Hawks,3,5,8,1.0,0.4048991354466859,0.7953890489913544,0.26945244956772335,0.3703170028818444,0.8760806916426513,2.7161383285302594
428,1628380,Zach Collins,1610612759,SAS,26.0,6,13.4,4.5,3.0,1.5,1.0,0.0,1.5,3.17,0.5,0.17,0.67,0.75,0.25,0.17,0.5,0.67,0.67,0.5,0.25,0.75,1.0,0.75,1610612759,Spurs,3,3,6,1.0,0.4048991354466859,0.9538904899135446,0.6945244956772334,0.8472622478386167,0.7118155619596542,3.6123919308357353
429,1641744,Zach Edey,1610612763,MEM,22.0,8,19.6,5.38,4.13,1.25,0.0,0.0,1.13,2.5,0.25,0.25,0.5,0.5,0.5,0.88,0.88,2.13,1.75,1.13,0.412,0.412,1.0,0.643,1610612763,Grizzlies,4,3,7,1.1428571428571428,0.4048991354466859,0.899135446685879,0.023054755043227664,0.9077809798270894,0.723342939481268,2.95821325648415
430,203897,Zach LaVine,1610612741,CHI,29.0,6,34.7,5.67,1.83,3.83,1.33,0.0,0.17,0.5,0.17,0.17,0.33,0.5,0.5,0.0,0.0,0.0,0.0,0.0,0.0,0.0,0.0,0.0,1610612741,Bulls,3,3,6,1.0,0.4048991354466859,0.6426512968299711,0.25360230547550433,0.1585014409221902,0.4034582132564842,1.8631123919308354
432,1630533,Ziaire Williams,1610612751,BKN,23.0,8,19.5,1.88,0.75,1.13,2.25,0.0,0.25,0.25,0.25,0.0,0.25,1.0,0.0,0.0,0.38,0.5,0.38,0.25,0.0,0.75,1.0,0.667,1610612751,Nets,3,4,7,1.1428571428571428,0.4048991354466859,0.2910662824207493,0.899135446685879,0.6743515850144092,0.18011527377521613,2.4495677233429394
433,1629627,Zion Williamson,1610612740,NOP,24.0,5,31.4,4.2,2.0,2.2,2.4,0.0,0.8,1.6,0.4,0.2,0.6,0.667,0.333,0.2,0.4,0.6,0.6,0.4,0.333,0.667,1.0,0.667,1610612740,Pelicans,3,4,7,0.7142857142857143,0.4048991354466859,0.49279538904899134,0.7002881844380403,0.5561959654178674,0.4899135446685879,2.644092219020173
